Fecha,Calamar,Achi,ElBanco,SaladoBlanco,PuertoBerrio,Barrancabermeja
29/06/1975 00:00,564,545,660,216,359,230
30/06/1975 00:00,562,550,669.16395,250,384,280
01/07/1975 00:00,559,558,677.5137045,230,408,280
02/07/1975 00:00,564,587,695.0258132,171,404,315
03/07/1975 00:00,568,603,694.5798585,172,411,285
04/07/1975 00:00,571,620,704.4931215,164,414,300
05/07/1975 00:00,575,635,714.7811289,194,433,300
06/07/1975 00:00,583,644,739.5986767,168,450,350
07/07/1975 00:00,589,649,747.3292495,207,473,340
08/07/1975 00:00,594,655,760.8147479,190,474,375
09/07/1975 00:00,597,659,755.1754789,185,445,380
10/07/1975 00:00,600,661,750.0143387,180,443,355
11/07/1975 00:00,607,664,754.1554984,148,449,345
12/07/1975 00:00,612,663,748.5167215,141,428,340
13/07/1975 00:00,615,664,737.3945162,135,408,315
14/07/1975 00:00,619,663,737.7988743,160,426,290
15/07/1975 00:00,624,663,784.4486436,150,498,370
16/07/1975 00:00,626,664,805.4517292,160,520,420
17/07/1975 00:00,627,665,792.9911777,147,470,430
18/07/1975 00:00,630,664,774.5449743,235,452,385
19/07/1975 00:00,635,660,765.8856606,171,419,380
20/07/1975 00:00,638,659,745.0447989,148,397,320
21/07/1975 00:00,640,657,739.6313194,127,401,290
22/07/1975 00:00,643,655,740.7261231,113,400,290
23/07/1975 00:00,645,656,725.9960092,105,358,280
24/07/1975 00:00,648,646,709.0032476,103,339,240
25/07/1975 00:00,650,639,699.4732309,105,327,220
26/07/1975 00:00,584.7472139,629,662.1604629,155,324,215
27/07/1975 00:00,655,617,697.1661603,195,341,210
28/07/1975 00:00,573.1517448,609,664.8256007,167,347,235
29/07/1975 00:00,577.8005601,608,662.7090218,141,336,230
30/07/1975 00:00,577.7473523,599,663.3387726,157,357,215
31/07/1975 00:00,561.0615554,582,663.464075,198,360,260
01/08/1975 00:00,652,576,708,205,344,250
02/08/1975 00:00,650,567,710,157,338,230
03/08/1975 00:00,645,562,712,143,373,240
04/08/1975 00:00,645,564,707,134,385,268
05/08/1975 00:00,645,566,709,169,355,280
06/08/1975 00:00,645,567,716,150,322,244
07/08/1975 00:00,643,573,710,143,312,200
08/08/1975 00:00,645,572,702,154,319,185
09/08/1975 00:00,645,558,688,165,317,196
10/08/1975 00:00,643,555,688,232,307,190
11/08/1975 00:00,640,556,678,133,305,185
12/08/1975 00:00,638,549,665,185,305,180
13/08/1975 00:00,637,534,650,188,357,188
14/08/1975 00:00,637,528,642,230,325,288
15/08/1975 00:00,633,553,638,320,353,220
16/08/1975 00:00,630,576,643,244,368,248
17/08/1975 00:00,632,597,658,255,344,254
18/08/1975 00:00,633,603,667,244,376,230
19/08/1975 00:00,636,610,667,170,382,270
20/08/1975 00:00,639,618,664,158,400,285
21/08/1975 00:00,640,634,671,205,410,360
22/08/1975 00:00,640,644,687,210,381,302
23/08/1975 00:00,640,652,701,170,351,240
24/08/1975 00:00,645,659,703,186,354,290
25/08/1975 00:00,648,662,692,195,358,290
26/08/1975 00:00,652,664,688,209,375,294
27/08/1975 00:00,653,667,689,203,393,350
28/08/1975 00:00,654,668,700,205,387,306
29/08/1975 00:00,657,670,704,183,399,310
30/08/1975 00:00,664,670,711,243,431,350
31/08/1975 00:00,668,671,712,230,410,351
01/09/1975 00:00,671,672,722,209,405,351
02/09/1975 00:00,675,674,729,200,407,335
03/09/1975 00:00,679,674,734,153,424,322
04/09/1975 00:00,683,673,739,144,397,338
05/09/1975 00:00,685,672,742,133,394,300
06/09/1975 00:00,688,671,747,126,413,300
07/09/1975 00:00,691,670,747,175,390,350
08/09/1975 00:00,694,671,750,174,397,320
09/09/1975 00:00,696,675,757,178,404,334
10/09/1975 00:00,698,673,761,198,396,320
11/09/1975 00:00,701,670,760,173,382,300
12/09/1975 00:00,704,669,760,146,377,280
13/09/1975 00:00,707,667,758,130,392,280
14/09/1975 00:00,709,662,752,165,371,300
15/09/1975 00:00,713,662,752,266,354,266
16/09/1975 00:00,717,661,752,218,371,255
17/09/1975 00:00,721,660,748,166,368,300
18/09/1975 00:00,724,659,751,143,391,300
19/09/1975 00:00,726,659,755,128,405,318
20/09/1975 00:00,729,658,755,126,426,340
21/09/1975 00:00,733,657,758,137,427,385
22/09/1975 00:00,734,657,767,143,447,355
23/09/1975 00:00,734,658,775,197,450,380
24/09/1975 00:00,736,660,780,162,438,390
25/09/1975 00:00,739,661,786,233,458,365
26/09/1975 00:00,743,661,791,208,426,400
27/09/1975 00:00,746,663,797,163,460,380
28/09/1975 00:00,746,667,799,158,448,400
29/09/1975 00:00,748,667,807,133,441,375
30/09/1975 00:00,751,667,810,134,428,385
01/10/1975 00:00,753,664,810,168,432,364
02/10/1975 00:00,755,662,810,138,419,355
03/10/1975 00:00,756,660,810,156,387,345
04/10/1975 00:00,760,660,819,155,376,305
05/10/1975 00:00,761,660,820,155,387,310
06/10/1975 00:00,765,660,820,137,405,295
07/10/1975 00:00,767,660,817,132,426,365
08/10/1975 00:00,769,661,817,132,435,360
09/10/1975 00:00,773,663,820,139,444,370
10/10/1975 00:00,776,658,821,159,402,370
11/10/1975 00:00,778,661,826,169,402,335
12/10/1975 00:00,780,660,827,148,415,340
13/10/1975 00:00,782,662,828,139,399,330
14/10/1975 00:00,786,664,830,150,440,320
15/10/1975 00:00,790,665,834,169,454,368
16/10/1975 00:00,794,666,836,163,496,405
17/10/1975 00:00,795,668,838,188,492,420
18/10/1975 00:00,797,668,840,189,505,430
19/10/1975 00:00,801,667,840,142,510,430
20/10/1975 00:00,805,666,841,128,498,420
21/10/1975 00:00,807,666,843,127,448,420
22/10/1975 00:00,809,666,847,206,440,375
23/10/1975 00:00,810,666,849,180,429,370
24/10/1975 00:00,811,664,850,169,437,335
25/10/1975 00:00,813,662,850,130,422,350
26/10/1975 00:00,816,661,851,138,421,345
27/10/1975 00:00,821,661,859,225,466,355
28/10/1975 00:00,823,661,860,175,538,410
29/10/1975 00:00,824,663,869,151,526,435
30/10/1975 00:00,826,665,869,133,517,440
31/10/1975 00:00,828,666,871,139,493,445
01/11/1975 00:00,830,667,882,151,493,440
02/11/1975 00:00,831,669,891,150,496,440
03/11/1975 00:00,832,669,895,151,515,440
04/11/1975 00:00,833,670,897,154,515,445
05/11/1975 00:00,836,670,899,136,496,445
06/11/1975 00:00,838,671,900,169,490,435
07/11/1975 00:00,839,671,905,206,485,430
08/11/1975 00:00,840,670,905,181,451,425
09/11/1975 00:00,842,671,911,188,471,390
10/11/1975 00:00,845,672,915,182,481,400
11/11/1975 00:00,847,673,922,252,518,410
12/11/1975 00:00,850,670,924,197,531,420
13/11/1975 00:00,852,668,926,203,548,435
14/11/1975 00:00,855,667,930,177,553,440
15/11/1975 00:00,858,665,930,173,552,440
16/11/1975 00:00,861,665,933.9301563,171,541,448
17/11/1975 00:00,863,540.9432983,906.1952733,158,521,456
18/11/1975 00:00,865,550.2556401,910.76208,199,528,458
19/11/1975 00:00,868,582.5039823,907.810812,195,494,458
20/11/1975 00:00,870,576.7088254,904.7997003,164,486,454
21/11/1975 00:00,872,596.7270228,897.8020855,150,455,445
22/11/1975 00:00,873,622.2916451,892.8138947,220,443,426
23/11/1975 00:00,874,566.5353397,893.7650066,189,483,418
24/11/1975 00:00,875,566.3256162,897.96483,159,481,432
25/11/1975 00:00,875,583.442183,894.8710068,149,460,432
26/11/1975 00:00,879,586.8390086,890.2419199,152,449,418
27/11/1975 00:00,881,600.0624517,882.9249739,170,431,400
28/11/1975 00:00,883,586.5595609,868.2535942,182,424,360
29/11/1975 00:00,885,550.2691339,870.8495365,150,449,360
30/11/1975 00:00,885,605.6378152,877.2596529,145,410,390
01/12/1975 00:00,885,528.5754648,843.8821006,165,404,330
02/12/1975 00:00,885,566.730748,845.1856927,191,380,338
03/12/1975 00:00,885,547.6311299,831.6897519,184,376,305
04/12/1975 00:00,884,491.2348557,831.6285261,147,415,298
05/12/1975 00:00,883,493.869999,861.2076042,136,451,366
06/12/1975 00:00,881,488.6928883,863.5534505,145,462,370
07/12/1975 00:00,880,521.6052246,875.5719282,185,461,398
08/12/1975 00:00,877,532.4794091,872.3239565,171,446,400
09/12/1975 00:00,875,518.2808931,863.8982291,201,455,374
10/12/1975 00:00,874,523.6695013,860.8705309,201,447,370
11/12/1975 00:00,873,499.2238906,856.6070834,187,459,358
12/12/1975 00:00,870,502.5543719,861.2268919,148,455,380
13/12/1975 00:00,868,525.8687312,862.0025751,149,438,390
14/12/1975 00:00,865,525.6819153,832.7017013,148,400,330
15/12/1975 00:00,863,527.5650757,818.5161428,138,378,304
16/12/1975 00:00,860,487.1424378,807.0616988,145,400,270
17/12/1975 00:00,858,539.4843641,840.1672438,185,412,350
18/12/1975 00:00,856,533.013615,843.1579035,219,431,350
19/12/1975 00:00,854,503.5411909,848.4748624,222,465,355
20/12/1975 00:00,852,499.0761854,860.5166567,212,484,384
21/12/1975 00:00,848,482.8547237,862.3212553,201,500,390
22/12/1975 00:00,844,462.9375696,863.7458957,171,514,398
23/12/1975 00:00,840,468.4749168,868.0627366,147,512,418
24/12/1975 00:00,837,530.6796046,861.3002396,145,452,424
25/12/1975 00:00,834,539.7451434,840.072784,139,416,385
26/12/1975 00:00,830,536.9940503,817.081176,153,393,336
27/12/1975 00:00,828,542.5098125,806.91159,191,385,310
28/12/1975 00:00,825,534.200812,795.2633641,170,373,290
29/12/1975 00:00,823,524.9680989,788.5883474,166,372,276
30/12/1975 00:00,819,529.4783814,792.218874,163,375,290
31/12/1975 00:00,815,519.6805543,779.8877223,138,363,270
01/01/1976 00:00,811,387.0225922,739.1129941,130,348,240
02/01/1976 00:00,807,379.9290172,727.8425143,125,340,219
03/01/1976 00:00,804,383.7667314,719.943399,121,327,207
04/01/1976 00:00,799,379.9922651,712.6582284,119,323,196
05/01/1976 00:00,796,374.809631,709.5071477,119,325,191
06/01/1976 00:00,794,383.8904625,708.8443381,120,318,194
07/01/1976 00:00,787,372.2663195,707.1988464,124,331,194
08/01/1976 00:00,783,354.8449988,718.4044994,118,362,219
09/01/1976 00:00,775,387.371752,715.7665999,117,336,231
10/01/1976 00:00,768,378.4185639,702.1296268,115,329,207
11/01/1976 00:00,760,376.7823752,692.8938213,111,322,196
12/01/1976 00:00,752,378.8713997,686.5167892,108,316,192
13/01/1976 00:00,744,382.1450242,673.5181705,105,300,174
14/01/1976 00:00,736,390.9693183,663.7186308,124,289,160
15/01/1976 00:00,728,384.7016541,655.9067278,129,290,149
16/01/1976 00:00,718,363.597729,655.7086712,117,311,156
17/01/1976 00:00,711,391.8876288,666.7209445,172,320,184
18/01/1976 00:00,703,390.2504426,665.5228899,160,322,192
19/01/1976 00:00,692,400.3871563,659.1217665,144,308,196
20/01/1976 00:00,681,384.4097581,647.4177033,125,308,182
21/01/1976 00:00,670,358.0413529,643.8745961,115,330,181
22/01/1976 00:00,660,375.3765982,648.3513933,111,327,207
23/01/1976 00:00,649,375.336384,641.4948891,116,326,203
24/01/1976 00:00,640,369.0674161,637.5436058,138,337,198
25/01/1976 00:00,632,381.0745094,640.5389438,125,333,219
26/01/1976 00:00,620,385.625066,624.1787907,114,312,200
27/01/1976 00:00,607,367.8323654,610.8101274,130,321,177
28/01/1976 00:00,596,367.0233913,601.1722791,119,313,170
29/01/1976 00:00,587,384.9217222,604.0365993,108,305,193
30/01/1976 00:00,577,385.7794753,591.9202717,107,294,178
31/01/1976 00:00,568,382.3695753,586.6680297,109,296,175
01/02/1976 00:00,558,341.2041219,573.9568772,104,287,187
02/02/1976 00:00,549,322.9494696,557.1768974,111,287,154
03/02/1976 00:00,541,315.5185682,552.0953258,109,291,150
04/02/1976 00:00,531,330.3162521,546.5358696,103,276,154
05/02/1976 00:00,523,321.8449108,533.0781178,99,269,132
06/02/1976 00:00,511,312.1574472,525.0889079,99,274,125
07/02/1976 00:00,499,328.3588065,525.2047977,102,269,142
08/02/1976 00:00,488,333.1810172,514.2262353,114,260,129
09/02/1976 00:00,478,329.63769,507.6576141,112,260,125
10/02/1976 00:00,466,328.9313445,500.9311949,103,257,125
11/02/1976 00:00,455,295.848146,499.350923,100,289,125
12/02/1976 00:00,444,286.8902456,523.4979965,123,342,182
13/02/1976 00:00,439,344.7545068,544.3196222,144,330,244
14/02/1976 00:00,433,342.3733666,534.2507926,164,327,224
15/02/1976 00:00,432,324.5524354,535.4477749,163,344,223
16/02/1976 00:00,432,331.2050244,534.689371,149,334,226
17/02/1976 00:00,435,322.1433643,529.3719908,143,331,210
18/02/1976 00:00,432,306.5624516,525.5802129,127,337,204
19/02/1976 00:00,429,330.5079239,518.4633145,114,306,201
20/02/1976 00:00,425,313.2148904,500.7152689,110,298,163
21/02/1976 00:00,419,309.1011869,501.4939578,125,310,167
22/02/1976 00:00,413,335.505284,502.6877777,161,302,176
23/02/1976 00:00,406,295.1765894,503.1910347,169,343,172
24/02/1976 00:00,398,310.5573146,524.7255027,171,365,231
25/02/1976 00:00,392,337.2201597,522.6085015,152,339,244
26/02/1976 00:00,392,270.2669888,513.4816256,132,378,210
27/02/1976 00:00,395,302.9870586,543.7591248,133,390,281
28/02/1976 00:00,397,326.313018,540.3255653,127,363,279
29/02/1976 00:00,398,307.4716788,524.5213493,120,355,240
01/03/1976 00:00,399,338.9579597,520,111,360,245
02/03/1976 00:00,399,330.4914395,517,119,368,243
03/03/1976 00:00,401,337.5501152,512,109,356,247
04/03/1976 00:00,405,312.0047312,516,122,386,241
05/03/1976 00:00,406,341.5305967,518,125,377,270
06/03/1976 00:00,408,344.1382643,525,135,384,271
07/03/1976 00:00,410,382.4109398,536,140,385,318
08/03/1976 00:00,412,406.3578681,542,168,370,309
09/03/1976 00:00,415,412.0054793,557,167,347,264
10/03/1976 00:00,417,398.3708239,568,143,332,219
11/03/1976 00:00,420,378.1970661,559,135,334,205
12/03/1976 00:00,418,363.4665441,548,153,356,219
13/03/1976 00:00,416,365.7099967,527,135,352,252
14/03/1976 00:00,412,361.7297024,522,160,367,261
15/03/1976 00:00,402,373.5114314,528,170,395,312
16/03/1976 00:00,397,360.5829594,535,143,385,283
17/03/1976 00:00,395,382.5457221,550,156,375,277
18/03/1976 00:00,393,386.6253396,555,136,376,291
19/03/1976 00:00,395,382.26308,557,202,400,281
20/03/1976 00:00,397,387.8577014,557,161,412,333
21/03/1976 00:00,400,390.1978057,561,168,404,315
22/03/1976 00:00,398,435.4769647,582,263,407,312
23/03/1976 00:00,401,390.5546651,585,220,444,320
24/03/1976 00:00,405,394.6606637,593,191,446,337
25/03/1976 00:00,410,462.9529334,599,284,424,350
26/03/1976 00:00,414,396.08008,606,201,447,319
27/03/1976 00:00,416,458.1628977,610,283,425,331
28/03/1976 00:00,418,402.2277449,608,224,449,316
29/03/1976 00:00,420,436.9933518,605,264,449,352
30/03/1976 00:00,422,396.9595543,606,266,481,336
31/03/1976 00:00,423,393.8726651,611,187,489,384
01/04/1976 00:00,421,420.975917,617,202,464,372
02/04/1976 00:00,422,426.8878179,624,227,448,333
03/04/1976 00:00,424,459.5595285,632,225,414,323
04/04/1976 00:00,426,446.4046557,633,183,385,279
05/04/1976 00:00,429,427.2509638,620,171,362,234
06/04/1976 00:00,428,388.4180233,610,143,374,219
07/04/1976 00:00,424,400.0144571,600,141,374,251
08/04/1976 00:00,420,400.1895197,583,150,368,257
09/04/1976 00:00,417,393.3825425,586,136,370,254
10/04/1976 00:00,416,441.158974,592,189,362,280
11/04/1976 00:00,412,421.7673636,592,188,361,248
12/04/1976 00:00,412,386.6095715,594,175,387,238
13/04/1976 00:00,415,372.6472021,590,175,446,314
14/04/1976 00:00,419,390.3031974,590,172,463,371
15/04/1976 00:00,426,443.814743,610,212,464,411
16/04/1976 00:00,436,433.2343321,625,202,482,410
17/04/1976 00:00,447,452.6660155,653,222,493,413
18/04/1976 00:00,455,462.5719345,675,206,492,410
19/04/1976 00:00,465,460.163398,688,169,484,399
20/04/1976 00:00,467,475.0633473,698,220,489,389
21/04/1976 00:00,467,408.2366969,655.6154914,237,486,387
22/04/1976 00:00,467,389.9638829,657.8962761,202,496,394
23/04/1976 00:00,471,374.3860017,659.7039536,169,501,396
24/04/1976 00:00,477,398.8936269,659.3482644,206,485,388
25/04/1976 00:00,483,426.3546536,659.625898,229,464,385
26/04/1976 00:00,486,422.4780927,648.7626876,235,452,356
27/04/1976 00:00,489,387.3141443,660.6919443,215,491,373
28/04/1976 00:00,494,418.7808024,669.1845435,203,470,397
29/04/1976 00:00,499,404.1434521,671.5107018,231,489,387
30/04/1976 00:00,510,407.9353485,684.2606881,210,491,408
01/05/1976 00:00,522,481.1390442,710.5537865,207,505,413
02/05/1976 00:00,532,481.378829,722.9158991,227,520,425
03/05/1976 00:00,540,474.4578979,727.8560536,213,524,428
04/05/1976 00:00,547,473.1177372,731.8653879,192,521,433
05/05/1976 00:00,552,487.6218686,737.9155944,230,523,437
06/05/1976 00:00,558,514.0628207,733.9635437,236,493,428
07/05/1976 00:00,563,524.7835838,729.7657637,273,484,409
08/05/1976 00:00,566,510.5703945,723.8793843,244,479,395
09/05/1976 00:00,568,496.5072221,721.263679,211,478,390
10/05/1976 00:00,571,531.4598165,719.3730829,227,448,389
11/05/1976 00:00,574,576.1742748,709.3065023,352,425,351
12/05/1976 00:00,576,615.1245644,698.0484652,432,395,319
13/05/1976 00:00,576,556.589894,682.4131739,304,392,295
14/05/1976 00:00,576,503.5300409,682.6585095,205,413,301
15/05/1976 00:00,578,486.1939883,693.8748173,152.2798835,430,328
16/05/1976 00:00,580,472.9603394,702.0895671,155.3434476,451,340
17/05/1976 00:00,581,506.2315276,698.8482041,148.5105403,418,341
18/05/1976 00:00,581,525.7776415,696.1298438,224,414,327
19/05/1976 00:00,583,491.5625449,709.7679743,224,460,345
20/05/1976 00:00,586,481.6068628,725.7133214,154.927217,472,387
21/05/1976 00:00,587,467.3772475,721.0741068,157.371147,477,372
22/05/1976 00:00,589,498.9299376,715.7741086,150.6879343,442,367
23/05/1976 00:00,588,522.8398954,693.3028769,144.5063655,392,326
24/05/1976 00:00,588,522.9197968,672.0276841,143.0561593,363,280
25/05/1976 00:00,588,539.1037701,668.9293936,260,370,257
26/05/1976 00:00,590,533.5039977,685.4104576,240,391,293
27/05/1976 00:00,592,510.3995575,690.2182506,200,406,303
28/05/1976 00:00,593,502.9132588,694.1327667,167,409,315
29/05/1976 00:00,594,479.6423756,696.9170504,160,430,315
30/05/1976 00:00,594,494.45239,704.6461774,139,423,340
31/05/1976 00:00,594,505.1233459,702.8439597,149,414,337
01/06/1976 00:00,594,569.4794036,768,228,408,317
02/06/1976 00:00,594,563.8084174,769,184,392,307
03/06/1976 00:00,594,583.1455573,767,261,393,297
04/06/1976 00:00,594,570.8680063,762,263,398,290
05/06/1976 00:00,594,573.2722419,756,201,372,296
06/06/1976 00:00,594,531.5736608,750,171,376,260
07/06/1976 00:00,596,535.485818,746,159,376,278
08/06/1976 00:00,596,549.2240217,739,225,378,273
09/06/1976 00:00,596,587.4115532,734,263,354,280
10/06/1976 00:00,595,549.2862004,730,268,370,246
11/06/1976 00:00,595,546.1885617,727,204,358,263
12/06/1976 00:00,594,495.5826267,722,189,398,260
13/06/1976 00:00,596,558.52182,722,179,381,340
14/06/1976 00:00,599,526.4018478,729,133,373,294
15/06/1976 00:00,603,549.1810878,732,178,384,318
16/06/1976 00:00,606,533.2706272,732,186,400,313
17/06/1976 00:00,608,554.3947675,730,148,372,327
18/06/1976 00:00,610,579.854954,728,193,340,293
19/06/1976 00:00,612,578.8622594,722,225,332,267
20/06/1976 00:00,614,596.046997,720,324,327,231
21/06/1976 00:00,615,597.3079599,713,354,324,219
22/06/1976 00:00,609,551.6191371,703,299,341,217
23/06/1976 00:00,606,504.890342,694,295,390,233
24/06/1976 00:00,604,527.8657784,685,336,414,295
25/06/1976 00:00,602,507.9897544,684,222,402,312
26/06/1976 00:00,598,525.4370625,695,211,379,297
27/06/1976 00:00,593,530.5129043,701,266,384,274
28/06/1976 00:00,592,564.2472875,695,279,352,277
29/06/1976 00:00,594,528.7967325,688,247,347,239
30/06/1976 00:00,594,513.759843,682,218,364,266
01/07/1976 00:00,594,528.87642,675,286,371,270
02/07/1976 00:00,593,537.3934828,672,262,350,268
03/07/1976 00:00,592,516.971626,667,194,328,246
04/07/1976 00:00,589,476.9786122,661,174,337,215
05/07/1976 00:00,585,444.3679897,649,161,368,234
06/07/1976 00:00,583,511.2610368,638,238,326,243
07/07/1976 00:00,582,522.2029062,639,287,301,191
08/07/1976 00:00,581,492.6545954,639,234,295,165
09/07/1976 00:00,577,517.7373081,613.4508968,354,314,159
10/07/1976 00:00,570,507.7014574,621.5618216,321,330,188
11/07/1976 00:00,563,537.0602609,627.9094819,377,332,206
12/07/1976 00:00,555,484.7953506,623.6383902,318,361,203
13/07/1976 00:00,546,514.3797763,639.9554045,363,375,247
14/07/1976 00:00,538,454.9524812,588,295,385,275
15/07/1976 00:00,536,446.1429231,602,258,392,277
16/07/1976 00:00,536,467.53889,610,238,369,277
17/07/1976 00:00,536,481.9620316,614,304,366,252
18/07/1976 00:00,533,525.4990103,612,368,337,241
19/07/1976 00:00,529,543.7166799,602,467,326,207
20/07/1976 00:00,525,486.3883911,591,369,337,203
21/07/1976 00:00,521,406.4097441,575,232,366,220
22/07/1976 00:00,516,381.0779734,565,190,393,259
23/07/1976 00:00,511,408.4868344,567,211,402,303
24/07/1976 00:00,508,480.6702877,585,245,348,292
25/07/1976 00:00,507,494.5913212,602,296,312,207
26/07/1976 00:00,507,505.0581465,605,316,306,199
27/07/1976 00:00,509,442.3178124,585,217,308,183
28/07/1976 00:00,511,405.7750299,571,218,333,180
29/07/1976 00:00,515,408.0820485,557,226,349,221
30/07/1976 00:00,513,421.3482773,539,203,311,217
31/07/1976 00:00,504,450.466031,543,279,294,188
01/08/1976 00:00,496,444.5710382,543,300,298,173
02/08/1976 00:00,488,444.7382684,522,339,293,168
03/08/1976 00:00,482,399.1102857,510,250,289,155
04/08/1976 00:00,475,338.8873004,509,133.9950337,335,187
05/08/1976 00:00,470,348.7484948,502,132.3666792,346,229
06/08/1976 00:00,466,364.0434178,503,129.1513698,328,224
07/08/1976 00:00,460,397.2147759,519,190,300,195
08/08/1976 00:00,451,372.0791112,524,128.5108387,288,149
09/08/1976 00:00,447,365.8544599,515,127.6170376,283,142
10/08/1976 00:00,444,354.1716982,491,125.8472235,288,160
11/08/1976 00:00,438,336.3086223,473,124.6482395,276,134
12/08/1976 00:00,428,362.9286473,464,269,278,126
13/08/1976 00:00,417,334.912302,455,185,284,151
14/08/1976 00:00,408,307.9460138,439,123.2846082,275,129
15/08/1976 00:00,405,355.0094094,441,337,293,126
16/08/1976 00:00,401,351.9202969,435,266,293,170
17/08/1976 00:00,393,331.7362491,432,117.8498756,259,151
18/08/1976 00:00,391,270.6705922,452,133.3614101,315,118
19/08/1976 00:00,389,300.4228306,454,131.1203957,336,197
20/08/1976 00:00,391,321.9986817,433,122.7277493,306,209
21/08/1976 00:00,395,366.0832193,458,270,301,176
22/08/1976 00:00,391,387.1743316,491,220,279,165
23/08/1976 00:00,386,329.2040735,490,130.0721085,298,140
24/08/1976 00:00,390,299.6355141,484,136.0440502,338,163
25/08/1976 00:00,390,337.6137221,463,126.2063258,319,219
26/08/1976 00:00,389,365.5532148,475,121.7396134,284,194
27/08/1976 00:00,382,356.5392131,492,125.2210131,278,150
28/08/1976 00:00,383,336.2550544,494,129.1677974,290,134
29/08/1976 00:00,388,335.1853715,475,125.7560218,282,142
30/08/1976 00:00,403,380.000113,459,294,271,135
31/08/1976 00:00,405,351.7902787,457,228,265,121
01/09/1976 00:00,401,321.4780588,440,206,269,112
02/09/1976 00:00,395,287.2369056,433,183,296,122
03/09/1976 00:00,389,267.1351437,417,125.2640722,308,160
04/09/1976 00:00,382,266.1010063,412,125.3031336,317,179
05/09/1976 00:00,380,288.1102372,434,125.9444891,320,193
06/09/1976 00:00,378,340.3459136,454,119.3319446,284,196
07/09/1976 00:00,378,318.672829,463,123.4132035,280,144
08/09/1976 00:00,383,334.0221782,472,121.7591907,267,137
09/09/1976 00:00,386,315.2307659,456,121.2488175,259,113
10/09/1976 00:00,382,296.0150259,437,120.9338643,259,105
11/09/1976 00:00,377,297.6613639,421,117.0127377,242,100
12/09/1976 00:00,373,319.1577493,398,230,237,95
13/09/1976 00:00,369,305.2486278,388,228,232,78
14/09/1976 00:00,355,294.9856576,372,230,230,77
15/09/1976 00:00,336,278.4521996,345,240,232,81
16/09/1976 00:00,323,224.0270826,334,113.4688274,238,82
17/09/1976 00:00,316,208.4819155,333,116.6208702,254,84
18/09/1976 00:00,312,224.6737578,336,115.5367872,263,121
19/09/1976 00:00,310,227.2234423,338,115.6518908,265,126
20/09/1976 00:00,306,245.1402876,355,115.291095,257,122
21/09/1976 00:00,298,277.6312199,373,225,276,127
22/09/1976 00:00,298,323.9794675,371,254,254,152
23/09/1976 00:00,298,293.9790613,379,215,254,117
24/09/1976 00:00,300,262.9635603,395,120.550819,277,135
25/09/1976 00:00,309,272.6718093,412,123.5605457,301,168
26/09/1976 00:00,323,258.6897682,400,125.8464928,333,210
27/09/1976 00:00,336,318.3486197,424,120.0731393,315,248
28/09/1976 00:00,341,353.2707919,473,122.6228501,311,239
29/09/1976 00:00,349,381.0326882,508,125.8998318,334,278
30/09/1976 00:00,362,387.0368447,529,138,335,258
01/10/1976 00:00,381,374.1324531,547,125,348,243
02/10/1976 00:00,405,406.5431634,555,132,329,250
03/10/1976 00:00,426,428.5886718,556,143,321,264
04/10/1976 00:00,438,438.5082189,563,143,338,298
05/10/1976 00:00,443,416.2286313,592,165,373,270
06/10/1976 00:00,450,439.1717825,611,162,394,319
07/10/1976 00:00,460,463.0031387,621,152,386,338
08/10/1976 00:00,474,455.2853577,644,112,383,316
09/10/1976 00:00,485,468.9927326,660,142,402,331
10/10/1976 00:00,494,462.8030279,677,123,420,340
11/10/1976 00:00,505,482.263242,687,113,424,371
12/10/1976 00:00,517,523.1809531,699,110,384,360
13/10/1976 00:00,523,511.4468117,712,104,381,324
14/10/1976 00:00,536,507.3640442,718,110,408,349
15/10/1976 00:00,546,511.8622325,719,108,417,370
16/10/1976 00:00,555,569.3928937,732,109,351,341
17/10/1976 00:00,565,562.270929,739,135.8763878,332,280
18/10/1976 00:00,571,529.254331,738,105,343,258
19/10/1976 00:00,578,535.7844257,726,145,370,302
20/10/1976 00:00,580,558.7030265,718,140,356,329
21/10/1976 00:00,581,555.9064442,724,183,344,273
22/10/1976 00:00,582,518.5963184,727,140,355,252
23/10/1976 00:00,583,512.6861386,720,117,363,277
24/10/1976 00:00,584,554.531888,719,155,366,328
25/10/1976 00:00,584,551.5745402,728,158,358,298
26/10/1976 00:00,583,533.9894264,738,137,390,321
27/10/1976 00:00,584,511.8757283,743,145,443,359
28/10/1976 00:00,589,551.7856857,748,155,414,365
29/10/1976 00:00,593,532.1380176,755,123,408,334
30/10/1976 00:00,598,517.0266385,762,124,436,345
31/10/1976 00:00,602,556.2513097,768,147,422,365
01/11/1976 00:00,607,559.6887893,776,124,398,336
02/11/1976 00:00,611,554.3827582,782,118,397,322
03/11/1976 00:00,614,593.6600183,787,147,385,343
04/11/1976 00:00,617,552.5317514,789,151,419,326
05/11/1976 00:00,621,555.5019791,793,185,448,352
06/11/1976 00:00,625,544.8038023,796,181,483,389
07/11/1976 00:00,630,559.4803871,801,134,473,418
08/11/1976 00:00,634,562.2540623,805,130,453,388
09/11/1976 00:00,638,597.0896048,809,159,419,368
10/11/1976 00:00,641,602.2470064,812,183,408,341
11/11/1976 00:00,644,608.3701548,815,143,380,326
12/11/1976 00:00,649,577.3586904,815,133,389,296
13/11/1976 00:00,653,586.922559,816,128,401,332
14/11/1976 00:00,655,577.0405141,811,143,399,310
15/11/1976 00:00,658,578.3783085,806,149,405,324
16/11/1976 00:00,661,565.7774938,806,137,404,309
17/11/1976 00:00,664,567.1346392,802,130,394,304
18/11/1976 00:00,664,532.9137209,797,115,425,313
19/11/1976 00:00,664,579.5062159,792,103,381,331
20/11/1976 00:00,664,550.1078614,788,99,361,259
21/11/1976 00:00,664,550.833887,784,108,348,239
22/11/1976 00:00,665,522.0559881,768,120,362,227
23/11/1976 00:00,664,526.0849505,753,126,357,240
24/11/1976 00:00,663,540.0143361,742,119,327,232
25/11/1976 00:00,661,508.1630187,727,100,317,194
26/11/1976 00:00,658,502.0776166,714,118,313,183
27/11/1976 00:00,654,495.748717,695,133,308,179
28/11/1976 00:00,650,459.2989491,675,106,316,173
29/11/1976 00:00,643,449.8553977,662,100,319,182
30/11/1976 00:00,638,449.2548986,650,144,348,216
01/12/1976 00:00,631,477.8515817,634,130,318,242
02/12/1976 00:00,625,459.1373652,636,140,313,196
03/12/1976 00:00,616,463.0883666,646,127,302,181
04/12/1976 00:00,610,453.7724539,630,154,306,176
05/12/1976 00:00,604,453.0114958,614,164,302,182
06/12/1976 00:00,595,405.3359149,601,126,318,169
07/12/1976 00:00,585,382.594484,592,108,343,194
08/12/1976 00:00,575,402.1279843,582,123,336,218
09/12/1976 00:00,565,421.8782839,585,184,336,211
10/12/1976 00:00,556,436.2741084,596,202,331,203
11/12/1976 00:00,549,411.4183632,596,148,331,195
12/12/1976 00:00,542,402.7130455,592,120,325,193
13/12/1976 00:00,535,382.4933953,578,107,323,182
14/12/1976 00:00,528,388.1515971,567,108,306,177
15/12/1976 00:00,516,379.1152699,557,116,302,164
16/12/1976 00:00,506,393.8576198,545,158,302,178
17/12/1976 00:00,498,358.2995392,532,130,317,177
18/12/1976 00:00,490,380.3319581,528,133,307,200
19/12/1976 00:00,483,383.1175131,533,121,297,190
20/12/1976 00:00,477,375.0438969,544,122,296,162
21/12/1976 00:00,471,356.1206303,539,109,302,155
22/12/1976 00:00,465,346.8098665,524,111,312,173
23/12/1976 00:00,459,330.5331565,505,117,325,187
24/12/1976 00:00,450,334.2996759,509,102,319,188
25/12/1976 00:00,440,342.0112085,519,95,307,174
26/12/1976 00:00,431,346.503353,520,92,293,160
27/12/1976 00:00,425,331.7797718,508,89,285,140
28/12/1976 00:00,417,318.676323,488,94,276,126
29/12/1976 00:00,411,304.4963398,466,89,268,120
30/12/1976 00:00,402,265.2051182,446,96,295,120
31/12/1976 00:00,390,270.6914313,431,89,284,134
01/01/1977 00:00,376,240.0220426,416,90,298,125
02/01/1977 00:00,359,273.3976917,421,97,270,125
03/01/1977 00:00,345,256.1578051,417,87,274,115
04/01/1977 00:00,330,252.2181433,399,83,265,119
05/01/1977 00:00,321,237.1788195,385,81,263,110
06/01/1977 00:00,310,234.7179162,380,79,260,109
07/01/1977 00:00,298,220.6063214,373,75,264,104
08/01/1977 00:00,286,225.7707958,362,73,250,105
09/01/1977 00:00,277,216.0168893,353,74,245,92
10/01/1977 00:00,268,218.5523405,350,72,236,87
11/01/1977 00:00,258,184.9668954,344,70,260,80
12/01/1977 00:00,250,196.2886334,335,70,239,76
13/01/1977 00:00,240,192.6238298,327,67,234,74
14/01/1977 00:00,231,188.1101683,319,66,230,71
15/01/1977 00:00,221,184.5517439,315,67,230,70
16/01/1977 00:00,212,179.0350743,309,67,227,64
17/01/1977 00:00,204,178.5108469,305,67,223,62
18/01/1977 00:00,199,164.6267288,299,67,233,63
19/01/1977 00:00,194,150.9674991,294,70,244,63
20/01/1977 00:00,190,178.5524355,289,80,236,95
21/01/1977 00:00,185,181.6808329,288,72,234,103
22/01/1977 00:00,182,193.0135416,309,68,238,105
23/01/1977 00:00,192,199.8016017,343,64,248,93
24/01/1977 00:00,200,219.8256695,336,75,240,114
25/01/1977 00:00,205,202.8688767,324,63,242,111
26/01/1977 00:00,204,198.0906335,330,61,238,91
27/01/1977 00:00,197,193.6258353,337,61,240,79
28/01/1977 00:00,192,189.4031262,328,61,243,88
29/01/1977 00:00,191,178.9565635,309,61,238,86
30/01/1977 00:00,186,180.4700886,308,63,230,76
31/01/1977 00:00,180,356.7668885,344.384872,64,227,71
01/02/1977 00:00,175,170.2830297,303,66,231,66
02/02/1977 00:00,175,165.0504223,295,74,237,72
03/02/1977 00:00,172,169.7007978,290,68,230,78
04/02/1977 00:00,165,156.0973883,285,68,236,72
05/02/1977 00:00,163,159.7656156,289,68,239,78
06/02/1977 00:00,161,164.9075127,287,68,236,84
07/02/1977 00:00,161,158.3234359,284,70,238,79
08/02/1977 00:00,156,182.3333641,286,120,241,91
09/02/1977 00:00,154,187.7307104,286,98,228,92
10/02/1977 00:00,153,176.6727621,284,78,224,82
11/02/1977 00:00,151,171.3660176,289,70,232,85
12/02/1977 00:00,152,163.2364928,288,77,249,96
13/02/1977 00:00,153,175.2386203,280,84,241,108
14/02/1977 00:00,152,140.586084,287,84,275,98
15/02/1977 00:00,151,181.0701102,294,123,253,97
16/02/1977 00:00,146,202.4226042,306,183,268,106
17/02/1977 00:00,144,204.311808,298,160,266,129
18/02/1977 00:00,152,201.5641367,305,131,263,128
19/02/1977 00:00,152,191.5685626,317,127,275,119
20/02/1977 00:00,151,162.5171023,331,99,314,134
21/02/1977 00:00,156,233.7330587,374,101,311,191
22/02/1977 00:00,161,287.1725901,410,96,293,208
23/02/1977 00:00,166,275.0529902,414,88,286,177
24/02/1977 00:00,163,239.927711,392,75,280,145
25/02/1977 00:00,174,218.4397996,365,80,278,136
26/02/1977 00:00,189,238.181435,364,99,261,130
27/02/1977 00:00,196,239.1763074,363,78,253,132
28/02/1977 00:00,192,205.0759805,361,71,277,122
01/03/1977 00:00,182,224.8237995,367,70,269,135
02/03/1977 00:00,179,214.4563888,346,81,262,126
03/03/1977 00:00,176,205.4186261,347,79,261,110
04/03/1977 00:00,169,213.0977797,340,77,247,110
05/03/1977 00:00,165,203.2902767,333,72,239,93
06/03/1977 00:00,162,191.9612198,321,81,239,84
07/03/1977 00:00,161,190.0672338,310,77,228,79
08/03/1977 00:00,160,171.3677529,295,72,230,73
09/03/1977 00:00,154,163.4370766,289,81,236,72
10/03/1977 00:00,150,211.4905763,279,203,219,63
11/03/1977 00:00,143,180.6125016,270,145,220,60
12/03/1977 00:00,139,159.0747803,264,93,218,60
13/03/1977 00:00,132,146.8236839,253,78,217,61
14/03/1977 00:00,126,130.627686,249,72,233,69
15/03/1977 00:00,124,147.8240187,247,74,233,98
16/03/1977 00:00,120,171.3313769,251,129,238,107
17/03/1977 00:00,114,186.4208157,270,143,269,150
18/03/1977 00:00,112,228.1083843,282,171,253,161
19/03/1977 00:00,117,208.731203,302,108,247,133
20/03/1977 00:00,123,219.8586617,347,104,262,123
21/03/1977 00:00,130,217.9434291,345,99,269,136
22/03/1977 00:00,144,189.6442419,328,93,285,139
23/03/1977 00:00,152,197.1334946,330,109,292,150
24/03/1977 00:00,154,235.1474559,338,133,276,162
25/03/1977 00:00,150,263.4476014,346,165,260,154
26/03/1977 00:00,152,241.546627,359,118,264,137
27/03/1977 00:00,155,213.187732,378,104,295,126
28/03/1977 00:00,160,216.2349782,367,102,312,172
29/03/1977 00:00,165,236.6533966,355,168,342,228
30/03/1977 00:00,167,267.6700078,376,136,326,246
31/03/1977 00:00,163,290.7730203,431,134,328,222
01/04/1977 00:00,273,310.3013283,468,136,348,234
02/04/1977 00:00,186,305.7294032,471,120,353,245
03/04/1977 00:00,205,329.5717347,476,106,330,248
04/04/1977 00:00,223,305.1367977,491,94,332,200
05/04/1977 00:00,226,311.5323853,500,101,340,208
06/04/1977 00:00,235,281.4719424,472,115,363,221
07/04/1977 00:00,241,318.2137612,457,164,346,242
08/04/1977 00:00,245,301.6724609,470,122,349,229
09/04/1977 00:00,236,283.1041449,473,113,379,249
10/04/1977 00:00,234,313.3875448,478,94,357,268
11/04/1977 00:00,234,323.5785049,487,118,334,223
12/04/1977 00:00,234,375.0155247,502,225,310,187
13/04/1977 00:00,236,354.9044404,493,169,298,179
14/04/1977 00:00,239,338.7164078,472,172,291,165
15/04/1977 00:00,245,287.2438206,453,180,320,146
16/04/1977 00:00,242,282.6154402,443,140,330,190
17/04/1977 00:00,239,293.6071784,428,129,311,202
18/04/1977 00:00,232,299.0435362,434,130,307,197
19/04/1977 00:00,226,292.325601,449,115,303,171
20/04/1977 00:00,227,300.1300806,449,113,290,164
21/04/1977 00:00,236,296.0807221,441,108,279,152
22/04/1977 00:00,239,287.9032021,431,117,275,139
23/04/1977 00:00,230,279.2220266,418,117,280,149
24/04/1977 00:00,223,273.3235718,409,117,284,157
25/04/1977 00:00,217,256.9321209,402,120,300,163
26/04/1977 00:00,216,258.2394685,417,112,312,171
27/04/1977 00:00,221,303.8090236,431,127,328,244
28/04/1977 00:00,234,297.5956352,439,107,356,280
29/04/1977 00:00,244,333.7797397,475,127,351,275
30/04/1977 00:00,255,325.116912,517,102,363,244
01/05/1977 00:00,415.0617877,339.610285,539,98,392,281
02/05/1977 00:00,415.7156598,352.9392422,540,90,382,290
03/05/1977 00:00,439.1840064,370.6063666,547,115,358,256
04/05/1977 00:00,470.4871267,385.9077451,561,96,332,232
05/05/1977 00:00,456.9323714,325.3321227,557,87,384,228
06/05/1977 00:00,417.9369311,386.7576463,547,119,377,311
07/05/1977 00:00,429.8827916,392.5545738,543,122,347,275
08/05/1977 00:00,474.3223287,400.988801,568,137,341,238
09/05/1977 00:00,487.0456806,380.2035628,578,127,360,228
10/05/1977 00:00,467.9784974,429.7483171,568,175,337,256
11/05/1977 00:00,465.8005471,451.3022571,560,235,318,235
12/05/1977 00:00,468.7160667,489.6653192,564,299,309,240
13/05/1977 00:00,480.6481945,459.0074819,566,255,310,215
14/05/1977 00:00,473.0233558,388.301497,563,183,350,211
15/05/1977 00:00,444.4676719,358.9459104,557,134,387,260
16/05/1977 00:00,414.9008674,394.6812976,551,147,391,325
17/05/1977 00:00,438.5774187,445.8926786,568,186,369,328
18/05/1977 00:00,498.0264285,451.3574093,608,141,367,309
19/05/1977 00:00,528.9213128,413.9331448,624,141,389,263
20/05/1977 00:00,522.9284919,428.5037288,624,142,387,283
21/05/1977 00:00,514.9156771,450.7939871,619,123,366,303
22/05/1977 00:00,538.150186,455.2005513,621,110,332,260
23/05/1977 00:00,555.7165433,423.1539509,627,110,345,221
24/05/1977 00:00,536.0623586,461.6263957,621,137,336,261
25/05/1977 00:00,534.1576939,449.3778033,615,187,344,232
26/05/1977 00:00,529.8887797,446.5108716,614,207,354,233
27/05/1977 00:00,522.3042152,438.6521419,614,158,360,259
28/05/1977 00:00,515.2346369,445.0962024,614,199,374,268
29/05/1977 00:00,508.8157156,431.3665155,614,161,385,286
30/05/1977 00:00,510.5408792,471.9513302,616,219,370,291
31/05/1977 00:00,539.8321428,462.0990091,626,192,354,252
01/06/1977 00:00,446,417,625,141,354,242
02/06/1977 00:00,456,416,627,126,363,260
03/06/1977 00:00,462,410,619,145,380,306
04/06/1977 00:00,468,409,627,139,368,296
05/06/1977 00:00,470,408,640,157,354,273
06/06/1977 00:00,471,393,642,159,364,259
07/06/1977 00:00,475,394,638,158,384,292
08/06/1977 00:00,481,397,642,158,410,331
09/06/1977 00:00,484,416,653,131,404,344
10/06/1977 00:00,488,439,663,129,399,313
11/06/1977 00:00,494,443,669,109,398,308
12/06/1977 00:00,502,419,673,109,384,300
13/06/1977 00:00,511,403,673,185,388,299
14/06/1977 00:00,516,397,677,136,419,309
15/06/1977 00:00,517,400,685,115,440,334
16/06/1977 00:00,517,416,690,127,420,342
17/06/1977 00:00,520,418,695,273,380,307
18/06/1977 00:00,525,402,698,270,350,274
19/06/1977 00:00,526,387,692,247,348,224
20/06/1977 00:00,526,375,686,157,363,220
21/06/1977 00:00,526,378,676,135,376,238
22/06/1977 00:00,524,398,666,203,368,261
23/06/1977 00:00,523,403,661,155,368,231
24/06/1977 00:00,525,389,657,169,367,232
25/06/1977 00:00,523,370,645,195,359,228
26/06/1977 00:00,521,354,632,173,348,218
27/06/1977 00:00,519,365,620,234,328,204
28/06/1977 00:00,515,369,607,255,333,177
29/06/1977 00:00,511,362,586,209,351,197
30/06/1977 00:00,507,358,577,254,352,222
01/07/1977 00:00,504,364,575,222,396,215
02/07/1977 00:00,499,377,581,179,392,290
03/07/1977 00:00,496,391,585,171,386,268
04/07/1977 00:00,495,401,611,151,384,247
05/07/1977 00:00,499,400,612,145,360,274
06/07/1977 00:00,500,394,609,246,359,210
07/07/1977 00:00,502,390,606,203,367,243
08/07/1977 00:00,505,392,593,220,320,240
09/07/1977 00:00,502,399,591,208,372,245
10/07/1977 00:00,501,417,594,193,380,239
11/07/1977 00:00,502,412,591,221,372,247
12/07/1977 00:00,501,401,585,219,361,231
13/07/1977 00:00,501,380,584,190,344,220
14/07/1977 00:00,498,360,578,200,332,203
15/07/1977 00:00,493,349,564,183,334,180
16/07/1977 00:00,486,345,551,234,329,198
17/07/1977 00:00,481,357,541,190,327,183
18/07/1977 00:00,476,366,537,151,332,188
19/07/1977 00:00,472,355,533,135,334,192
20/07/1977 00:00,468,334,527,222,325,191
21/07/1977 00:00,464,320,524,186,310,187
22/07/1977 00:00,455,312,522,147,289,163
23/07/1977 00:00,448,288,514,128,282,138
24/07/1977 00:00,438,269,499,174,318,139
25/07/1977 00:00,428,258,473,179,312,182
26/07/1977 00:00,417,259,451,189,328,180
27/07/1977 00:00,402,278,468,173,353,204
28/07/1977 00:00,393,297,484,222,364,232
29/07/1977 00:00,392,321,495,168,338,237
30/07/1977 00:00,398,317,528,138,344,200
31/07/1977 00:00,406,348,537,125,359,222
01/08/1977 00:00,414,294,523,124,369,258.7426186
02/08/1977 00:00,417,270,521,133,344,229.7398526
03/08/1977 00:00,418,348,532,147,311,204.4454167
04/08/1977 00:00,422,352,542,235,303,190.8451374
05/08/1977 00:00,425,349,538,257,304,188.9263497
06/08/1977 00:00,429,349,526,218,304,189.9070448
07/08/1977 00:00,434,363,520,203,330,217.5649238
08/08/1977 00:00,435,376,525,163,346,239.0292517
09/08/1977 00:00,439,415,532,179,360,256.5683769
10/08/1977 00:00,446,450,548,160,389,292.9501816
11/08/1977 00:00,462,474,555,141,378,285.5665264
12/08/1977 00:00,474,486,557,122,346,255.2155354
13/08/1977 00:00,483,486,565,115,339,249.2443325
14/08/1977 00:00,491,476,568,117,328,236.7942033
15/08/1977 00:00,500,467,561,136,336,240.7038403
16/08/1977 00:00,502,455,557,168,346,246.296481
17/08/1977 00:00,501,450,556,194,356,253.7629708
18/08/1977 00:00,500,451,556,145,344,245.7341455
19/08/1977 00:00,500,447,560,152,352,253.5156809
20/08/1977 00:00,500,434,562,142,378,279.7411395
21/08/1977 00:00,501,440,563,155,367,268.196357
22/08/1977 00:00,502,443,568,175,366,266.561015
23/08/1977 00:00,502,458,584,173,347,251.4227606
24/08/1977 00:00,507,450,592,127,339,247.1161565
25/08/1977 00:00,512,432,589,138,327,231.4244363
26/08/1977 00:00,511,403,580,212,316,210.0756723
27/08/1977 00:00,508,383,572,212,300,190.8485836
28/08/1977 00:00,504,365,561,199,282,170.4503299
29/08/1977 00:00,499,353,549,154,288,177.5104511
30/08/1977 00:00,494,339,535,125,276,164.4989056
31/08/1977 00:00,489,332,517,155,311,194.4589456
01/09/1977 00:00,483,328,507,182,297,179
02/09/1977 00:00,477,320,520,177,284,163
03/09/1977 00:00,474,307,515,155,284,143
04/09/1977 00:00,470,294,505,201,292,145
05/09/1977 00:00,467,287,487,240,298,168
06/09/1977 00:00,451,290,481,213,292,188
07/09/1977 00:00,445,296,475,195,279,161
08/09/1977 00:00,438,284,492,195,299,143
09/09/1977 00:00,430,271,488,229,309,169
10/09/1977 00:00,421,269,476,275,296,170
11/09/1977 00:00,413,275,459,231,289,164
12/09/1977 00:00,405,270,465,197,296,150
13/09/1977 00:00,399,264,463,162,332,167
14/09/1977 00:00,395,275,450,149,344,204
15/09/1977 00:00,394,283,459,178,327,220
16/09/1977 00:00,396,293,480,282,300,205
17/09/1977 00:00,398,297,503,204,285,163
18/09/1977 00:00,402,298,505,163,314,161
19/09/1977 00:00,408,293,491,140,334,182
20/09/1977 00:00,412,282,480,127,351,211
21/09/1977 00:00,410,294,487,130,329,231
22/09/1977 00:00,406,301,500,217,346,212
23/09/1977 00:00,407,302,514,153,362,242
24/09/1977 00:00,411,327,518,123,375,265
25/09/1977 00:00,418,351,537,134,388,278
26/09/1977 00:00,428,372,562,185,419,309
27/09/1977 00:00,439,379,573,164,398,361
28/09/1977 00:00,455,403,591,245,393,307
29/09/1977 00:00,467,430,620,179,389,335
30/09/1977 00:00,482,451,630,179,394,300
01/10/1977 00:00,495,469,640,161,394,306
02/10/1977 00:00,511,474,648,221,422,314
03/10/1977 00:00,521,472,650,117,423,331
04/10/1977 00:00,526,480,657,168,424,319
05/10/1977 00:00,535,484,668,131,430,331
06/10/1977 00:00,541,485,672,172,430,353
07/10/1977 00:00,547,485,681,155,424,339
08/10/1977 00:00,553,488,692,144,433,360
09/10/1977 00:00,559,498,700,196,431,390
10/10/1977 00:00,566,512,712,155,454,390
11/10/1977 00:00,573,524,721,155,445,359
12/10/1977 00:00,579,531,733,179,482,394
13/10/1977 00:00,586,538,742,211,494,422
14/10/1977 00:00,593,540,748,183,497,433
15/10/1977 00:00,601,540,757,144,480,433
16/10/1977 00:00,607,529,764,129,457,415
17/10/1977 00:00,611,527,771,127,442,397
18/10/1977 00:00,615,517,775,131,434,368
19/10/1977 00:00,619,514,779,142,432,380
20/10/1977 00:00,624,511,784,134,419,365
21/10/1977 00:00,633,511,788,153,433,363
22/10/1977 00:00,637,513,791,174,387,346
23/10/1977 00:00,641,517,794,159,383,325
24/10/1977 00:00,644,516,794,134,377,331
25/10/1977 00:00,647,513,797,174,392,288
26/10/1977 00:00,651,509,798,154,392,284
27/10/1977 00:00,654,507,804,169,411,335
28/10/1977 00:00,657,507,802,135,396,312
29/10/1977 00:00,661,509,804,134,422,327
30/10/1977 00:00,666,509,804,128,402,338
31/10/1977 00:00,670,513,804,125,431,329
01/11/1977 00:00,674,517,809,139,422,348
02/11/1977 00:00,678,521,809,131,403,334
03/11/1977 00:00,681,530,811,142,423,304
04/11/1977 00:00,683,536,812,161,408,335
05/11/1977 00:00,685,537,812,159,448,338
06/11/1977 00:00,687,539,812,131,485,361
07/11/1977 00:00,693,539,816,182,480,402
08/11/1977 00:00,696,541,820,156,465,395
09/11/1977 00:00,698,542,823,143,492,389
10/11/1977 00:00,699,543,825,138,483,391
11/11/1977 00:00,703,544,827,136,479,390
12/11/1977 00:00,705,546,830,124,478,388
13/11/1977 00:00,707,546,834,139,482,394
14/11/1977 00:00,710,547,839,155,509,401
15/11/1977 00:00,713,547,842,138,514,417
16/11/1977 00:00,716,548,845,142,539,432
17/11/1977 00:00,718,548,847,158,547,438
18/11/1977 00:00,721,547,849,220,520,444
19/11/1977 00:00,723,547,851,174,516,442
20/11/1977 00:00,725,543,853,166,511,438
21/11/1977 00:00,728,537,855,157,491,423
22/11/1977 00:00,730,527,856,134,446,374
23/11/1977 00:00,732,524,856,131,431,327
24/11/1977 00:00,734,518,858,158,443,323
25/11/1977 00:00,736,509,859,137,437,345
26/11/1977 00:00,738,497,860,179,430,308
27/11/1977 00:00,740,483,860,143,439,332
28/11/1977 00:00,741,480,860,144,408,313
29/11/1977 00:00,742,476,860,141,395,266
30/11/1977 00:00,743,461,858,120,376,254
01/12/1977 00:00,744,442,852,113,360,232
02/12/1977 00:00,745,422,841,107,351,207
03/12/1977 00:00,745,406,831,102,359,202
04/12/1977 00:00,783.9419981,386,806,105,361,210
05/12/1977 00:00,743,382,787,118,373,215
06/12/1977 00:00,743,366,771,111,380,246
07/12/1977 00:00,743,351,756,102,366,224
08/12/1977 00:00,742,357,751,100,343,215
09/12/1977 00:00,742,354,736,112,338,190
10/12/1977 00:00,742,345,721,124,344,191
11/12/1977 00:00,739,359,721,108,367,207
12/12/1977 00:00,734,356,688,94,343,224
13/12/1977 00:00,730,355,687,103,349,206
14/12/1977 00:00,726,362,681,96,370,228
15/12/1977 00:00,720,360,667,96,350,228
16/12/1977 00:00,715,347,668,90,336,202
17/12/1977 00:00,708,331,662,86,330,183
18/12/1977 00:00,700,312,639,84,323,172
19/12/1977 00:00,692,303,617,93,329,162
20/12/1977 00:00,687,301,599,111,319,171
21/12/1977 00:00,674,290,586,95,305,163
22/12/1977 00:00,664,277,579,83,301,145
23/12/1977 00:00,654,266,565,127,305,130
24/12/1977 00:00,643,257,546,140,307,134
25/12/1977 00:00,627,250,531,110,298,130
26/12/1977 00:00,612,251,525,95,299,125
27/12/1977 00:00,595,252,526,98,305,131
28/12/1977 00:00,582,250,564.5253435,116,307,152
29/12/1977 00:00,570,256,563.7614815,128,299,178
30/12/1977 00:00,555,262,561.586452,149,304,189
31/12/1977 00:00,540,260,559.2324393,120,320,187
01/01/1978 00:00,532,264,529,114,313,172
02/01/1978 00:00,525,244,525,140,311,155
03/01/1978 00:00,517,238,513,102,307,149
04/01/1978 00:00,508,229,498,91,299,142
05/01/1978 00:00,496,220,484,83,306,131
06/01/1978 00:00,476,220,472,70,296,131
07/01/1978 00:00,466,225,459,117.1436791,290,130
08/01/1978 00:00,455,224,454,77,292,128
09/01/1978 00:00,441,224,448,73,291,121
10/01/1978 00:00,431,224,435,120.1316088,298,134
11/01/1978 00:00,420,224,429,117,280,183
12/01/1978 00:00,410,224,435,117,294,144
13/01/1978 00:00,398,224,460,86,287,143
14/01/1978 00:00,395,224,464,76,293,123
15/01/1978 00:00,393,224,448,74,288,120
16/01/1978 00:00,395,224,429,72,282,117
17/01/1978 00:00,391,224,422,71,273,118
18/01/1978 00:00,385,224,413,70,265,98
19/01/1978 00:00,375,224,402,71,257,87
20/01/1978 00:00,364,224,392,71,248,82
21/01/1978 00:00,355,224,379,78,247,78
22/01/1978 00:00,342,224,367,69,267,85
23/01/1978 00:00,330,224,356,70,257,93
24/01/1978 00:00,319,224,343,71,265,70
25/01/1978 00:00,305,224,349,74,254,89
26/01/1978 00:00,291,224,348,110,247,77
27/01/1978 00:00,279,224,340,85,244,90
28/01/1978 00:00,271,224,342,75,252,80
29/01/1978 00:00,263,224,333,97,259,84
30/01/1978 00:00,256,224,326,176,285,97
31/01/1978 00:00,246,224,323,180,274,142
01/02/1978 00:00,239,237.9024675,335,175,266,125
02/02/1978 00:00,233,226.3368461,343,165,266,103
03/02/1978 00:00,232,190.6790592,345,130,285,94
04/02/1978 00:00,232,201.9045423,344,115,290,130
05/02/1978 00:00,232,192.2477271,335,91,298,152
06/02/1978 00:00,226,209.8692618,334,80,289,174
07/02/1978 00:00,220,221.48349,364,95,285,142
08/02/1978 00:00,219,237.7034458,375,84,269,136
09/02/1978 00:00,229,235.0014314,379,134,296,140
10/02/1978 00:00,239,260.8032303,381,96,281,177
11/02/1978 00:00,248,228.302715,375,82,280,138
12/02/1978 00:00,253,236.3422771,382,102,279,129
13/02/1978 00:00,250,234.4390521,386,76,273,127
14/02/1978 00:00,245,226.8374249,361,74,261,127
15/02/1978 00:00,242,217.2967168,352,70,251,109
16/02/1978 00:00,235,199.1641103,346,70,247,81
17/02/1978 00:00,227,178.745172,336,67,255,75
18/02/1978 00:00,219,159.6250967,308,69,250,69
19/02/1978 00:00,211,160.4207716,294,71,236,64
20/02/1978 00:00,203,142.6117174,278,66,238,61
21/02/1978 00:00,190,141.599789,267,60,230,64
22/02/1978 00:00,182,131.3931133,258,63,230,57
23/02/1978 00:00,184,129.9794041,253,62,228,58
24/02/1978 00:00,172,163.5131992,248,64,229,119
25/02/1978 00:00,167,161.9545402,241,66,224,116
26/02/1978 00:00,164,143.5516937,253,72,233,83
27/02/1978 00:00,163,152.4744208,291,66,244,73
28/02/1978 00:00,167,155.0238801,281,62,264,123
01/03/1978 00:00,174,156.8814528,263,62,257,136
02/03/1978 00:00,176,175.1409259,278,91,253,124
03/03/1978 00:00,167,229.4808358,322,71,258,179
04/03/1978 00:00,164,210.502841,338,65,280,168
05/03/1978 00:00,177,231.8951975,367,60,280,170
06/03/1978 00:00,188,264.3388972,400,60,278,179
07/03/1978 00:00,206,280.6697403,396,100,265,165
08/03/1978 00:00,218,261.0810939,414,100,278,132
09/03/1978 00:00,229,271.3267592,410,127,307,183
10/03/1978 00:00,232,252.4350882,389,111,319,206
11/03/1978 00:00,235,249.7823746,388,112,317,199
12/03/1978 00:00,233,296.914338,431,100,294,194
13/03/1978 00:00,233,272.2348884,442,74,290,150
14/03/1978 00:00,244,276.0698254,439,66,275,140
15/03/1978 00:00,252,250.7703391,411,63,263,115
16/03/1978 00:00,249,230.1884152,387,63,255,98
17/03/1978 00:00,239,215.5895761,366,62,247,88
18/03/1978 00:00,231,201.5260915,342,101,251,78
19/03/1978 00:00,215,175.0688861,319,112,264,78
20/03/1978 00:00,201,147.0641267,300,100,287,100
21/03/1978 00:00,188,174.4058081,291,100,271,130
22/03/1978 00:00,176,164.5609466,302,170,297,102
23/03/1978 00:00,172,169.0587757,317,176,319,123
24/03/1978 00:00,172,215.7815962,327,156,314,190
25/03/1978 00:00,179,229.539856,338,132,301,192
26/03/1978 00:00,183,223.4223256,389,184,378,213
27/03/1978 00:00,189,276.0206103,407,140,355,265
28/03/1978 00:00,204,280.8223431,431,199,364,223
29/03/1978 00:00,228,318.2526226,461,152,346,245
30/03/1978 00:00,244,293.6004961,481,142,413,293
31/03/1978 00:00,274,290.9185651,487,124,441,335
01/04/1978 00:00,287,206,534,128,445,336
02/04/1978 00:00,296,217,572,117,416,346
03/04/1978 00:00,313,239,597,142,417,295
04/04/1978 00:00,342,258,601,130,421,298
05/04/1978 00:00,359,274,600,194,453,295
06/04/1978 00:00,365,271,600,155,449,332
07/04/1978 00:00,372,271,602,259,475,334
08/04/1978 00:00,377,307,616,208,470,362
09/04/1978 00:00,380,349,630,197,456,363
10/04/1978 00:00,394,376,648,182,435,322
11/04/1978 00:00,410,374,663,191,459,319
12/04/1978 00:00,421,365,664,205,423,354
13/04/1978 00:00,431,367,665,201,416,303
14/04/1978 00:00,436,354,672,205,450,311
15/04/1978 00:00,438,360,663,198,442,337
16/04/1978 00:00,442,384,671,170,467,347
17/04/1978 00:00,450,418,677,160,460,366
18/04/1978 00:00,458,454,693,191,478,355
19/04/1978 00:00,470,483,703,171,480,393
20/04/1978 00:00,481,504,713,169,491,394
21/04/1978 00:00,493,514,722,159,489,412
22/04/1978 00:00,509,521,730,171,490,311
23/04/1978 00:00,518,527,741,159,497,310
24/04/1978 00:00,529,527,748,151,494,359
25/04/1978 00:00,534,523,751,139,475,401
26/04/1978 00:00,540,515,758,124,458,373
27/04/1978 00:00,547,505,761,115,478,372
28/04/1978 00:00,553,500,766,119,473,392
29/04/1978 00:00,553,498,769,120,451,376
30/04/1978 00:00,556,499,775,107,439,344
01/05/1978 00:00,562,494,776,104,415,319
02/05/1978 00:00,566,490,777,110,432,298
03/05/1978 00:00,569,493,780,125,451,349
04/05/1978 00:00,572,495,783,157,433,350
05/05/1978 00:00,577,510,785,140,426,348
06/05/1978 00:00,583,520,791,126,470,354
07/05/1978 00:00,591,525,793,137,443,368
08/05/1978 00:00,594,525,796,162,428,331
09/05/1978 00:00,599,522,799,147,450,329
10/05/1978 00:00,604,513,803,123,436,341
11/05/1978 00:00,607,506,804,106,433,312
12/05/1978 00:00,610,502,804,105,429,322
13/05/1978 00:00,611,500,803,115,410,304
14/05/1978 00:00,613,493,804,126,389,308
15/05/1978 00:00,616,489,801,128,370,266
16/05/1978 00:00,618,485,799,107,360,262
17/05/1978 00:00,620,486,795,154,347,267
18/05/1978 00:00,620,478,791,277,341,233
19/05/1978 00:00,621,448,784,193,331,220
20/05/1978 00:00,623,436,772,126,338,202
21/05/1978 00:00,623,416,763,110,364,204
22/05/1978 00:00,621,396,748,125,374,241
23/05/1978 00:00,617,379,732,111,342,252
24/05/1978 00:00,613,374,732,105,334,192
25/05/1978 00:00,611,370,727,109,356,206
26/05/1978 00:00,610,372,714,122,388,261
27/05/1978 00:00,608,389,711,109,394,313
28/05/1978 00:00,607,409,740,163,408,306
29/05/1978 00:00,606,421,749,122,435,332
30/05/1978 00:00,609,438,758,107,473,347
31/05/1978 00:00,614,446,768,106,449,408
01/06/1978 00:00,617,459,777,106,415,354
02/06/1978 00:00,620,462,783,118,462,348
03/06/1978 00:00,624,476,789,111,474,380
04/06/1978 00:00,627,504,792,118,463,382
05/06/1978 00:00,630,520,798,191,430,368
06/06/1978 00:00,634,519,805,199,395,312
07/06/1978 00:00,635,510,808,287,378,276
08/06/1978 00:00,638,490,807,212,371,248
09/06/1978 00:00,640,480,805,127,367,244
10/06/1978 00:00,641,468,799,130,374,240
11/06/1978 00:00,642,460,795,144,359,240
12/06/1978 00:00,643,464,793,132,350,225
13/06/1978 00:00,647,466,789,158,341,231
14/06/1978 00:00,651,466,783,156,327,207
15/06/1978 00:00,652,479,773,172,326,219
16/06/1978 00:00,654,482,765,193,334,248
17/06/1978 00:00,655,493,760,139,376,244
18/06/1978 00:00,655,497,758,131,362,275
19/06/1978 00:00,658,502,762,158,368,235
20/06/1978 00:00,658,492,756,251,356,248
21/06/1978 00:00,655,490,746,208,338,217
22/06/1978 00:00,657,492,739,194,349,199
23/06/1978 00:00,657,488,727,178,365,211
24/06/1978 00:00,657,488,709,346,370,227
25/06/1978 00:00,656,481,702,254,361,245
26/06/1978 00:00,656,467,698,210,344,218
27/06/1978 00:00,656,450,699,161,359,206
28/06/1978 00:00,654,431,690,146,369,226
29/06/1978 00:00,652,424,686,140,362,248
30/06/1978 00:00,649,412,682,149,352,252
01/07/1978 00:00,650,405,683,185,345,234
02/07/1978 00:00,647,408,687,210,356,212
03/07/1978 00:00,645,401,666,181,384,248
04/07/1978 00:00,643,397,674,169,408,303
05/07/1978 00:00,641,391,686,155,390,321
06/07/1978 00:00,637,386,698,207,382,288
07/07/1978 00:00,633,382,705,208,368,268
08/07/1978 00:00,629,391,702,218,341,247
09/07/1978 00:00,628,397,692,174,331,220
10/07/1978 00:00,628,391,682,190,364,196
11/07/1978 00:00,626,389,667,172,391,248
12/07/1978 00:00,624,388,659,165,377,266
13/07/1978 00:00,619,416,653,168,415,261
14/07/1978 00:00,618,437,663,164,409,321
15/07/1978 00:00,618,458,667,165,404,292
16/07/1978 00:00,620,465,674,168,391,282
17/07/1978 00:00,622,472,682,139,395,276
18/07/1978 00:00,626,470,682,136,399,289
19/07/1978 00:00,627,467,675,136,375,275
20/07/1978 00:00,626,456,678,127,364,256
21/07/1978 00:00,625,439,677,121,391,242
22/07/1978 00:00,625,418,672,120,381,264
23/07/1978 00:00,623,404,665,116,355,244
24/07/1978 00:00,619,394,662,112,343,214
25/07/1978 00:00,616,412,657,111,331,200
26/07/1978 00:00,612,403,646,108,328,181
27/07/1978 00:00,611,382,631,108,315,181
28/07/1978 00:00,611,384,617,136,305,164
29/07/1978 00:00,607,393,603,174,301,149
30/07/1978 00:00,600,370,591,144,292,140
31/07/1978 00:00,593,367,575,160,290,136
01/08/1978 00:00,585,368,557,165,301,136
02/08/1978 00:00,577,367,548,181,296,154
03/08/1978 00:00,570,363,538,180,290,141
04/08/1978 00:00,563,360,537,170,310,135
05/08/1978 00:00,557,357,533,189,312,159
06/08/1978 00:00,552,361,532,164,312,159
07/08/1978 00:00,547,365,531,165,312,160
08/08/1978 00:00,540,358,534,146,324,170
09/08/1978 00:00,536,360,545,142,325,196
10/08/1978 00:00,534,376,550,228,346,192
11/08/1978 00:00,534,394,559,163,328,214
12/08/1978 00:00,533,399,563,140,333,203
13/08/1978 00:00,535,393,567,177,352,197
14/08/1978 00:00,535,392,566,331,337,230
15/08/1978 00:00,533,391,558,211,306,191
16/08/1978 00:00,531,377,556,154,297,150
17/08/1978 00:00,529,351,550,135,369,134
18/08/1978 00:00,526,339,543,118,395,234
19/08/1978 00:00,519,330,531,110,347,252
20/08/1978 00:00,512,323,542,135,310,180
21/08/1978 00:00,504,309,551,127,293,132
22/08/1978 00:00,499,278,543,109,281,108
23/08/1978 00:00,495,272,508,106,277,97
24/08/1978 00:00,489,251,477,107,283,94
25/08/1978 00:00,478,242,461,142,275,102
26/08/1978 00:00,466,248,450,111,272,104
27/08/1978 00:00,454,267,448,103,278,97
28/08/1978 00:00,447,287,442,85,273,108
29/08/1978 00:00,446,305,450,91,294,101
30/08/1978 00:00,446,320,458,136,300,159
31/08/1978 00:00,448,334,463,151,293,168
01/09/1978 00:00,451,356,478,106,315,158
02/09/1978 00:00,455,374,495,105,301,191
03/09/1978 00:00,460,386,503,158,315,164
04/09/1978 00:00,466,388,507,145,317,171
05/09/1978 00:00,473,393,511,121,303,179
06/09/1978 00:00,476,389,518,103,293,172
07/09/1978 00:00,478,372,523,94,303,146
08/09/1978 00:00,481,370,525,125,303,155
09/09/1978 00:00,481,362,520,134,287,161
10/09/1978 00:00,478,352,523,107,304,150
11/09/1978 00:00,474,349,527,142,316,182
12/09/1978 00:00,470,350,530,108,315,191
13/09/1978 00:00,470,365,533,141,345,187
14/09/1978 00:00,470,373,539,96,356,233
15/09/1978 00:00,475,378,540,98,341,239
16/09/1978 00:00,479,383,546,100,361,237
17/09/1978 00:00,482,399,557,152,351,235
18/09/1978 00:00,484,400,568,166,341,241
19/09/1978 00:00,488,419,568,150,339,239
20/09/1978 00:00,493,428,578,105,318,216
21/09/1978 00:00,501,430,579,91,345,178
22/09/1978 00:00,504,430,573,176,363,211
23/09/1978 00:00,506,435,570,193,337,253
24/09/1978 00:00,508,433,575,151,317,249
25/09/1978 00:00,509,427,582,124,311,230
26/09/1978 00:00,510,431,591,129,340,241
27/09/1978 00:00,512,434,592,166,371,248
28/09/1978 00:00,517,441,597,136,372,293
29/09/1978 00:00,523,443,607,133,398,307
30/09/1978 00:00,529,434,618,163,403,319
01/10/1978 00:00,531,425,634,142,428,330
02/10/1978 00:00,535,415,641,188,402,337
03/10/1978 00:00,537,418,649,234,396,324
04/10/1978 00:00,540,427,663,170,372,310
05/10/1978 00:00,543,432,670,137,354,256
06/10/1978 00:00,547,425,667,133,348,235
07/10/1978 00:00,551,419,660,142,345,236
08/10/1978 00:00,554,402,654,125,330,224
09/10/1978 00:00,555,402,651,123,334,205
10/10/1978 00:00,558,403,650,145,341,197
11/10/1978 00:00,560,401,647,133,375,237
12/10/1978 00:00,562,400,646,138,393,278
13/10/1978 00:00,562,398,649,110,380,280
14/10/1978 00:00,564,398,655,109,354,270
15/10/1978 00:00,567,403,654,106,346,243
16/10/1978 00:00,570,406,665,103,403,326
17/10/1978 00:00,574,403,673,102,367,320
18/10/1978 00:00,576,412,683,119,381,287
19/10/1978 00:00,579,425,691,151,396,319
20/10/1978 00:00,583,433,692,136,412,358
21/10/1978 00:00,587,436,698,112,398,343
22/10/1978 00:00,591,437,711,109,435,325
23/10/1978 00:00,595,448,731,105,456,368
24/10/1978 00:00,631,461,736,103,447,402
25/10/1978 00:00,607,481,739,99,443,375
26/10/1978 00:00,611,485,748,96,434,388
27/10/1978 00:00,616,492,754,105,399,375
28/10/1978 00:00,622,495,762,133,373,307
29/10/1978 00:00,626,495,769,107,375,288
30/10/1978 00:00,631,498,774,119,398,313
31/10/1978 00:00,637,507,776,99,403,315
01/11/1978 00:00,641,509,779,97,388,305
02/11/1978 00:00,645,506,783,99,398,276
03/11/1978 00:00,648,500,781,95,397,271
04/11/1978 00:00,651,485,780,94,391,289
05/11/1978 00:00,654,477,780,95,393,288
06/11/1978 00:00,657,487,782,90,414,341
07/11/1978 00:00,656,485,783,91,417,356
08/11/1978 00:00,657,485,784,93,379,328
09/11/1978 00:00,661,488,785,90,388,287
10/11/1978 00:00,663,489,786,93,392,303
11/11/1978 00:00,666,483,786,98,416,327
12/11/1978 00:00,668,485,786,96,447,353
13/11/1978 00:00,670,485,789,97,476,402
14/11/1978 00:00,672,496,793,96,465,393
15/11/1978 00:00,674,506,795,95,435,383
16/11/1978 00:00,676,501,797,96,419,347
17/11/1978 00:00,677,493,799,92,440,340
18/11/1978 00:00,678,500,800,87,418,350
19/11/1978 00:00,680,498,800,85,403,337
20/11/1978 00:00,682,496,800,83,405,310
21/11/1978 00:00,684,491,806,91,402,326
22/11/1978 00:00,686,491,808,96,393,308
23/11/1978 00:00,688,493,808,95,391,293
24/11/1978 00:00,690,493,805,103,379,275
25/11/1978 00:00,691,477,799,140,375,257
26/11/1978 00:00,692,469,793,107,377,274
27/11/1978 00:00,693,466,785,110,366,269
28/11/1978 00:00,693,450,779,95,361,241
29/11/1978 00:00,692,425,773,84,343,236
30/11/1978 00:00,689,405,758,80,348,205
01/12/1978 00:00,686,383,745,86,339,241
02/12/1978 00:00,685,543.5805887,738,121,325,237
03/12/1978 00:00,683,357,728,110,328,208
04/12/1978 00:00,680,354,715,97,347,200
05/12/1978 00:00,678,357,703,132,410,240
06/12/1978 00:00,674,370,693,115,413,304
07/12/1978 00:00,670,380,703,105,390,298
08/12/1978 00:00,667,385,717,122,374,275
09/12/1978 00:00,665,397,717,144,404,258
10/12/1978 00:00,663,421,711,134,393,310
11/12/1978 00:00,662,446,709,159,424,332
12/12/1978 00:00,660,459,718,155,424,325
13/12/1978 00:00,660,463,725,125,430,317
14/12/1978 00:00,658,455,732,140,411,313
15/12/1978 00:00,658,451,731,152,436,291
16/12/1978 00:00,656,451,726,117,462,351
17/12/1978 00:00,656,447,722,115,410,353
18/12/1978 00:00,654,424,727,112,415,287
19/12/1978 00:00,651,421,725,110,418,305
20/12/1978 00:00,649,412,719,105,420,283
21/12/1978 00:00,647,404,715,103,392,266
22/12/1978 00:00,644,404,705,101,374,245
23/12/1978 00:00,641,401,693,117,385,229
24/12/1978 00:00,639,392,679,112,358,238
25/12/1978 00:00,633,384,665,79,345,217
26/12/1978 00:00,629,321,645,79,336,196
27/12/1978 00:00,625,361,625,78,338,185
28/12/1978 00:00,619,346,613,74,324,185
29/12/1978 00:00,614,340,595,71,333,174
30/12/1978 00:00,606,331,583,85,337,168
31/12/1978 00:00,597,319,577,70,326,160
01/01/1979 00:00,586,361.3477649,570,70,312,159
02/01/1979 00:00,575,358.4992891,563,69,307,156
03/01/1979 00:00,566,352.4912419,545,67,296,152
04/01/1979 00:00,553,336.4355369,537,66,296,137
05/01/1979 00:00,541,333.4206263,525,67,290,137
06/01/1979 00:00,527,317.9493016,505,71,291,136
07/01/1979 00:00,513,313.1464013,492,69,283,133
08/01/1979 00:00,498,280.1919943,483,75,305,123
09/01/1979 00:00,483,316.735259,478,111,294,150
10/01/1979 00:00,468,312.048755,473,83,276,137
11/01/1979 00:00,454,296.5109136,469,88,275,113
12/01/1979 00:00,441,279.5699511,463,78,281,109
13/01/1979 00:00,428,259.6808551,453,70,294,115
14/01/1979 00:00,418,273.0243979,442,66,283,135
15/01/1979 00:00,406,265.4030659,432,64,272,119
16/01/1979 00:00,392,262.2873105,430,67,268,109
17/01/1979 00:00,383,266.7190236,427,64,263,114
18/01/1979 00:00,373,257.4472028,421,62,258,100
19/01/1979 00:00,362,254.2144452,415,60,250,91
20/01/1979 00:00,450,250.9237853,404,60,248,91
21/01/1979 00:00,338,233.7203432,393,60,249,84
22/01/1979 00:00,328,230.0288744,383,60,243,81
23/01/1979 00:00,319,230.9776695,374,63,265,127
24/01/1979 00:00,308,242.0221367,366,60,252,136
25/01/1979 00:00,300,211.1148244,376,60,266,97
26/01/1979 00:00,295,226.0797854,385,60,265,109
27/01/1979 00:00,291,236.144309,379,88,263,113
28/01/1979 00:00,289,213.365392,373,119,291,110
29/01/1979 00:00,280,255.7047818,371,126,281,161
30/01/1979 00:00,273,240.9276499,370,97,278,151
31/01/1979 00:00,266,228.7536861,385,92,297,147
01/02/1979 00:00,263,216.637074,398,70,319,160
02/02/1979 00:00,265,247.3156739,399,64,296,175
03/02/1979 00:00,266,237.4729197,400,63,285,141
04/02/1979 00:00,262,239.6499677,399,62,274,129
05/02/1979 00:00,257,236.8376254,396,60,263,112
06/02/1979 00:00,257,218.3548998,378,60,260,99
07/02/1979 00:00,253,211.6391869,367,58,252,90
08/02/1979 00:00,247,192.3546543,351,58,253,80
09/02/1979 00:00,233,167.7896097,332,56,263,81
10/02/1979 00:00,218,170.592617,317,54,264,107
11/02/1979 00:00,209,175.2692251,304,54,258,121
12/02/1979 00:00,203,157.1990021,308,54,264,97
13/02/1979 00:00,194,175.4528107,316,59,260,108
14/02/1979 00:00,192,171.6970378,319,55,262,104
15/02/1979 00:00,197,178.5264762,313,58,277,144
16/02/1979 00:00,198,203.1625108,323,74,263,140
17/02/1979 00:00,198,176.6880465,336,68,281,114
18/02/1979 00:00,199,180.173692,344,61,291,130
19/02/1979 00:00,201,201.0029484,343,57,286,159
20/02/1979 00:00,207,224.908625,364,55,267,143
21/02/1979 00:00,207,210.3659437,374,54,270,113
22/02/1979 00:00,206,214.639377,382,53,265,103
23/02/1979 00:00,212,195.0134946,352,52,259,98
24/02/1979 00:00,214,162.8172257,331,53,280,104
25/02/1979 00:00,209,176.7875395,313,80,264,107
26/02/1979 00:00,199,169.992798,307,126,288,115
27/02/1979 00:00,192,209.2850918,316,138,290,164
28/02/1979 00:00,189,209.905687,327,110,291,170
01/03/1979 00:00,193,206.9221504,345,143,306,148
02/03/1979 00:00,202,233.1071081,375,93,294,164
03/03/1979 00:00,208,204.4538645,390,94,321,142
04/03/1979 00:00,216,217.3221596,383,91,322,174
05/03/1979 00:00,220,176.1900719,365,89,352,178
06/03/1979 00:00,223,260.3347153,377,202,344,220
07/03/1979 00:00,218,255.0445704,396,132,327,203
08/03/1979 00:00,221,250.0058482,425,165,363,198
09/03/1979 00:00,242,244.9374678,436,134,399,251
10/03/1979 00:00,257,260.8945501,437,151,413,287
11/03/1979 00:00,274,301.7608307,464,150,389,282
12/03/1979 00:00,281,298.5095761,478,100,362,246
13/03/1979 00:00,285,293.3324461,484,97,345,205
14/03/1979 00:00,291,282.6740948,475,85,336,191
15/03/1979 00:00,307,274.5794369,467,75,330,183
16/03/1979 00:00,314,255.3746719,452,72,331,173
17/03/1979 00:00,289,256.5885904,442,79,324,173
18/03/1979 00:00,277,228.5505252,437,73,346,173
19/03/1979 00:00,270,276.8847256,431,194,352,197
20/03/1979 00:00,258,256.4745443,430,135,346,191
21/03/1979 00:00,255,200.5227543,438,93,405,210
22/03/1979 00:00,249,246.1432485,440,113,387,241
23/03/1979 00:00,251,233.4421849,445,110,412,256
24/03/1979 00:00,253,304.0245739,471,136,388,285
25/03/1979 00:00,258,287.0874408,488,115,394,259
26/03/1979 00:00,262,307.6065796,499,146,405,278
27/03/1979 00:00,274,278.129768,509,109,431,281
28/03/1979 00:00,284,326.8268971,513,114,402,305
29/03/1979 00:00,292,329.1071308,519,98,364,250
30/03/1979 00:00,297,302.5708774,528,81,367,211
31/03/1979 00:00,296,285.3748606,516,73,368,204
01/04/1979 00:00,298,264.1341162,485,74,366,203
02/04/1979 00:00,298,292.4830967,480,115,343,194
03/04/1979 00:00,297,259.8072684,475,83,363,198
04/04/1979 00:00,292,278.1583574,470,74,368,247
05/04/1979 00:00,284,293.1589948,468,90,345,228
06/04/1979 00:00,286,308.3342469,477,142,377,262
07/04/1979 00:00,282,295.2325548,498,112,398,267
08/04/1979 00:00,285,305.9403959,506,101,393,273
09/04/1979 00:00,289,327.026286,510,156,385,257
10/04/1979 00:00,296,324.2747449,518,112,386,270
11/04/1979 00:00,305,351.8114013,525,152,369,255
12/04/1979 00:00,314,382.5923195,529,211,339,217
13/04/1979 00:00,318,380.8399429,525,224,332,200
14/04/1979 00:00,324,355.1787072,515,185,330,190
15/04/1979 00:00,320,302.5319679,507,169,375,196
16/04/1979 00:00,316,344.9905298,505,191,380,262
17/04/1979 00:00,313,333.2041437,500,158,369,251
18/04/1979 00:00,308,280.8930632,507,119,407,242
19/04/1979 00:00,312,367.1575858,513,243,387,269
20/04/1979 00:00,322,329.0979532,519,155,386,250
21/04/1979 00:00,331,330.5220832,528,127,392,267
22/04/1979 00:00,335,326.1860269,525,131,419,304
23/04/1979 00:00,340,370.0146901,535,212,448,361
24/04/1979 00:00,349,291.2373648,551,147,479,302
25/04/1979 00:00,355,339.4127987,588,116,494,377
26/04/1979 00:00,365,386.6207445,618,162,498,396
27/04/1979 00:00,380,419.6043746,633,216,490,386
28/04/1979 00:00,392,430.4158031,645,206,498,407
29/04/1979 00:00,413,410.4151652,660,138,519,429
30/04/1979 00:00,428,418.8020166,674,145,526,432
01/05/1979 00:00,446,408.5444382,686,144,545,431
02/05/1979 00:00,460,440.6934387,699,143,528,440
03/05/1979 00:00,467,474.4565989,713,213,531,441
04/05/1979 00:00,477,510.6652952,722,188,491,439
05/05/1979 00:00,487,494.8372905,729,154,485,415
06/05/1979 00:00,495,517.5505395,733,156,461,407
07/05/1979 00:00,499,517.939943,735,150,433,364
08/05/1979 00:00,502,550.2563888,738,168,403,354
09/05/1979 00:00,505,464.6341266,737,164,380,183
10/05/1979 00:00,507,501.7940977,732,121,365,250
11/05/1979 00:00,508,484.1026368,718,115,357,229
12/05/1979 00:00,509,484.3418029,707,154,361,226
13/05/1979 00:00,510,491.5805278,701,163,350,222
14/05/1979 00:00,510,479.5082327,696,118,340,219
15/05/1979 00:00,510,453.0662204,688,134,344,183
16/05/1979 00:00,508,430.3651328,675,148,356,173
17/05/1979 00:00,508,411.6481597,672,138,369,173
18/05/1979 00:00,507,358.0416745,683,115,423,173
19/05/1979 00:00,507,358.9370598,692,107,441,197
20/05/1979 00:00,510,384.5395142,706,99,419,191
21/05/1979 00:00,514,388.2798234,715,126,444,210
22/05/1979 00:00,524,419.540874,719,179,439,216
23/05/1979 00:00,534,411.6386293,726,177,477,256
24/05/1979 00:00,538,405.6225644,731,171,503,285
25/05/1979 00:00,543,397.4947516,735,160,494,259
26/05/1979 00:00,548,430.3349584,739,144,470,278
27/05/1979 00:00,554,499.0081933,745,198,427,281
28/05/1979 00:00,557,545.8115785,749,193,396,305
29/05/1979 00:00,561,529.0235067,754,172,406,300
30/05/1979 00:00,565,452.3395943,759,157,426,211
31/05/1979 00:00,567,463.0614671,761,186,423,204
01/06/1979 00:00,568,578.8796641,764,313,419,306
02/06/1979 00:00,573,545.9679056,767,208,428,325
03/06/1979 00:00,577,541.7176161,774,184,432,330
04/06/1979 00:00,581,526.6216756,782,172,449,330
05/06/1979 00:00,586,529.1346842,791,125,465,376
06/06/1979 00:00,592,556.5085725,797,139,461,398
07/06/1979 00:00,601,586.7590797,804,178,439,380
08/06/1979 00:00,608,538.3579782,809,157,488,386
09/06/1979 00:00,612,561.6627789,815,142,478,409
10/06/1979 00:00,617,565.2880472,818,136,467,397
11/06/1979 00:00,623,537.3239767,821,128,486,383
12/06/1979 00:00,628,549.7516187,825,128,481,390
13/06/1979 00:00,632,592.0079133,828,148,448,390
14/06/1979 00:00,636,616.491483,830,177,428,378
15/06/1979 00:00,640,582.6971361,832,201,423,299
16/06/1979 00:00,643,591.1274081,834,188,405,289
17/06/1979 00:00,646,583.5350879,837,164,415,303
18/06/1979 00:00,649,586.5507946,836,177,423,314
19/06/1979 00:00,651,585.7449686,836,140,409,312
20/06/1979 00:00,653,589.1923545,835,121,384,290
21/06/1979 00:00,655,608.1142076,833,189,374,267
22/06/1979 00:00,657,622.0088289,831,204,359,259
23/06/1979 00:00,657,607.6965928,824,174,349,246
24/06/1979 00:00,660,584.8387438,818,148,355,241
25/06/1979 00:00,664,590.6865884,812,182,361,247
26/06/1979 00:00,667,617.6090642,807,268,358,241
27/06/1979 00:00,668,604.1790239,788,223,337,235
28/06/1979 00:00,668,582.4877637,778,259,354,218
29/06/1979 00:00,670,521.0626703,770,179,382,220
30/06/1979 00:00,670,546.7287437,758,167,369,262
01/07/1979 00:00,669,525.2213945,753,157,377,252
02/07/1979 00:00,669,533.8446569,753,145,367,257
03/07/1979 00:00,668,551.5802487,748,138,332,240
04/07/1979 00:00,668,553.2236185,741,170,318,210
05/07/1979 00:00,668,575.9341,731,257,312,198
06/07/1979 00:00,666,611.5090621,712,357,301,202
07/07/1979 00:00,664,514.8652947,693,232,312,160
08/07/1979 00:00,660,487.8894799,684,178,332,191
09/07/1979 00:00,655,455.036034,674,174,363,202
10/07/1979 00:00,649,452.3829228,658,167,371,234
11/07/1979 00:00,644,500.3967748,652,186,326,236
12/07/1979 00:00,639,484.8619131,652,169,307,191
13/07/1979 00:00,633,469.4724568,657,146,312,182
14/07/1979 00:00,629,458.5709616,642,136,318,198
15/07/1979 00:00,624,448.376841,630,123,320,207
16/07/1979 00:00,620,432.1938085,632,123,339,209
17/07/1979 00:00,617,487.9103568,643,221,347,241
18/07/1979 00:00,615,474.6526535,649,185,356,248
19/07/1979 00:00,617,490.0926463,658,136,365,305
20/07/1979 00:00,615,480.9944954,671,124,360,274
21/07/1979 00:00,615,500.4244776,677,184,355,255
22/07/1979 00:00,614,514.2775943,681,170,330,241
23/07/1979 00:00,612,501.1489191,677,119,312,226
24/07/1979 00:00,611,489.8296561,663,149,312,207
25/07/1979 00:00,607,483.8192119,653,195,328,208
26/07/1979 00:00,603,481.5306645,642,170,341,253
27/07/1979 00:00,601,505.4473567,634,190,303,229
28/07/1979 00:00,596,478.6763821,642,158,299,189
29/07/1979 00:00,591,464.4763326,638,147,303,184
30/07/1979 00:00,586,458.3513426,618,147,294,184
31/07/1979 00:00,578,427.9919834,603,122,309,192
01/08/1979 00:00,570,421.3985585,597,107,306,193
02/08/1979 00:00,565,389.610957,605,109,346,195
03/08/1979 00:00,564,463.0718073,605,160,325,250
04/08/1979 00:00,558,480.9415027,603,191,294,214
05/08/1979 00:00,555,449.6906192,605,143,293,188
06/08/1979 00:00,554,424.2650506,601,160,310,169
07/08/1979 00:00,550,429.9820706,584,176,306,183
08/08/1979 00:00,546,427.7669969,568,184,294,175
09/08/1979 00:00,540,426.8829011,561,203,287,160
10/08/1979 00:00,532,391.3268668,557,118,284,153
11/08/1979 00:00,522,375.8993914,545,100,283,152
12/08/1979 00:00,512,364.4547438,535,96,284,150
13/08/1979 00:00,500,362.9962263,518,118,276,143
14/08/1979 00:00,488,364.4706685,507,113,264,143
15/08/1979 00:00,478,355.4639808,501,117,271,145
16/08/1979 00:00,470,336.8077749,497,118,292,153
17/08/1979 00:00,460,360.6142901,491,141,286,176
18/08/1979 00:00,462,329.2984472,503,122,316,170
19/08/1979 00:00,465,381.5129542,515,116,299,216
20/08/1979 00:00,477,387.7961061,519,113,283,197
21/08/1979 00:00,481,379.5933717,539,114,293,175
22/08/1979 00:00,487,406.1887051,543,119,290,205
23/08/1979 00:00,493,369.358658,533,120,309,187
24/08/1979 00:00,494,370.2769913,542,151,342,212
25/08/1979 00:00,493,407.0236565,549,168,349,264
26/08/1979 00:00,495,401.0058963,556,155,355,263
27/08/1979 00:00,498,391.7259027,546,174,369,271
28/08/1979 00:00,504,424.4576015,589,165,372,282
29/08/1979 00:00,505,468.8195761,603,180,374,331
30/08/1979 00:00,516,440.1804816,625,185,406,306
31/08/1979 00:00,523,477.3615418,640,206,431,375
01/09/1979 00:00,531,480.703911,655,175,429,377
02/09/1979 00:00,537,480.639003,676,163,440,376
03/09/1979 00:00,542,481.0536485,694,159,443,362
04/09/1979 00:00,549,469.2735584,701,145,454,360
05/09/1979 00:00,558,502.1601033,705,138,429,372
06/09/1979 00:00,564,508.4455767,709,142,394,319
07/09/1979 00:00,567,523.6790682,713,144,373,304
08/09/1979 00:00,571,538.0667707,716,137,379,337
09/09/1979 00:00,574,499.165146,714,131,394,304
10/09/1979 00:00,576,483.6015275,714,136,428,330
11/09/1979 00:00,578,532.3129138,722,153,403,349
12/09/1979 00:00,580,535.9883171,729,137,383,324
13/09/1979 00:00,587,506.5420429,735,134,407,309
14/09/1979 00:00,594,520.4384525,739,128,399,317
15/09/1979 00:00,596,513.1329186,743,139,411,313
16/09/1979 00:00,597,525.6723627,743,131,391,306
17/09/1979 00:00,598,526.1596218,745,126,377,285
18/09/1979 00:00,601,484.8906046,745,143,427,288
19/09/1979 00:00,606,555.1730434,754,170,413,352
20/09/1979 00:00,609,505.165579,757,162,441,317
21/09/1979 00:00,614,508.1764687,764,139,450,341
22/09/1979 00:00,615,547.1999258,768,135,419,352
23/09/1979 00:00,617,555.0815275,771,145,412,344
24/09/1979 00:00,621,521.4771517,771,132,425,318
25/09/1979 00:00,625,534.5173569,772,125,412,321
26/09/1979 00:00,627,548.7015259,770,138,401,321
27/09/1979 00:00,630,514.6499792,718,133,372,285
28/09/1979 00:00,633,534.8449112,755,128,355,249
29/09/1979 00:00,635,533.0296493,752,125,346,237
30/09/1979 00:00,639,526.4862502,749,120,343,228
01/10/1979 00:00,641,462,741,103,340,233
02/10/1979 00:00,643,460,732,118,352,225
03/10/1979 00:00,645,455,724,157,338,252
04/10/1979 00:00,646,451,713,119,334,217
05/10/1979 00:00,646,445,703,110,331,214
06/10/1979 00:00,645,444,697,105,322,219
07/10/1979 00:00,645,430,689,111,321,210
08/10/1979 00:00,646,435,685,112,310,204
09/10/1979 00:00,644,439,681,127,313,213
10/10/1979 00:00,642,435,679,100,304,228
11/10/1979 00:00,641,438,680,101,323,201
12/10/1979 00:00,640,430,679,104,334,226
13/10/1979 00:00,640,428,674,142,350,241
14/10/1979 00:00,640,419,681,114,338,237
15/10/1979 00:00,638,428,692,112,389,265
16/10/1979 00:00,637,434,703,129,360,295
17/10/1979 00:00,638,452,707,229,392,277
18/10/1979 00:00,640,468,715,173,443,331
19/10/1979 00:00,642,478,724,146,449,362
20/10/1979 00:00,646,497,729,118,440,363
21/10/1979 00:00,653,510,746,112,452,388
22/10/1979 00:00,655,515,753,107,470,390
23/10/1979 00:00,658,524,760,113,463,413
24/10/1979 00:00,662,530,768,99,455,405
25/10/1979 00:00,663,534,776,104,447,392
26/10/1979 00:00,665,544,783,102,422,374
27/10/1979 00:00,667,547,793,108,465,384
28/10/1979 00:00,675,550,801,117,492,409
29/10/1979 00:00,677,552,810,112,507,434
30/10/1979 00:00,680,555,818,84,525,439
31/10/1979 00:00,685,554,823,76,516,445
01/11/1979 00:00,689,555,830,80,459,440
02/11/1979 00:00,691,557,835,90,426,397
03/11/1979 00:00,693,553,841,100,403,353
04/11/1979 00:00,695,552,845,105,405,333
05/11/1979 00:00,696,549,849,109,408,320
06/11/1979 00:00,698,544,853,89,417,306
07/11/1979 00:00,700,542,857,106,482,360
08/11/1979 00:00,702,544,863,143,478,403
09/11/1979 00:00,706,544,867,132,481,401
10/11/1979 00:00,710,547,869,103,492,401
11/11/1979 00:00,714,549,875,127,513,408
12/11/1979 00:00,718,548,876,126,493,416
13/11/1979 00:00,721,550,883,102,496,405
14/11/1979 00:00,725,550,887,125,488,414
15/11/1979 00:00,729,550,890,165,481,393
16/11/1979 00:00,733,549,891,189,484,382
17/11/1979 00:00,737,548,892,135,500,405
18/11/1979 00:00,742,547,891,144,513,410
19/11/1979 00:00,750,544,890,132,516,407
20/11/1979 00:00,757,546,890,111,470,422
21/11/1979 00:00,762,539,889,167,464,392
22/11/1979 00:00,766,536,888,123,475,386
23/11/1979 00:00,770,535,887,128,479,371
24/11/1979 00:00,774,534,885,147,464,366
25/11/1979 00:00,778,534,889,177,472,384
26/11/1979 00:00,784,535,887,230,482,391
27/11/1979 00:00,788,538,886,228,526,408
28/11/1979 00:00,791,539,884,188,538,419
29/11/1979 00:00,795,540,882,135,519,421
30/11/1979 00:00,799,540,881,129,480,420
01/12/1979 00:00,802,540,877,159,461,401
02/12/1979 00:00,804,539,875,154,424,365
03/12/1979 00:00,806,538,871,125,388,317
04/12/1979 00:00,810,530,867,153,387,288
05/12/1979 00:00,812,527,863,126,386,280
06/12/1979 00:00,813,517,859,104,366,265
07/12/1979 00:00,814,507,852,189,359,239
08/12/1979 00:00,814,498,842,191,349,232
09/12/1979 00:00,814,492,832,175,342,218
10/12/1979 00:00,813,479,810,149,367,212
11/12/1979 00:00,812,471,788,114,373,248
12/12/1979 00:00,811,453,774,105,352,240
13/12/1979 00:00,810,437,762,95,345,219
14/12/1979 00:00,809,423,747,91,342,212
15/12/1979 00:00,806,433,729,131,327,208
16/12/1979 00:00,802,439,713,127,329,199
17/12/1979 00:00,798,437,699,144,335,197
18/12/1979 00:00,794,435,685,136,351,260
19/12/1979 00:00,789,435,688,120,356,235
20/12/1979 00:00,785,435,692,147,371,262
21/12/1979 00:00,779,424,687,119,353,274
22/12/1979 00:00,774,416,688,103,352,243
23/12/1979 00:00,768,405,685,93,349,236
24/12/1979 00:00,763,410,671,94,344,228
25/12/1979 00:00,758,421,657,100,336,220
26/12/1979 00:00,752,419,646,98,336,208
27/12/1979 00:00,746,406,634,91,323,204
28/12/1979 00:00,738,383,621,94,310,188
29/12/1979 00:00,731,373,611,80,307,174
30/12/1979 00:00,722,345,596,86,317,170
31/12/1979 00:00,713,339,580,89,337,170
01/01/1980 00:00,704,344,569,134,317,177
02/01/1980 00:00,694,343,570,186,345,186
03/01/1980 00:00,686,340,575,157,351,225
04/01/1980 00:00,675,354,567,125,359,227
05/01/1980 00:00,665,355,576,118,358,249
06/01/1980 00:00,655,336,582,104,354,234
07/01/1980 00:00,647,324,585,93,339,227
08/01/1980 00:00,639,307,581,88,322,204
09/01/1980 00:00,630,388,570,84,309,186
10/01/1980 00:00,619,280,557,81,302,178
11/01/1980 00:00,635,267,541,78,302,162
12/01/1980 00:00,593,258,526,94,300,160
13/01/1980 00:00,579,249,514,91,290,158
14/01/1980 00:00,569,243,488,93,293,148
15/01/1980 00:00,551,237,480,103,300,149
16/01/1980 00:00,551,231,469,153,293,159
17/01/1980 00:00,521,236,463,170,299,149
18/01/1980 00:00,509,242,455,116,312,157
19/01/1980 00:00,497,253,451,99,336,170
20/01/1980 00:00,482,258,458,91,340,193
21/01/1980 00:00,478,260,464,87,339,200
22/01/1980 00:00,469,260,473,83,335,198
23/01/1980 00:00,463,255,482,79,310,196
24/01/1980 00:00,458,249,479,77,300,164
25/01/1980 00:00,453,248,467,77,297,148
26/01/1980 00:00,446,255,451,79,290,139
27/01/1980 00:00,438,238,435,77,286,139
28/01/1980 00:00,438,222,422,74,283,134
29/01/1980 00:00,416,213,413,75,286,129
30/01/1980 00:00,403,212,402,73,286,136
31/01/1980 00:00,387,206,396,72,330,148
01/02/1980 00:00,377,266.2153126,399,97,311,204
02/02/1980 00:00,369,248.0287886,398,117,315,171
03/02/1980 00:00,366,243.7420594,401,119,326,177
04/02/1980 00:00,371,174.9833695,407,132,400,169
05/02/1980 00:00,375,261.2333153,425,100,402,308
06/02/1980 00:00,374,285.0867652,453,150,411,298
07/02/1980 00:00,377,325.1753762,490,124,385,292
08/02/1980 00:00,388,352.3072153,520,133,358,251
09/02/1980 00:00,403,333.2203429,516,107,347,222
10/02/1980 00:00,408,316.8327145,508,95,342,204
11/02/1980 00:00,408,309.9707851,493,81,330,200
12/02/1980 00:00,403,299.7367777,480,77,317,181
13/02/1980 00:00,394,294.7326942,472,70,305,168
14/02/1980 00:00,383,273.4164284,455,68,302,151
15/02/1980 00:00,374,259.0959521,430,68,293,144
16/02/1980 00:00,362,234.7753501,406,67,290,130
17/02/1980 00:00,351,226.3838769,398,66,293,132
18/02/1980 00:00,337,218.2535822,380,85,298,138
19/02/1980 00:00,324,229.7934509,373,95,295,155
20/02/1980 00:00,312,208.7723691,373,89,308,146
21/02/1980 00:00,306,239.2484619,380,117,329,204
22/02/1980 00:00,331,294.719479,388,149,333,270
23/02/1980 00:00,300,258.7182658,396,104,344,248
24/02/1980 00:00,299,299.767188,450,82,328,237
25/02/1980 00:00,306,299.8169442,467,77,319,205
26/02/1980 00:00,318,295.4229167,463,80,310,186
27/02/1980 00:00,327,294.3233794,453,110,303,167
28/02/1980 00:00,328,259.6928597,435,92,311,156
29/02/1980 00:00,323,255.3424506,410,107,307,164
01/03/1980 00:00,316,198,391,110,299,160
02/03/1980 00:00,305,194,381,76,290,150
03/03/1980 00:00,296,194,376,125,284,134
04/03/1980 00:00,288,197,373,106,284,125
05/03/1980 00:00,281,190,366,85,278,135
06/03/1980 00:00,274,180,351,79,290,133
07/03/1980 00:00,267,180,341,75,301,144
08/03/1980 00:00,258,172,334,72,286,149
09/03/1980 00:00,253,172,332,69,284,130
10/03/1980 00:00,250,174,338,67,288,129
11/03/1980 00:00,247,163,333,66,276,136
12/03/1980 00:00,244,160,323,79,270,125
13/03/1980 00:00,239,153,314,95,275,120
14/03/1980 00:00,234,149,309,99,285,123
15/03/1980 00:00,229,147,305,224,292,142
16/03/1980 00:00,239,147,303,141,296,155
17/03/1980 00:00,220,145,312,100,284,159
18/03/1980 00:00,216,145,325,100,317,137
19/03/1980 00:00,216,141,343,100,321,174
20/03/1980 00:00,220,133,352,99,312,188
21/03/1980 00:00,224,135,357,97,303,173
22/03/1980 00:00,225,128,376,92,305,159
23/03/1980 00:00,231,120,385,110,317,161
24/03/1980 00:00,235,123,364,111,304,173
25/03/1980 00:00,235,120,347,140,285,161
26/03/1980 00:00,234,125,354,177,299,148
27/03/1980 00:00,230,123,352,136,290,162
28/03/1980 00:00,228,119,347,153,286,145
29/03/1980 00:00,227,113,345,225,308,139
30/03/1980 00:00,224,137,343,368,302,162
31/03/1980 00:00,223,178,338,195,290,180
01/04/1980 00:00,223,120,338,141,301,153
02/04/1980 00:00,222,118,346,118,333,160
03/04/1980 00:00,226,114,359,105,357,213
04/04/1980 00:00,231,110,356,135,318,202
05/04/1980 00:00,233,108,369,140,299,203
06/04/1980 00:00,230,120,393,145,295,165
07/04/1980 00:00,230,121,406,123,317,164
08/04/1980 00:00,243,122,399,107,329,225
09/04/1980 00:00,250,146,378,149,331,211
10/04/1980 00:00,253,146,393,165,329,209
11/04/1980 00:00,252,146,413,135,313,213
12/04/1980 00:00,257,143,418,119,317,184
13/04/1980 00:00,264,131,424,102,330,194
14/04/1980 00:00,266,126,412,93,327,194
15/04/1980 00:00,266,119,397,132,347,187
16/04/1980 00:00,263,113,396,112,337,236
17/04/1980 00:00,259,113,405,157,329,209
18/04/1980 00:00,256,110,431,168,325,186
19/04/1980 00:00,256,113,432,260,312,181
20/04/1980 00:00,262,130,423,293,296,162
21/04/1980 00:00,265,134,402,256,305,141
22/04/1980 00:00,267,137,391.8150192,255,320,162
23/04/1980 00:00,264,165,421.5012236,173,364,198
24/04/1980 00:00,262,215,459.7221754,130,399,263
25/04/1980 00:00,264,227,469.3795454,131,396,291
26/04/1980 00:00,277,259,470.381116,248,372,287
27/04/1980 00:00,290,280,476.2118136,155,372,260
28/04/1980 00:00,310,285,484.6919642,125,361,262
29/04/1980 00:00,329,276,505.4171899,150,405,261
30/04/1980 00:00,344,268,473,119,382,324
01/05/1980 00:00,347,269,490,116,338,280
02/05/1980 00:00,348,254,514,153,356,228
03/05/1980 00:00,350,252,504,160,370,268
04/05/1980 00:00,353,262,493,252,383,255
05/05/1980 00:00,356,278,505,194,364,258
06/05/1980 00:00,357,254,498,149,342,234
07/05/1980 00:00,358,264,490,213,365,219
08/05/1980 00:00,359,290,491,198,387,258
09/05/1980 00:00,361,301,484,188,371,275
10/05/1980 00:00,363,312,495,138,356,271
11/05/1980 00:00,367,311,506,121,395,315
12/05/1980 00:00,373,321,516,117,375,281
13/05/1980 00:00,377,315,520,192,363,251
14/05/1980 00:00,382,305,523,174,359,234
15/05/1980 00:00,385,308,521,128,381,269
16/05/1980 00:00,383,330,515,124,379,303
17/05/1980 00:00,386,340,518,114,382,290
18/05/1980 00:00,390,342,523,181,399,285
19/05/1980 00:00,395,355,530,200,407,305
20/05/1980 00:00,399,375,540,146,404,296
21/05/1980 00:00,406,378,550,129,405,283
22/05/1980 00:00,412,378,556,165,408,305
23/05/1980 00:00,418,365,558,188,367,299
24/05/1980 00:00,423,363,561,142,363,256
25/05/1980 00:00,424,365,564,122,361,249
26/05/1980 00:00,424,355,559,171,377,245
27/05/1980 00:00,424,361,557,161,393,299
28/05/1980 00:00,424,369,560,134,357,300
29/05/1980 00:00,426,374,568,123,340,244
30/05/1980 00:00,432,374,575,110,369,235
31/05/1980 00:00,437,383,572,105,348,275
01/06/1980 00:00,443,375,577,105,393,277
02/06/1980 00:00,446,380,581,199,384,318
03/06/1980 00:00,451,419,586,149,353,286
04/06/1980 00:00,455,426,601,155,407,259
05/06/1980 00:00,462,418,611,166,411,317
06/06/1980 00:00,468,422,614,152,380,318
07/06/1980 00:00,473,415,616,259,369,292
08/06/1980 00:00,474,399,613,282,376,271
09/06/1980 00:00,475,399,610,285,371,267
10/06/1980 00:00,476,389,608,218,395,265
11/06/1980 00:00,478,386,608,311,432,312
12/06/1980 00:00,483,402,616,227,423,335
13/06/1980 00:00,485,423,617,194,449,341
14/06/1980 00:00,493,439,620,178,474,380
15/06/1980 00:00,497,464,633,163,480,372
16/06/1980 00:00,502,470,641,147,450,362
17/06/1980 00:00,508,455,646,141,397,331
18/06/1980 00:00,512,440,650,119,366,271
19/06/1980 00:00,513,430,647,126,359,244
20/06/1980 00:00,513,428,642,201,379,260
21/06/1980 00:00,513,415,637,217,380,298
22/06/1980 00:00,513,414,638,198,361,268
23/06/1980 00:00,516,429,641,166,363,262
24/06/1980 00:00,518,434,641,158,367,261
25/06/1980 00:00,521,427,639,125,351,251
26/06/1980 00:00,521,422,630,185,353,224
27/06/1980 00:00,522,416,618,256,333,227
28/06/1980 00:00,518,410,607,202,320,199
29/06/1980 00:00,514,299,594,189,316,183
30/06/1980 00:00,509,285,577,196,345,174
01/07/1980 00:00,504,283,558,193,337,213
02/07/1980 00:00,497,273,553,138,330,194
03/07/1980 00:00,488,252,551,156,334,197
04/07/1980 00:00,482,233,546,150,340,224
05/07/1980 00:00,477,228,538,223,328,208
06/07/1980 00:00,477,227,539,158,317,187
07/07/1980 00:00,475,233,533,139,304,174
08/07/1980 00:00,469,244,521,123,351,152
09/07/1980 00:00,462,258,507,131,333,219
10/07/1980 00:00,456,279,500,169,307,192
11/07/1980 00:00,452,274,497,167,300,167
12/07/1980 00:00,443,265,507,136,292,174
13/07/1980 00:00,436,263,495,129,303,160
14/07/1980 00:00,432,269,483,150,314,163
15/07/1980 00:00,426,278,477,213,297,187
16/07/1980 00:00,422,277,474,239,291,165
17/07/1980 00:00,418,285,488,234,288,150
18/07/1980 00:00,413,288,479,220,297,142
19/07/1980 00:00,413,275,476,227,312,153
20/07/1980 00:00,411,280,475,185,325,177
21/07/1980 00:00,409,288,474,248,337,194
22/07/1980 00:00,405,297,475,258,310,227
23/07/1980 00:00,402,304,483,294,317,219
24/07/1980 00:00,404,313,495,208,367,225
25/07/1980 00:00,406,320,504,169,379,290
26/07/1980 00:00,412,358,512,145,411,280
27/07/1980 00:00,422,360,533,136,404,319
28/07/1980 00:00,419.7935562,360,547,142,375,295
29/07/1980 00:00,449.0813132,374,561,128,350,277
30/07/1980 00:00,479.8657804,388,570,105,335,229
31/07/1980 00:00,482.320513,388,568,128,344,205
01/08/1980 00:00,463,388,545,185,327,224
02/08/1980 00:00,465,394,537,152,308,193
03/08/1980 00:00,467,388,535,127,303,184
04/08/1980 00:00,469,219,520,107,311,174
05/08/1980 00:00,471,344,512,102,329,184
06/08/1980 00:00,467,315,503,101,343,218
07/08/1980 00:00,459,328,501,150,335,231
08/08/1980 00:00,456,375,515,126,348,230
09/08/1980 00:00,461,368,525,145,336,238
10/08/1980 00:00,466,389,529,198,338,223
11/08/1980 00:00,469,383,534,133,348,228
12/08/1980 00:00,471,380,533,115,316,226
13/08/1980 00:00,473,365,531,128,329,187
14/08/1980 00:00,473,351,531,116,323,194
15/08/1980 00:00,472,334,524,168,290,179
16/08/1980 00:00,470,335,518,185,288,154
17/08/1980 00:00,468,355,508,168,285,160
18/08/1980 00:00,466,380,496,150,292,153
19/08/1980 00:00,469,343.8926569,493,152,305,170
20/08/1980 00:00,472,382,482,142,312,186
21/08/1980 00:00,472,392,475,139,298,175
22/08/1980 00:00,475,388,475,121,292,158
23/08/1980 00:00,475,340,487,111,301,154
24/08/1980 00:00,474,365,480,106,305,166
25/08/1980 00:00,476,385,477,101,283,154
26/08/1980 00:00,476,358,481,92,288,131
27/08/1980 00:00,473,330,479,147,300,136
28/08/1980 00:00,464,313,472,227,294,147
29/08/1980 00:00,456,309,452,168,268,139
30/08/1980 00:00,447,311,450,148,280,115
31/08/1980 00:00,440,305,450,125,353,131
01/09/1980 00:00,436,298,450,112,360,220
02/09/1980 00:00,432,289,460,106,358,265
03/09/1980 00:00,427,348,473,99,377,237
04/09/1980 00:00,426,318,478,95,343,265
05/09/1980 00:00,431,325,481,98,324,206
06/09/1980 00:00,442,324,488,130,359,203
07/09/1980 00:00,449,314,493,136,301,207
08/09/1980 00:00,454,310,504,131,293,162
09/09/1980 00:00,450,313,512,147,321,152
10/09/1980 00:00,448,318,518,180,323,182
11/09/1980 00:00,448,325,523,134,308,176
12/09/1980 00:00,448,340,525,153,309,155
13/09/1980 00:00,448,333,520,158,341,161
14/09/1980 00:00,448,336,519,128,322,203
15/09/1980 00:00,447,333,515,115,330,177
16/09/1980 00:00,446,314,508,125,354,191
17/09/1980 00:00,444,333,500,153,326,219
18/09/1980 00:00,444,327,506,125,312,182
19/09/1980 00:00,447,322,508,120,321,159
20/09/1980 00:00,453,349,510,121,333,180
21/09/1980 00:00,462,395,510,113,338,200
22/09/1980 00:00,472,432,513,106,368,219
23/09/1980 00:00,481,437,517,104,369,285
24/09/1980 00:00,490,420,520,105,334,243
25/09/1980 00:00,494,397,522,100,319,200
26/09/1980 00:00,496,373,526,96,329,190
27/09/1980 00:00,498,377,530,93,303,185
28/09/1980 00:00,500,370,537,91,297,187
29/09/1980 00:00,500,365,538,93,331,236
30/09/1980 00:00,501,356,540,100,310,223
01/10/1980 00:00,501,356,545,99,304,209
02/10/1980 00:00,502,373,550,98,324,290
03/10/1980 00:00,502,398,563,98,376,267
04/10/1980 00:00,505,424,575,95,381,278
05/10/1980 00:00,512,455,585,95,413,287
06/10/1980 00:00,522,478,590,228,413,327
07/10/1980 00:00,533,484,591,181,482,347
08/10/1980 00:00,547,500,603,233,477,390
09/10/1980 00:00,555,510,615,214,473,378
10/10/1980 00:00,564,517,635,308,484,376
11/10/1980 00:00,572,519,655,175,490,408
12/10/1980 00:00,581,520,678,145,451,380
13/10/1980 00:00,585,519,700,137,436,344
14/10/1980 00:00,591,515,702,117,442,338
15/10/1980 00:00,594,498,700,119,434,319
16/10/1980 00:00,596,490,698,115,397,344
17/10/1980 00:00,598,500,697,105,365,284
18/10/1980 00:00,599,491,695,172,378,275
19/10/1980 00:00,604,480,695,155,434,354
20/10/1980 00:00,610,491,697,151,461,366
21/10/1980 00:00,613,514,703,126,457,372
22/10/1980 00:00,615,528,705,109,446,347
23/10/1980 00:00,618,527,707,106,418,354
24/10/1980 00:00,622,513,709,119,388,297
25/10/1980 00:00,623,497,711,124,375,289
26/10/1980 00:00,624,488,725,177,378,279
27/10/1980 00:00,624,486,749,154,368,293
28/10/1980 00:00,624,476,774,146,398,266
29/10/1980 00:00,624,465,783,131,425,304
30/10/1980 00:00,624,470,785,121,412,320
31/10/1980 00:00,626,469,785,102,388,299
01/11/1980 00:00,628,458,780,99,381,271
02/11/1980 00:00,628,449,770,104,390,264
03/11/1980 00:00,628,445,750,102,417,317
04/11/1980 00:00,628,454,715,111,410,307
05/11/1980 00:00,630,460,690,104,395,306
06/11/1980 00:00,632,464,698,150,456,316
07/11/1980 00:00,635,469,703,108,467,390
08/11/1980 00:00,637,490,712,100,479,392
09/11/1980 00:00,638,495,719,85,448,407
10/11/1980 00:00,640,498,726,86,404,374
11/11/1980 00:00,642,498,735,83,391,322
12/11/1980 00:00,644,487,745,81,365,289
13/11/1980 00:00,645,485,755,80,374,261
14/11/1980 00:00,647,478,762,99,408,285
15/11/1980 00:00,649,472,762,111,410,318
16/11/1980 00:00,651,476,750,136,416,316
17/11/1980 00:00,654,480,739,111,456,354
18/11/1980 00:00,656,483,729,105,422,352
19/11/1980 00:00,657,468,718,120,393,308
20/11/1980 00:00,657,446,708,128,387,283
21/11/1980 00:00,657,416,699,138,394,272
22/11/1980 00:00,656,353,693,161,421,318
23/11/1980 00:00,654,346,699,117,438,304
24/11/1980 00:00,652,403,703,128,456,330
25/11/1980 00:00,653,430,705,121,476,372
26/11/1980 00:00,654,438,711,113,466,357
27/11/1980 00:00,654,438,715,115,446,366
28/11/1980 00:00,655,436,721,125,445,324
29/11/1980 00:00,656,438,720,105,433,361
30/11/1980 00:00,656,445,721,107,421,346
01/12/1980 00:00,656,446,718,112,408,326.2859879
02/12/1980 00:00,655,439,717,115,420,337.4497215
03/12/1980 00:00,653,434,711,100,419,336.3732109
04/12/1980 00:00,652,423,698,97,426,340.6796983
05/12/1980 00:00,653,423,691,95,432,345.7593429
06/12/1980 00:00,653,428,687,91,432,345.9507146
07/12/1980 00:00,653,422,681,85,400,312.4375189
08/12/1980 00:00,653,349,675,103,390,292.70298
09/12/1980 00:00,651,393,671,135,386,289.91047
10/12/1980 00:00,648,385,663,101,375,279.6955063
11/12/1980 00:00,645,376,657,97,358,261.1741462
12/12/1980 00:00,643,367,651,87,361,263.3570972
13/12/1980 00:00,646,366,642,87,373,273.7990443
14/12/1980 00:00,636,379,629,78,368,269.465968
15/12/1980 00:00,633,389,625,76,377,279.3488758
16/12/1980 00:00,630,397,621,98,378,278.9712528
17/12/1980 00:00,628,399,617,92,383,284.2554201
18/12/1980 00:00,626,405,611,105,385,285.0362348
19/12/1980 00:00,624,394,607,117,367,264
20/12/1980 00:00,622,378,599,102,380,243
21/12/1980 00:00,618,370,597,95,374,253
22/12/1980 00:00,614,365,594,131,384,252
23/12/1980 00:00,609,347,586,92,381,250
24/12/1980 00:00,602,323,581,84,374,241
25/12/1980 00:00,595,310,577,73,385,238
26/12/1980 00:00,591,324,578,71,390,272
27/12/1980 00:00,584,331,586,82,383,272
28/12/1980 00:00,580,338,591,86,371,262
29/12/1980 00:00,577,350,593,86,376,262
30/12/1980 00:00,575,375,594,82,376,268
31/12/1980 00:00,572,394,596,162,393,273
01/01/1981 00:00,574,399,598,124,399,336
02/01/1981 00:00,574,403,600,103,403,300
03/01/1981 00:00,571,389,618,91,392,295
04/01/1981 00:00,570,379,633,78,373,264
05/01/1981 00:00,570,359,627,71,352,235
06/01/1981 00:00,567,341,625,65,339,209
07/01/1981 00:00,563,323,606,72,327,195
08/01/1981 00:00,558,305,583,90,332,173
09/01/1981 00:00,548,293,554,109,348,190
10/01/1981 00:00,536,279,543,84,334,195
11/01/1981 00:00,530,272,533,75,329,182
12/01/1981 00:00,518,258,532,101,337,180
13/01/1981 00:00,505,246,529,97,333,192
14/01/1981 00:00,491,243,518,116,336,192
15/01/1981 00:00,481,252,510,85,313,212
16/01/1981 00:00,473,243,502,75,305,166
17/01/1981 00:00,466,228,496,69,301,145
18/01/1981 00:00,458,220,488,72,293,138
19/01/1981 00:00,449,232,480,62,289,130
20/01/1981 00:00,437,238,472,66,283,124
21/01/1981 00:00,427,224,455,65,279,117
22/01/1981 00:00,416,209,442,60,274,112
23/01/1981 00:00,397,198,428,59,269,106
24/01/1981 00:00,384,187,415,59,266,105
25/01/1981 00:00,367,179,398,58,265,102
26/01/1981 00:00,353,174,378,58,268,102
27/01/1981 00:00,340,170,357,58,261,118
28/01/1981 00:00,327,172,347,56,261,102
29/01/1981 00:00,316,178,353,57,279,99
30/01/1981 00:00,306,178,365,67,283,121
31/01/1981 00:00,302,187,385,63,294,135
01/02/1981 00:00,297,174,405,63,310,140
02/02/1981 00:00,292,165,418,63,295,163
03/02/1981 00:00,286,164,417,61,292,140
04/02/1981 00:00,284,165,413,60,318,144
05/02/1981 00:00,282,159,417,62,295,190
06/02/1981 00:00,281,164,420,62,314,165
07/02/1981 00:00,280,178,419,64,296,163
08/02/1981 00:00,277,173,421,61,299,145
09/02/1981 00:00,281,165,425,62,301,146
10/02/1981 00:00,282,155,426,75,325,146
11/02/1981 00:00,275,157,419,66,297,179
12/02/1981 00:00,269,151,417,77,310,141
13/02/1981 00:00,264,148,421,85,316,180
14/02/1981 00:00,279,149,425,88,297,175
15/02/1981 00:00,275,148,422,118,303,150
16/02/1981 00:00,265,149,410,100,308,149
17/02/1981 00:00,251,152,398,143,332,156
18/02/1981 00:00,254,151,391,130,313,187
19/02/1981 00:00,254,152,403,122,336,173
20/02/1981 00:00,249,158,413,134,367,211
21/02/1981 00:00,246,183,431,97,364,264
22/02/1981 00:00,255,222,451,98,343,243
23/02/1981 00:00,268,229,468,106,330,228
24/02/1981 00:00,283,270,489,211,376,279
25/02/1981 00:00,309,263,505,237,361,272
26/02/1981 00:00,329,302,513,184,408,240
27/02/1981 00:00,342,315,517,198,395,288
28/02/1981 00:00,361,288,521,207,396,274
01/03/1981 00:00,369,163,520,192,370,264
02/03/1981 00:00,364,153,517,169,343,236
03/03/1981 00:00,360,134,513,163,348,209
04/03/1981 00:00,358,119,509,132,332,215
05/03/1981 00:00,355,113,515,107,329,206
06/03/1981 00:00,349,105,523,141,353,228
07/03/1981 00:00,345,146,519,149,343,307
08/03/1981 00:00,348,176,515,163,352,248
09/03/1981 00:00,354,212,522,168,385,252
10/03/1981 00:00,358,219,531,148,376,275
11/03/1981 00:00,375,232,528,120,412,290
12/03/1981 00:00,384,238,524,115,422,318
13/03/1981 00:00,388,240,520,96,387,314
14/03/1981 00:00,394,226,519,87,357,268
15/03/1981 00:00,398,206,520,112,349,266
16/03/1981 00:00,402,190,521,109,333,278
17/03/1981 00:00,404,180,520,88,332,222
18/03/1981 00:00,400,178,514,94,324,206
19/03/1981 00:00,392,169,509,90,319,197
20/03/1981 00:00,389,148,499,78,309,183
21/03/1981 00:00,385,147,483,69,298,159
22/03/1981 00:00,378,184,469,79,295,150
23/03/1981 00:00,372,178,445,80,287,145
24/03/1981 00:00,361,214,432,77,285,136
25/03/1981 00:00,346,198,417,85,284,146
26/03/1981 00:00,334,188,423,92,280,142
27/03/1981 00:00,316,177,429,85,286,129
28/03/1981 00:00,303,170,427,75,281,135
29/03/1981 00:00,296,168,415,75,289,129
30/03/1981 00:00,294,165,401,95,311,142
31/03/1981 00:00,294,165,382,83,311,163
01/04/1981 00:00,283,260,376,90,319,165
02/04/1981 00:00,266,257,382,106,299,173
03/04/1981 00:00,260,258,392,93,316,150
04/04/1981 00:00,258,264,398,80,320,179
05/04/1981 00:00,260,277,392,115,345,195
06/04/1981 00:00,262,231,390,188,345,254
07/04/1981 00:00,264,181,417,152,330,231
08/04/1981 00:00,265,189,449,136,371,218
09/04/1981 00:00,274,191,457,174,414,270
10/04/1981 00:00,283,193,448,115,404,307
11/04/1981 00:00,296,212,468,106,391,274
12/04/1981 00:00,302,201,491,159,401,273
13/04/1981 00:00,310,199,499,185,383,282
14/04/1981 00:00,317,220,488,203,383,279
15/04/1981 00:00,325,234,493,153,430,320
16/04/1981 00:00,331,257,529,220,447,348
17/04/1981 00:00,342,298,540,237,482,339
18/04/1981 00:00,353,332,555,198,458,379
19/04/1981 00:00,371,365,574,149,465,368
20/04/1981 00:00,397,389,585,141,499,413
21/04/1981 00:00,414,414,603,129,484,419
22/04/1981 00:00,425,454,615,144,486,410
23/04/1981 00:00,447,466,626,121,481,406
24/04/1981 00:00,466,477,635,123,475,406
25/04/1981 00:00,478,499,645,126,453,370
26/04/1981 00:00,487,510,651,160,468,353
27/04/1981 00:00,497,513,654,140,446,364
28/04/1981 00:00,507,517,656,114,473,356
29/04/1981 00:00,515,517,659,111,469,404
30/04/1981 00:00,520,520,666,128,448,371
01/05/1981 00:00,527,520,676,123,476,368
02/05/1981 00:00,537,525,681,123,494,386
03/05/1981 00:00,545,529,688,126,513,403
04/05/1981 00:00,552,533,696,206,486,418
05/05/1981 00:00,561,533,704,164,470,398
06/05/1981 00:00,567,531,710,157,514,386
07/05/1981 00:00,572,550,718,124,548,404
08/05/1981 00:00,578,550,723,155,565,418
09/05/1981 00:00,584,543,733,133,578,434
10/05/1981 00:00,592,533,744,129,575,441
11/05/1981 00:00,596,545,753,139,585,447
12/05/1981 00:00,604,552,770,213,562,458
13/05/1981 00:00,609,550,783,159,560,464
14/05/1981 00:00,614,549,791,135,556,460
15/05/1981 00:00,626,547,802,125,551,460
16/05/1981 00:00,632,545,808,179,570,456
17/05/1981 00:00,637,550,815,160,570,450
18/05/1981 00:00,643,558,821,131,569,454
19/05/1981 00:00,647,552,825,150,578,450
20/05/1981 00:00,651,540,829,136,498,443
21/05/1981 00:00,657,533,833,201,452,420
22/05/1981 00:00,661,538,837,241,428,372
23/05/1981 00:00,668,542,843,215,431,347
24/05/1981 00:00,675,545,848,202,462,373
25/05/1981 00:00,682,550,858,229,487,397
26/05/1981 00:00,691,559,866,214,490,416
27/05/1981 00:00,696,550,873,228,489,408
28/05/1981 00:00,701,543,880,199,481,400
29/05/1981 00:00,707,540,887,157,505,395
30/05/1981 00:00,713,543,889,180,488,417
31/05/1981 00:00,718,543,892,164,523,413
01/06/1981 00:00,722,545,894,133,533,431
02/06/1981 00:00,727,548,897,134,544,435
03/06/1981 00:00,733,563.2184573,900,116,553,438
04/06/1981 00:00,738,618.5467467,902,109,498,441
05/06/1981 00:00,743,654.9276678,901,102,453,433
06/06/1981 00:00,751,647.0237954,900,100,434,392
07/06/1981 00:00,757,645.990343,901,117,441,390
08/06/1981 00:00,763,637.5615674,902,133,457,391
09/06/1981 00:00,770,599.3805197,902,153,507,397
10/06/1981 00:00,777,660.9726654,902,155,462,423
11/06/1981 00:00,784,626.4566216,902,185,495,402
12/06/1981 00:00,795,673.5116332,904,214,470,418
13/06/1981 00:00,805,659.4719426,904,230,481,403
14/06/1981 00:00,810,669.6690459,904,210,466,407
15/06/1981 00:00,816,657.6419971,902,176,448,381
16/06/1981 00:00,821,633.6796535,902,134,445,362
17/06/1981 00:00,826,636.6149976,902,124,436,358
18/06/1981 00:00,830,631.0578988,902,164,459,362
19/06/1981 00:00,833,625.8064338,900,154,463,368
20/06/1981 00:00,837,657.1431855,898,193,438,358
21/06/1981 00:00,838,639.0952678,896,162,422,324
22/06/1981 00:00,838,617.2923692,894,148,433,317
23/06/1981 00:00,838,604.6596565,891,134,439,318
24/06/1981 00:00,838,644.3209351,887,173,414,324
25/06/1981 00:00,839,636.4463649,883,170,394,286
26/06/1981 00:00,839,619.9208955,877,137,384,270
27/06/1981 00:00,839,611.7184941,875,153,386,253
28/06/1981 00:00,838,623.6519053,864,188,376,249
29/06/1981 00:00,839,608.0674182,853,167,367,235
30/06/1981 00:00,838,565.6317554,850,137,401,242
01/07/1981 00:00,837,625.3256053,844,212,397,295
02/07/1981 00:00,835,588.2062956,837,193,404,266
03/07/1981 00:00,834,610.8686987,831,225,399,283
04/07/1981 00:00,832,634.1990329,823,324,402,277
05/07/1981 00:00,830,589.5398048,815,214,405,284
06/07/1981 00:00,828,594.7758393,811,206,405,302
07/07/1981 00:00,826,582.4107414,809,232,423,298
08/07/1981 00:00,824,599.0464514,803,230,404,303
09/07/1981 00:00,819,570.0606058,797,218,406,274
10/07/1981 00:00,818,554.6891678,793,209,424,288
11/07/1981 00:00,817,554.6703624,786,195,423,303
12/07/1981 00:00,813,597.5068724,779,305,411,297
13/07/1981 00:00,810,547.7944731,775,194,406,279
14/07/1981 00:00,808,526.2128101,771,156.0110929,414,267
15/07/1981 00:00,805,518.1694366,763,157.2442819,433,294
16/07/1981 00:00,802,550.0054789,759,150.5500036,409,312
17/07/1981 00:00,798,546.9425207,760,150.2787113,397,287
18/07/1981 00:00,796,574.1442372,762,280,397,273
19/07/1981 00:00,794,589.923682,756,299,391,285
20/07/1981 00:00,792,554.3315857,752,199,389,288
21/07/1981 00:00,792,535.0332329,754,145,387,283
22/07/1981 00:00,789,520.1171851,749,152.7048633,403,267
23/07/1981 00:00,786,540.6848653,745,148.0562835,386,278
24/07/1981 00:00,784,539.8489915,738,145.001887,357,239
25/07/1981 00:00,780,528.462198,730,144.1791607,341,205
26/07/1981 00:00,780,511.2826588,716,143.4848456,329,175
27/07/1981 00:00,778,493.9504439,695,141.9445312,320,158
28/07/1981 00:00,774,479.9222581,675,140.3321422,314,150
29/07/1981 00:00,772,464.3502861,655,138.9945379,309,141
30/07/1981 00:00,770,450.2841904,636,137.8225213,307,138
31/07/1981 00:00,767,424.8878323,619,143,303,136
01/08/1981 00:00,762,419.8875658,608,142,298,134
02/08/1981 00:00,757,410.2383141,595,150,297,128
03/08/1981 00:00,753,402.8999448,580,156,299,134
04/08/1981 00:00,746,384.2037234,570,128,303,139
05/08/1981 00:00,740,370.0029751,562,114,306,139
06/08/1981 00:00,735,361.0310826,554,118,311,140
07/08/1981 00:00,725,370.2405967,549,107,308,163
08/08/1981 00:00,717,361.0726652,551,106,315,158
09/08/1981 00:00,711,414.6400182,556,193,314,186
10/08/1981 00:00,704,410.0191254,563,162,306,176
11/08/1981 00:00,697,395.6537762,567,141,303,156
12/08/1981 00:00,689,367.6200059,565,139,332,161
13/08/1981 00:00,684,379.2587485,564,156,357,211
14/08/1981 00:00,682,409.3538392,567,137,323,213
15/08/1981 00:00,678,402.306034,585,121,315,177
16/08/1981 00:00,674,391.2407911,600,109,326,166
17/08/1981 00:00,673,413.0116734,590,135.2823928,330,191
18/08/1981 00:00,672,399.8486858,577,135.1336181,331,187
19/08/1981 00:00,667,392.0136448,581,134,335,190
20/08/1981 00:00,663,411.704755,583,149,327,198
21/08/1981 00:00,659,404.1827659,581,131,310,172
22/08/1981 00:00,653,379.2850705,579,122,322,159
23/08/1981 00:00,649,364.9651387,575,98,344,190
24/08/1981 00:00,645,390.7143725,573,143,353,222
25/08/1981 00:00,643,417.3722379,581,118,341,251
26/08/1981 00:00,642,418.6287365,602,151,367,250
27/08/1981 00:00,642,432.4358545,617,148,372,264
28/08/1981 00:00,643,445.7282283,618,145,340,235
29/08/1981 00:00,643,410.7650365,620,123,343,194
30/08/1981 00:00,643,409.7124401,612,158,361,210
31/08/1981 00:00,645,426.5974251,601,133,346,241
01/09/1981 00:00,648,433.9369256,607,194,373,266.1899821
02/09/1981 00:00,654,432.0091376,621,127,361,260.9870944
03/09/1981 00:00,656,428.879719,630,108,364,266.5180704
04/09/1981 00:00,657,416.6202575,636,100,378,281.0269461
05/09/1981 00:00,657,424.4268438,647,99,378,283.5967809
06/09/1981 00:00,658,419.1271822,656,104,392,298.2061722
07/09/1981 00:00,660,429.2513335,661,116,390,296.8301386
08/09/1981 00:00,662,465.5261758,665,134,363,272.0192631
09/09/1981 00:00,663,480.8583835,669,138,352,262.592397
10/09/1981 00:00,664,474.6030251,673,137,361,271.7388433
11/09/1981 00:00,665,438.3409687,674,133,397,305.1011142
12/09/1981 00:00,663,449.291832,677,149,394,302.4599458
13/09/1981 00:00,664,452.1697134,679,112,379,290.7591312
14/09/1981 00:00,665,467.6262106,688,117,372,286.104011
15/09/1981 00:00,666,466.3582485,696,184,404,314.1919638
16/09/1981 00:00,667,490.6894418,700,191,385,297.290541
17/09/1981 00:00,667,503.9445802,699,167,362,277.0473664
18/09/1981 00:00,667,495.3481873,698,159,367,281.7664993
19/09/1981 00:00,667,488.2111262,697,136,365,280.7426044
20/09/1981 00:00,668,498.0496933,685,182,363,274.0000747
21/09/1981 00:00,668,499.5471382,677,178,354,264.0887074
22/09/1981 00:00,668,514.939002,687,151,336,251.0926195
23/09/1981 00:00,667,489.6229226,665,121,334,245.638692
24/09/1981 00:00,666,488.5539941,669,129,341,252.6894216
25/09/1981 00:00,665,500.9936914,654,145,323,232.083677
26/09/1981 00:00,664,504.1982285,644,139,310,218.2073658
27/09/1981 00:00,661,497.9238439,634,118,301,208.8250456
28/09/1981 00:00,658,492.3827992,621,116,296,201.5642252
29/09/1981 00:00,656,462.1977233,603,108,310,210.7840021
30/09/1981 00:00,654,429.7962006,590,100,330,226.6554721
01/10/1981 00:00,650,377.4505284,580,103,337,190
02/10/1981 00:00,646,394.4244625,573,105,329,212
03/10/1981 00:00,642,399.1587808,571,105,310,192
04/10/1981 00:00,639,378.8320099,581,107,323,167
05/10/1981 00:00,637,398.9265563,590,97,317,185
06/10/1981 00:00,635,386.9947736,584,91,316,175
07/10/1981 00:00,631,376.6327604,577,101,321,169
08/10/1981 00:00,626,369.5680925,571,124,342,185
09/10/1981 00:00,626,377.9756308,574,127,362,225
10/10/1981 00:00,627,446.9610147,585,170,344,269
11/10/1981 00:00,627,411.3217524,603,138,373,255
12/10/1981 00:00,628,403.9915579,620,130,428,315
13/10/1981 00:00,628,464.9329461,641,125,396,340
14/10/1981 00:00,629,457.4906782,656,117,388,302
15/10/1981 00:00,631,469.7475395,665,162,399,302
16/10/1981 00:00,633,468.5343049,674,145,414,323
17/10/1981 00:00,634,501.363875,681,180,426,366
18/10/1981 00:00,635,499.7479714,686,250,444,345
19/10/1981 00:00,637,505.0906306,693,164,433,378
20/10/1981 00:00,640,490.191686,698,124,424,357
21/10/1981 00:00,643,484.0070386,705,111,417,335
22/10/1981 00:00,645,487.4064738,709,103,403,318
23/10/1981 00:00,647,515.9657735,712,103,389,338
24/10/1981 00:00,649,495.3110491,721,116,419,334
25/10/1981 00:00,650,482.7188881,726,132,476,389
26/10/1981 00:00,652,511.1316837,734,111,450,396
27/10/1981 00:00,656,533.9923091,751,104,424,375
28/10/1981 00:00,661,542.3995643,761,105,416,363
29/10/1981 00:00,664,544.9960895,765,103,417,365
30/10/1981 00:00,665,554.984921,766,118,400,344
31/10/1981 00:00,667,570.4670255,771,133,405,362
01/11/1981 00:00,672,519.9839626,778,102,435,338
02/11/1981 00:00,675,550.0461888,785,95,430,374
03/11/1981 00:00,676,559.3706278,791,92,402,339
04/11/1981 00:00,677,564.2378007,795,109,385,305
05/11/1981 00:00,678,581.9058772,798,202,398,296
06/11/1981 00:00,680,543.2884215,798,130,432,330
07/11/1981 00:00,682,553.8151737,797,106,420,343
08/11/1981 00:00,684,559.2551161,799,144,420,327
09/11/1981 00:00,686,558.7406025,800,143,426,335
10/11/1981 00:00,688,533.9974892,800,122,466,371
11/11/1981 00:00,691,564.3636269,803,123,438,371
12/11/1981 00:00,693,574.4456408,805,139,412,334
13/11/1981 00:00,695,569.1262437,806,130,413,331
14/11/1981 00:00,698,564.261908,806,137,425,338
15/11/1981 00:00,702,552.1802091,808,156,449,343
16/11/1981 00:00,705,566.7212103,806,201,457,355
17/11/1981 00:00,705,545.9505254,805,141,469,377
18/11/1981 00:00,707,544.5927977,805,136,473,384
19/11/1981 00:00,709,576.0007139,805,137,436,375
20/11/1981 00:00,710,581.5066969,804,153,418,347
21/11/1981 00:00,711,570.6043224,804,182,441,349
22/11/1981 00:00,713,553.288048,804,160,453,353
23/11/1981 00:00,715,542.6864477,805,197,492,375
24/11/1981 00:00,717,559.5855672,804,177,492,415
25/11/1981 00:00,719,578.6210791,805,164,465,409
26/11/1981 00:00,720,533.6172849,806,137,480,375
27/11/1981 00:00,721,534.7452468,807,124,478,380
28/11/1981 00:00,722,562.47094,806,151,451,367
29/11/1981 00:00,723,548.7221481,806,178,473,364
30/11/1981 00:00,723,545.166737,806,169,489,389
01/12/1981 00:00,725,552.9792377,806,149,487,410
02/12/1981 00:00,726,536.503663,806,136,492,399
03/12/1981 00:00,728,531.2141446,805,121,488,394
04/12/1981 00:00,730,557.4593218,805,111,444,372
05/12/1981 00:00,731,558.4571125,805,108,413,326
06/12/1981 00:00,731,555.2966903,804,131,417,315
07/12/1981 00:00,732,574.6421837,802,128,420,355
08/12/1981 00:00,732,575.4241057,801,163,415,329
09/12/1981 00:00,732,553.6047375,798,142,412,305
10/12/1981 00:00,733,551.8543144,795,126,400,296
11/12/1981 00:00,733,548.7693519,790,114,383,277
12/12/1981 00:00,733,535.4815637,784,156,403,270
13/12/1981 00:00,733,546.9001293,776,141,395,294
14/12/1981 00:00,732,512.5532855,770,125,408,276
15/12/1981 00:00,731,531.3073576,764,116,395,298
16/12/1981 00:00,729,521.695707,755,127,390,279
17/12/1981 00:00,728,519.9538773,748,112,369,260
18/12/1981 00:00,726,492.2891949,740,101,368,230
19/12/1981 00:00,724,482.5939428,725,96,364,229
20/12/1981 00:00,724,491.2598616,709,117,361,245
21/12/1981 00:00,722,491.0461834,699,101,349,247
22/12/1981 00:00,718,453.1158753,693,98,381,246
23/12/1981 00:00,715,474.7440365,684,116,379,278
24/12/1981 00:00,711,475.4472522,680,144,371,255
25/12/1981 00:00,706,472.2693821,678,117,345,227
26/12/1981 00:00,702,456.085181,667,117,336,200
27/12/1981 00:00,696,417.959463,650,107,351,189
28/12/1981 00:00,692,430.4548954,631,118,350,224
29/12/1981 00:00,686,423.8450424,621,109,340,215
30/12/1981 00:00,681,417.9248497,624,115,344,205
31/12/1981 00:00,674,429.9774554,621,125,333,205
01/01/1982 00:00,666,427.5587391,613,133,334,208
02/01/1982 00:00,662,428.0830567,609,147,338,212
03/01/1982 00:00,659,435.2094032,604,137,366,280
04/01/1982 00:00,656,440.9794732,611,220,394,277
05/01/1982 00:00,652,414.4731287,626,206,418,263
06/01/1982 00:00,653,440.1004331,637,218,462,354
07/01/1982 00:00,653,465.4290434,649,208,470,399
08/01/1982 00:00,653,465.3582386,662,203,478,399
09/01/1982 00:00,653,453.2125221,675,167,478,385
10/01/1982 00:00,653,481.0078706,675,218,463,376
11/01/1982 00:00,651,469.1191295,679,198,453,348
12/01/1982 00:00,649,473.9228462,683,151,430,342
13/01/1982 00:00,647,449.6295288,687,133,427,304
14/01/1982 00:00,645,462.4894662,686,124,413,309
15/01/1982 00:00,645,474.2036662,679,115,380,289
16/01/1982 00:00,643,469.0503563,679,115,360,249
17/01/1982 00:00,641,460.5456461,668,110,349,234
18/01/1982 00:00,639,447.924536,660,111,346,218
19/01/1982 00:00,636,430.9636968,634,113,343,216
20/01/1982 00:00,632,421.4309675,615,105,329,206
21/01/1982 00:00,627,386.4099458,598,97,341,194
22/01/1982 00:00,622,402.7038102,583,94,317,202
23/01/1982 00:00,616,381.896531,566,90,306,174
24/01/1982 00:00,606,377.4540082,560,88,298,163
25/01/1982 00:00,594,358.2175486,542,85,293,148
26/01/1982 00:00,585,343.6390144,515,90,289,148
27/01/1982 00:00,573,341.6561042,499,120,289,147
28/01/1982 00:00,561,331.6272966,488,136,297,148
29/01/1982 00:00,548,321.8172997,478,120,300,159
30/01/1982 00:00,533,297.7856682,471,124,337,186
31/01/1982 00:00,518,327.2769308,470,133,335,227
01/02/1982 00:00,507,291.3984718,479,118,364,214
02/02/1982 00:00,498,335.3347228,501,104,352,248
03/02/1982 00:00,492,352.8308691,507,97,331,240
04/02/1982 00:00,487,337.7706853,519,97,340,216
05/02/1982 00:00,483,357.2305572,535,116,348,230
06/02/1982 00:00,479,368.310563,567,131,370,236
07/02/1982 00:00,475,364.5988771,520,119,354,268
08/02/1982 00:00,470,331.2503806,516,117,370,246
09/02/1982 00:00,468,347.4891589,524,109,366,261
10/02/1982 00:00,466,363.2673512,529,104,350,258
11/02/1982 00:00,464,351.3129108,533,96,347,234
12/02/1982 00:00,462,350.5334706,535,95,352,239
13/02/1982 00:00,461,356.1613479,531,98,345,240
14/02/1982 00:00,458,370.58634,527,139,360,268
15/02/1982 00:00,456,396.1435215,525,184,346,263
16/02/1982 00:00,454,345.6466348,530,169,394,261
17/02/1982 00:00,453,346.600201,539,124,414,310
18/02/1982 00:00,452,367.0591239,548,134,410,320
19/02/1982 00:00,455,381.8601866,556,132,396,313
20/02/1982 00:00,459,355.2665714,562,187,439,299
21/02/1982 00:00,463,383.1041068,570,138,431,350
22/02/1982 00:00,467,390.7953526,575,127,413,334
23/02/1982 00:00,469,381.9559048,579,131,407,303
24/02/1982 00:00,469,389.685948,583,135,398,294
25/02/1982 00:00,471,397.3054339,580,122,372,276
26/02/1982 00:00,471,359.3877661,575,105,384,250
27/02/1982 00:00,471,336.467936,571,100,408,259
28/02/1982 00:00,479,370.7017563,566,115,393,287
01/03/1982 00:00,466,346.5289905,565,110,405,272
02/03/1982 00:00,462,370.268849,565,100,413,329
03/03/1982 00:00,457,392.9002334,567,129,382,297
04/03/1982 00:00,453,383.9434468,573,104,368,268
05/03/1982 00:00,451,349.1339891,569,194,427,258
06/03/1982 00:00,449,387.4435856,565,159,410,318
07/03/1982 00:00,446,401.1514855,560,163,373,285
08/03/1982 00:00,443,373.7276931,562,110,360,249
09/03/1982 00:00,442,348.5585029,557,133,387,244
10/03/1982 00:00,440,364.072303,552,105,371,266
11/03/1982 00:00,436,388.2199112,538,176,352,250
12/03/1982 00:00,431,353.3063858,533,166,364,225
13/03/1982 00:00,422,324.4639263,527,140,392,246
14/03/1982 00:00,415,327.3359627,517,115,391,276
15/03/1982 00:00,409,344.6795175,514,106,379,294
16/03/1982 00:00,404,366.2660466,523,145,358,262
17/03/1982 00:00,400,381.4908807,529,243,373,246
18/03/1982 00:00,402,324.5836554,527,162,410,263
19/03/1982 00:00,404,313.2981236,525,149,446,312
20/03/1982 00:00,403,319.4364303,523,131,453,346
21/03/1982 00:00,399,355.4808888,530,123,425,356
22/03/1982 00:00,395,337.6057435,549,113,424,309
23/03/1982 00:00,398,357.409555,558,113,419,322
24/03/1982 00:00,404,385.9277214,558,123,389,314
25/03/1982 00:00,412,392.9686379,558,123,379,309
26/03/1982 00:00,414,375.0539429,559,113,371,272
27/03/1982 00:00,415,365.4938059,560,123,404,302
28/03/1982 00:00,417,424.762787,559,153,372,330
29/03/1982 00:00,417,392.4590249,560,189,386,278
30/03/1982 00:00,416,389.2490755,568,198,413,301
31/03/1982 00:00,414,395.6288347,571,133,398,322
01/04/1982 00:00,416,384.7802843,573,124,389,293
02/04/1982 00:00,418,407.7022448,580,149,386,302
03/04/1982 00:00,421,434.3423255,584,170,368,299
04/04/1982 00:00,423,410.3236613,586,165,387,291
05/04/1982 00:00,423,416.3916739,590,179,428,353
06/04/1982 00:00,427,383.157208,598,188,478,364
07/04/1982 00:00,433,402.5948004,613,210,515,423
08/04/1982 00:00,439,397.6918476,628,167,520,430
09/04/1982 00:00,449,391.4698341,644,157,540,438
10/04/1982 00:00,465,422.9239228,658,176,530,444
11/04/1982 00:00,474,431.829151,668,169,530,450
12/04/1982 00:00,485,426.5073128,685,173,550,450
13/04/1982 00:00,495,422.6853152,691,154,558,460
14/04/1982 00:00,502,425.0742978,696,128,550,460
15/04/1982 00:00,508,438.405849,704,122,538,456
16/04/1982 00:00,518,481.7226905,710,118,490,444
17/04/1982 00:00,524,472.3531794,716,122,478,400
18/04/1982 00:00,529,459.5224976,723,152,515,412
19/04/1982 00:00,535,471.6092136,729,160,523,432
20/04/1982 00:00,539,496.5302419,733,155,506,443
21/04/1982 00:00,545,510.8698904,736,227,506,420
22/04/1982 00:00,554,512.7646395,740,215,508,428
23/04/1982 00:00,559,517.3088632,744,162,477,412
24/04/1982 00:00,565,483.4598383,748,142,492,388
25/04/1982 00:00,571,514.7925742,752,139,458,381
26/04/1982 00:00,576,527.5136425,756,125,418,341
27/04/1982 00:00,581,537.874223,760,126,401,325
28/04/1982 00:00,585,559.446733,762,148,404,349
29/04/1982 00:00,588,560.6046923,765,143,409,358
30/04/1982 00:00,592,516.8847918,767,164,445,330
01/05/1982 00:00,596,564.8687613,771,164,448,407
02/05/1982 00:00,602,506.9730865,774,137,484,383
03/05/1982 00:00,607,476.5462757,778,116,536,424
04/05/1982 00:00,613,488.3348935,780,109,532,438
05/05/1982 00:00,618,504.0003784,784,103,519,441
06/05/1982 00:00,622,549.7255507,789,103,476,440
07/05/1982 00:00,627,543.1857405,794,102,478,427
08/05/1982 00:00,632,546.7627766,798,123,479,417
09/05/1982 00:00,634,588.9170666,802,166,454,415
10/05/1982 00:00,636,557.1743268,806,152,457,372
11/05/1982 00:00,641,566.4266197,809,118,452,395
12/05/1982 00:00,645,566.1850897,812,118,432,359
13/05/1982 00:00,648,561.0660553,816,108,419,331
14/05/1982 00:00,654,568.4165962,821,110,415,329
15/05/1982 00:00,658,601.8871832,826,145,391,318
16/05/1982 00:00,663,572.1506377,832,150,410,290
17/05/1982 00:00,669,571.6335648,834,115,427,334
18/05/1982 00:00,674,584.573742,840,154,421,315
19/05/1982 00:00,677,558.8274756,847,158,474,347
20/05/1982 00:00,682,621.6516534,848,190,442,377
21/05/1982 00:00,686,578.4943785,849,200,472,348
22/05/1982 00:00,692,548.8912425,848,183,514,378
23/05/1982 00:00,695,563.4509214,848,255,546,410
24/05/1982 00:00,702,537.8672173,848,167,546,420
25/05/1982 00:00,706,538.4426963,849,146,548,435
26/05/1982 00:00,709,522.4482681,850,157,576,446
27/05/1982 00:00,712,526.4407955,851,170,582,453
28/05/1982 00:00,715,558.6181705,851,269,586,453
29/05/1982 00:00,721,600.278916,852,225,533,460
30/05/1982 00:00,730,605.3786966,853,227,529,459
31/05/1982 00:00,738,609.2241377,855,207,517,455
01/06/1982 00:00,738,637.8516184,859,229,496,450
02/06/1982 00:00,738,637.6681258,862,187,466,423
03/06/1982 00:00,740,622.2304249,865,176,456,385
04/06/1982 00:00,743,629.7463194,868,169,440,372
05/06/1982 00:00,746,637.9289254,871,165,415,344
06/06/1982 00:00,750,641.1864758,875,187,411,325
07/06/1982 00:00,754,667.8768598,879,194,396,335
08/06/1982 00:00,758,636.9278645,882,153,397,307
09/06/1982 00:00,762,647.9856668,889,146,388,306
10/06/1982 00:00,765,629.9752995,893,132,396,293
11/06/1982 00:00,767,660.4261981,896,123,373,307
12/06/1982 00:00,772,642.3169523,891,136,368,268
13/06/1982 00:00,776,655.3762012,887,137,368,293
14/06/1982 00:00,778,616.631055,883,137,381,256
15/06/1982 00:00,781,656.2248168,876,141,358,289
16/06/1982 00:00,783,641.9855932,866,137,366,293
17/06/1982 00:00,785,670.5657182,859,236,352,267
18/06/1982 00:00,787,662.6133515,853,210,341,259
19/06/1982 00:00,789,655.8081698,844,171,335,272
20/06/1982 00:00,791,592.7398515,836,146,378,263
21/06/1982 00:00,793,618.243752,831,180,378,290
22/06/1982 00:00,795,625.907975,827,159,347,270
23/06/1982 00:00,796,606.0091801,817,165,343,240
24/06/1982 00:00,797,581.2766874,791,148,341,238
25/06/1982 00:00,796,587.5612424,782,162,333,238
26/06/1982 00:00,796,575.7672425,776,142,323,222
27/06/1982 00:00,794,560.3201994,763,139,317,205
28/06/1982 00:00,793,564.1043433,752,170,310,195
29/06/1982 00:00,791,544.1295181,736,162,307,182
30/06/1982 00:00,788,547.6633965,721,205,306,179
01/07/1982 00:00,785,555.1093825,710,254,305,174
02/07/1982 00:00,781,555.8430899,691,304,307,172
03/07/1982 00:00,775,524.3636191,684,256,322,182
04/07/1982 00:00,769,453.7830139,666,202,373,203
05/07/1982 00:00,764,454.284929,659,198,414,280
06/07/1982 00:00,758,477.7145941,659,193,409,313
07/07/1982 00:00,752,511.338749,674,209,380,294
08/07/1982 00:00,745,510.8335578,689,174,351,250
09/07/1982 00:00,739,490.2982319,681,171,350,227
10/07/1982 00:00,733,472.0078761,668,142,351,232
11/07/1982 00:00,727,473.5004643,653,138,329,220
12/07/1982 00:00,720,467.6879462,641,156,331,218
13/07/1982 00:00,712,497.7528108,634,201,333,252
14/07/1982 00:00,705,500.8195247,631,168,314,250
15/07/1982 00:00,701,461.8482827,633,148,316,200
16/07/1982 00:00,697,445.5686661,633,137,322,190
17/07/1982 00:00,695,445.2332298,611,136,306,191
18/07/1982 00:00,683,424.8852094,596,126,293,162
19/07/1982 00:00,677,463.5425533,588,239,283,152
20/07/1982 00:00,670,473.1667979,577,299,290,157
21/07/1982 00:00,663,441.2072116,569,247,307,173
22/07/1982 00:00,657,397.2467839,564,177,323,175
23/07/1982 00:00,649,361.9206252,562,151,365,203
24/07/1982 00:00,641,402.9646284,560,167,354,245
25/07/1982 00:00,634,420.0091231,565,155,317,215
26/07/1982 00:00,626,416.3269894,580,150,306,177
27/07/1982 00:00,617,415.1735339,576,187,320,181
28/07/1982 00:00,612,459.6968729,568,270,327,225
29/07/1982 00:00,608,463.1072896,559,242,312,234
30/07/1982 00:00,605,424.9451036,567,279,345,194
31/07/1982 00:00,603,423.5538934,573,278,375,233
01/08/1982 00:00,599,421,563,158,375,263
02/08/1982 00:00,597,413,564,184,385,257
03/08/1982 00:00,593,407,577,190,361,268
04/08/1982 00:00,590,414,577,214,320,239
05/08/1982 00:00,588,425,580,174,318,185
06/08/1982 00:00,586,418,574,161,316,185
07/08/1982 00:00,586,426,562,185,312,195
08/08/1982 00:00,585,433,553,191,341,187
09/08/1982 00:00,584,440,543,158,301,234
10/08/1982 00:00,581,439,546,139,304,168
11/08/1982 00:00,578,430,549,191,300,170
12/08/1982 00:00,575,414,532,191,291,161
13/08/1982 00:00,571,390,512,173,275,134
14/08/1982 00:00,565,389,502,137,275,137
15/08/1982 00:00,557,397,486,153,278,133
16/08/1982 00:00,549,386,478,163,305,153
17/08/1982 00:00,541,377,472,191,297,182
18/08/1982 00:00,534,354,472,220,276,170
19/08/1982 00:00,528,333,482,228,273,136
20/08/1982 00:00,523,339,481,235,273,132
21/08/1982 00:00,513,357,474,230,294,139
22/08/1982 00:00,506,355,475,167,312,171
23/08/1982 00:00,498,329,472,164,326,182
24/08/1982 00:00,495,315,470,244,313,199
25/08/1982 00:00,481,318,475,233,287,185
26/08/1982 00:00,473,329,480,190,273,178
27/08/1982 00:00,469,327,486,180,292,135
28/08/1982 00:00,467,320,478,211,318,160
29/08/1982 00:00,464,317,464,237,303,210
30/08/1982 00:00,460,310,450,179,277,173
31/08/1982 00:00,452,352.8461277,473,205,281,140
01/09/1982 00:00,446,322,486,195,299,152
02/09/1982 00:00,447,308,472,250,297,175
03/09/1982 00:00,448,349,449,220,289,158
04/09/1982 00:00,449,356,448,244,319,153
05/09/1982 00:00,448,363,456,200,308,194
06/09/1982 00:00,446,375,448,206,335,194
07/09/1982 00:00,448,373,459,162,312,210
08/09/1982 00:00,451,367,470,182,325,173
09/09/1982 00:00,451,366,477,189,333,189
10/09/1982 00:00,448,371,472,168,325,217
11/09/1982 00:00,449,377,468,147,306,235
12/09/1982 00:00,450,384,479,180,341,200
13/09/1982 00:00,456,416,488,186,325,259
14/09/1982 00:00,467,437,499,161,335,224
15/09/1982 00:00,477,452,513,139,318,261
16/09/1982 00:00,488,465,519,134,320,210
17/09/1982 00:00,495,473,528,147,343,260
18/09/1982 00:00,501,460,538,184,352,265
19/09/1982 00:00,507,453,544,158,356,275
20/09/1982 00:00,511,460,552,156,337,263
21/09/1982 00:00,514,451,558,141,355,236
22/09/1982 00:00,516,450,562,139,333,274
23/09/1982 00:00,517,452,564,122,311,219
24/09/1982 00:00,518,457,561,123,335,221
25/09/1982 00:00,519,448,555,120,326,233
26/09/1982 00:00,521,442,553,118,327,260
27/09/1982 00:00,523,439,555,118,314,267
28/09/1982 00:00,523,441,557,111,313,231
29/09/1982 00:00,522,438,563,174,323,265
30/09/1982 00:00,524,440,567,161,365,250
01/10/1982 00:00,527,447,572,159,379,295
02/10/1982 00:00,531,445,579,139,363,340
03/10/1982 00:00,533,448,590,144,349,290
04/10/1982 00:00,537,450,599,138,347,300
05/10/1982 00:00,542,451,599,125,364,305
06/10/1982 00:00,547,453,603,119,385,310
07/10/1982 00:00,552,449,607,112,384,306
08/10/1982 00:00,556,441,611,125,358,310
09/10/1982 00:00,560,447,615,152,378,305
10/10/1982 00:00,563,451,625,157,419,347
11/10/1982 00:00,565,455,639,169,470,403
12/10/1982 00:00,568,461,654,141,461,409
13/10/1982 00:00,572,468,668,111,423,408
14/10/1982 00:00,579,473,674,112,389,339
15/10/1982 00:00,582,481,680,128,400,316
16/10/1982 00:00,586,488,685,129,392,330
17/10/1982 00:00,591,500,686,114,411,305
18/10/1982 00:00,596,508,684,119,397,324
19/10/1982 00:00,598,517,684,118,419,320
20/10/1982 00:00,601,521,687,190,395,327
21/10/1982 00:00,604,527,691,141,428,333
22/10/1982 00:00,610,532,696,182,459,378
23/10/1982 00:00,616,535,701,195,498,401
24/10/1982 00:00,622,539,708,215,480,420
25/10/1982 00:00,627,544,721,189,477,416
26/10/1982 00:00,633,548,733,167,512,421
27/10/1982 00:00,639,550,744,192,491,434
28/10/1982 00:00,647,553,748,141,432,391
29/10/1982 00:00,654,555,752,135,403,343
30/10/1982 00:00,659,556,759,142,388,305
31/10/1982 00:00,662,554,758,122,367,290
01/11/1982 00:00,664,548,758,117,376,270
02/11/1982 00:00,666,542,759,111,364,303
03/11/1982 00:00,669,532,762,114,379,280
04/11/1982 00:00,674,526,761,136,390,339
05/11/1982 00:00,677,523,765,113,401,338
06/11/1982 00:00,681,519,763,109,388,310
07/11/1982 00:00,684,515,761,147,411,305
08/11/1982 00:00,686,519,757,128,389,323
09/11/1982 00:00,688,519,754,115,400,300
10/11/1982 00:00,691,508,751,104,362,285
11/11/1982 00:00,692,505,747,126,359,283
12/11/1982 00:00,694,505,742,158,358,263
13/11/1982 00:00,695,503,737,240,363,266
14/11/1982 00:00,696,500,733,145,377,253
15/11/1982 00:00,697,493,728,143,372,277
16/11/1982 00:00,697,476,718,149,355,249
17/11/1982 00:00,696,469,712,137,346,247
18/11/1982 00:00,696,460,701,141,351,239
19/11/1982 00:00,695,450,697,116,333,243
20/11/1982 00:00,694,436,688,109,330,216
21/11/1982 00:00,693,427,677,137,364,213
22/11/1982 00:00,692,446,666,135,355,263
23/11/1982 00:00,690,448,667,145,392,263
24/11/1982 00:00,688,447,673,130,389,302
25/11/1982 00:00,687,437,675,111,382,295
26/11/1982 00:00,684,423,678,112,381,287
27/11/1982 00:00,680,426,677,111,359,277
28/11/1982 00:00,678,415,672,109,361,312
29/11/1982 00:00,676,412,667,106,337,310
30/11/1982 00:00,673,407,663,104,325,291
01/12/1982 00:00,667,398,670,97,316,215
02/12/1982 00:00,666,377,662,119,326,199
03/12/1982 00:00,662,364,651,129,315,221
04/12/1982 00:00,657,359,638,115,312,214
05/12/1982 00:00,651,348,615,115,322,210
06/12/1982 00:00,644,334,603,171,317,212
07/12/1982 00:00,636,320,586,164,348,202
08/12/1982 00:00,627,309,584,138,384,224
09/12/1982 00:00,618,304,578,135,396,298
10/12/1982 00:00,609,318,596,118,381,310
11/12/1982 00:00,605,357,612,106,363,288
12/12/1982 00:00,600,361,617,99,376,255
13/12/1982 00:00,595,349,615,137,366,268
14/12/1982 00:00,595,352,606,148,349,259
15/12/1982 00:00,590,353,601,119,354,225
16/12/1982 00:00,584,334,597,110,357,237
17/12/1982 00:00,577,319,585,124,335,224
18/12/1982 00:00,569,308,566,157,337,208
19/12/1982 00:00,559,311,558,147,359,223
20/12/1982 00:00,550,335,554,265,365,255
21/12/1982 00:00,542,344,549,197,378,251
22/12/1982 00:00,538,340,553,148,408,257
23/12/1982 00:00,533,331,557,134,409,300
24/12/1982 00:00,526,325,563,182,415,299
25/12/1982 00:00,522,320,569,146,380,295
26/12/1982 00:00,519,316,576,125,404,265
27/12/1982 00:00,516,316,580,112,395,288
28/12/1982 00:00,511,332,577,126,375,310
29/12/1982 00:00,508,329,574,184,356,265
30/12/1982 00:00,505,320,571,223,345,250
31/12/1982 00:00,503,310,567,145,338,232
01/01/1983 00:00,500,299,560,124,341,221
02/01/1983 00:00,495,283,547,117,364,268
03/01/1983 00:00,484,274,532,131,373,243
04/01/1983 00:00,474,267,522,210,331,240
05/01/1983 00:00,463,256,514,175,330,199
06/01/1983 00:00,454,245,507,222,391,283
07/01/1983 00:00,444,235,502,203,398,300
08/01/1983 00:00,437,232,501,164,368,290
09/01/1983 00:00,428,239,515,142,351,243
10/01/1983 00:00,417,251,523,145,353,228
11/01/1983 00:00,414,236,519,185,326,228
12/01/1983 00:00,417,241,515,165,319,200
13/01/1983 00:00,412,255,505,129,317,199
14/01/1983 00:00,403,272,492,119,318,212
15/01/1983 00:00,395,249,483,116,316,190
16/01/1983 00:00,387,229,478,124,300,175
17/01/1983 00:00,380,213,471,115,289,166
18/01/1983 00:00,369,308.4227023,463,108,290,156
19/01/1983 00:00,359,300.2213191,450,115,287,150
20/01/1983 00:00,347,294.8658341,434,113,278,148
21/01/1983 00:00,332,285.7479698,419,120,273,140
22/01/1983 00:00,320,280.6854848,402,112,262,140
23/01/1983 00:00,308,266.4879952,386,102,259,138
24/01/1983 00:00,294,256.2905627,374,94,255,135
25/01/1983 00:00,283,245.6801532,366,89,255,131
26/01/1983 00:00,269,244.6030212,366,87,253,128
27/01/1983 00:00,258,238.0440289,364,85,252,120
28/01/1983 00:00,249,234.3823365,358,88,252,120
29/01/1983 00:00,241,234.9806408,348,84,261,150
30/01/1983 00:00,234,226.3622315,339,87,272,163
31/01/1983 00:00,228,235.2225847,353,100,275,158
01/02/1983 00:00,224,268.6490783,373,106,252,148
02/02/1983 00:00,227,257.5423332,373,95,253,138
03/02/1983 00:00,231,223.090736,360,83,265,124
04/02/1983 00:00,235,212.7666015,338,80,268,140
05/02/1983 00:00,239,210.9041971,329,79,261,137
06/02/1983 00:00,228,251.5660168,322,152,243,140
07/02/1983 00:00,217,235.2160669,330,103,244,135
08/02/1983 00:00,212,252.0652354,327,162,245,133
09/02/1983 00:00,209,217.3784217,324,117,275,155
10/02/1983 00:00,208,204.9987717,321,120,292,164
11/02/1983 00:00,208,236.8629708,335,146,283,169
12/02/1983 00:00,207,239.9804303,352,115,273,156
13/02/1983 00:00,207,237.2210676,370,98,273,140
14/02/1983 00:00,211,237.8321629,376,88,279,149
15/02/1983 00:00,222,225.4552848,348,85,271,151
16/02/1983 00:00,227,226.8754427,333,76,252,146
17/02/1983 00:00,221,212.2765515,325,71,243,121
18/02/1983 00:00,216,211.4873346,321,70,239,119
19/02/1983 00:00,213,237.1651401,318,163,260,143
20/02/1983 00:00,210,224.4619642,316,133,247,122
21/02/1983 00:00,203,195.0748993,312,108,258,112
22/02/1983 00:00,195,222.3563865,309,168,255,120
23/02/1983 00:00,192,234.843585,307,246,272,124
24/02/1983 00:00,190,233.6558571,304,218,270,139
25/02/1983 00:00,186,259.8034213,300,247,258,150
26/02/1983 00:00,181,260.680387,306,255,260,143
27/02/1983 00:00,187,221.924328,314,191,285,148
28/02/1983 00:00,199,221.385873,322,151,281,154
01/03/1983 00:00,196,226.2479506,334,222,308,149
02/03/1983 00:00,204,236.7823732,350,171,316,189
03/03/1983 00:00,199,265.9979372,369,131,316,237
04/03/1983 00:00,200,294.4623764,389,150,286,200
05/03/1983 00:00,209,272.1354828,403,152,295,160
06/03/1983 00:00,214,293.7080441,416,133,278,163
07/03/1983 00:00,233,276.1054862,390,183,284,145
08/03/1983 00:00,245,237.5327704,368,133,313,184
09/03/1983 00:00,238,271.0105066,384,145,323,228
10/03/1983 00:00,227,296.591758,393,189,304,203
11/03/1983 00:00,222,274.7203172,424,144,322,186
12/03/1983 00:00,220,279.4227616,433,135,342,220
13/03/1983 00:00,224,270.3337872,419,111,337,228
14/03/1983 00:00,251,320.9519859,422,227,326,219
15/03/1983 00:00,260,339.2721934,433,236,303,193
16/03/1983 00:00,255,299.9040877,437,185,303,155
17/03/1983 00:00,261,272.4623034,426,136,321,181
18/03/1983 00:00,265,235.0710885,407,127,342,182
19/03/1983 00:00,260,264.9796353,398,113,316,208
20/03/1983 00:00,259,274.0486262,406,104,290,177
21/03/1983 00:00,250,259.5996604,418,101,294,148
22/03/1983 00:00,253,274.4299624,422,97,280,147
23/03/1983 00:00,249,270.2735735,397,114,264,135
24/03/1983 00:00,250,264.2191733,377,145,259,123
25/03/1983 00:00,244,264.2809023,366,176,260,120
26/03/1983 00:00,244,247.5762189,350,129,257,135
27/03/1983 00:00,234,232.5947871,350,110,273,148
28/03/1983 00:00,225,194.9463833,358,121,346,188
29/03/1983 00:00,226,220.8688024,376,129,374,248
30/03/1983 00:00,235,255.8092987,394,144,358,248
31/03/1983 00:00,241,280.4522116,424,112,339,240
01/04/1983 00:00,253,290.6304743,455,102,333,215
02/04/1983 00:00,253,289.4117332,456,97,330,210
03/04/1983 00:00,275,306.4247235,443,100,308,215
04/04/1983 00:00,290,299.8819752,431,95,281,178
05/04/1983 00:00,295,284.8414266,427,96,273,145
06/04/1983 00:00,293,266.5047629,408,107,280,143
07/04/1983 00:00,280,257.2938944,398,134,302,160
08/04/1983 00:00,275,313.8214499,386,199,335,280
09/04/1983 00:00,270,329.4179075,398,240,357,302
10/04/1983 00:00,265,324.7489974,450,223,373,268
11/04/1983 00:00,263,328.6058433,497,200,416,300
12/04/1983 00:00,280,321.866057,507,180,460,358
13/04/1983 00:00,310,326.1046369,529,168,477,371
14/04/1983 00:00,338,379.3349458,558,191,460,380
15/04/1983 00:00,353,365.0967585,583,193,485,365
16/04/1983 00:00,370,363.8979498,600,198,519,393
17/04/1983 00:00,383,384.4395978,611,182,518,420
18/04/1983 00:00,398,423.8073167,629,190,492,415
19/04/1983 00:00,410,423.7701533,646,158,484,400
20/04/1983 00:00,435,438.3355514,660,137,471,397
21/04/1983 00:00,448,427.7870804,666,141,473,373
22/04/1983 00:00,463,523.2472981,667,370,484,408
23/04/1983 00:00,473,475.0144797,675,173,449,380
24/04/1983 00:00,481,442.6535735,680,134,445,338
25/04/1983 00:00,488,429.9655071,678,125,474,371
26/04/1983 00:00,496,437.9893906,677,187,492,377
27/04/1983 00:00,500,487.8128907,682,186,447,380
28/04/1983 00:00,504,439.8933813,689,146,461,340
29/04/1983 00:00,509,426.9901888,695,135,508,393
30/04/1983 00:00,517,462.7414371,699,212,511,405
01/05/1983 00:00,521,478.5693424,705,212,499,404
02/05/1983 00:00,526,467.1022519,709,195,505,400
03/05/1983 00:00,534,460.2351289,719,173,511,399
04/05/1983 00:00,535,464.1453693,728,150,506,400
05/05/1983 00:00,535,512.4852017,735,144,457,395
06/05/1983 00:00,541,523.7582331,739,214,440,340
07/05/1983 00:00,544,573.6451997,743,269,411,337
08/05/1983 00:00,551,540.6702553,736,230,408,310
09/05/1983 00:00,556,512.4167903,729,169,404,302
10/05/1983 00:00,560,480.3705039,726,156,427,298
11/05/1983 00:00,562,513.0072458,722,187,410,310
12/05/1983 00:00,560,519.3942933,719,200,384,275
13/05/1983 00:00,562,517.1183689,719,172,366,259
14/05/1983 00:00,563,498.8563294,716,144,360,240
15/05/1983 00:00,564,493.0536026,707,161,361,233
16/05/1983 00:00,565,489.3780187,699,134,362,254
17/05/1983 00:00,565,471.4435813,695,160,393,264
18/05/1983 00:00,568,491.7944779,699,170,388,278
19/05/1983 00:00,570,517.928699,706,170,365,275
20/05/1983 00:00,573,482.3552787,711,158,391,260
21/05/1983 00:00,577,489.4177814,711,147,412,311
22/05/1983 00:00,581,512.8554213,713,177,406,319
23/05/1983 00:00,584,497.6846519,721,143,425,335
24/05/1983 00:00,587,476.5429826,725,137,441,325
25/05/1983 00:00,590,545.5908851,729,242,428,349
26/05/1983 00:00,592,535.025054,731,188,399,315
27/05/1983 00:00,593,584.4132453,733,285,380,305
28/05/1983 00:00,594,514.7511076,735,200,405,280
29/05/1983 00:00,595,511.2793823,737,173,446,353
30/05/1983 00:00,596,497.0331526,739,158,469,373
31/05/1983 00:00,598,511.8630372,743,135,453,380
01/06/1983 00:00,601,525.4233053,745,133,415,340
02/06/1983 00:00,605,517.4060915,746,183,394,263
03/06/1983 00:00,609,551.4885507,748,178,370,280
04/06/1983 00:00,611,550.3087662,749,164,370,285
05/06/1983 00:00,613,529.3960685,745,179,395,287
06/06/1983 00:00,615,520.971753,744,191,406,285
07/06/1983 00:00,615,494.5805904,743,139,404,271
08/06/1983 00:00,621,523.8023458,745,129,380,283
09/06/1983 00:00,624,513.865138,747,137,377,255
10/06/1983 00:00,625,514.9517379,741,127,369,257
11/06/1983 00:00,626,502.7634817,733,121,370,252
12/06/1983 00:00,628,522.1909131,726,115,353,268
13/06/1983 00:00,630,519.4047724,725,112,349,260
14/06/1983 00:00,632,523.3569104,723,145,340,235
15/06/1983 00:00,635,559.7554959,725,218,326,226
16/06/1983 00:00,635,553.6835193,719,246,326,207
17/06/1983 00:00,635,551.2886589,699,253,321,215
18/06/1983 00:00,634,500.5870769,688,145,328,221
19/06/1983 00:00,634,471.1140888,680,129,339,210
20/06/1983 00:00,633,451.5027626,672,119,351,213
21/06/1983 00:00,632,490.5393563,664,138,320,225
22/06/1983 00:00,630,476.609664,657,117,294,182
23/06/1983 00:00,622,492.3243586,650,224,295,155
24/06/1983 00:00,617,453.6351534,634,173,295,142
25/06/1983 00:00,611,434.3360092,615,143,289,142
26/06/1983 00:00,607,400.8128078,602,138,303,129
27/06/1983 00:00,605,397.7324402,585,153,312,150
28/06/1983 00:00,598,417.0617491,585,121,293,170
29/06/1983 00:00,592,423.5047458,585,137,284,157
30/06/1983 00:00,583,419.1360118,578,164,284,143
01/07/1983 00:00,574,415.1013238,567,182,283,138
02/07/1983 00:00,566,411.9759746,552,180,272,135
03/07/1983 00:00,558,397.0909635,545,150,273,139
04/07/1983 00:00,550,368.8071229,541,123,284,132
05/07/1983 00:00,542,368.6226364,535,225,322,140
06/07/1983 00:00,534,413.0583862,535,157,297,212
07/07/1983 00:00,526,398.3437998,531,125,283,190
08/07/1983 00:00,519,368.2862232,555,119,307,155
09/07/1983 00:00,515,323.5624567,552,130,369,179
10/07/1983 00:00,511,396.1047448,548,144,341,248
11/07/1983 00:00,508,369.3638866,553,133,340,204
12/07/1983 00:00,510,370.4862746,580,131,361,208
13/07/1983 00:00,514,400.0023182,580,127,343,229
14/07/1983 00:00,518,427.2156454,579,115,301,214
15/07/1983 00:00,516,403.3158417,576,123,295,165
16/07/1983 00:00,515,388.3346274,575,115,319,185
17/07/1983 00:00,512,428.7998998,573,177,293,175
18/07/1983 00:00,510,401.7317026,559,176,300,160
19/07/1983 00:00,508,417.7901327,550,170,281,170
20/07/1983 00:00,498,403.6147133,544,209,286,140
21/07/1983 00:00,489,437.2591824,535,329,296,151
22/07/1983 00:00,484,411.0359992,522,274,298,160
23/07/1983 00:00,479,365.9434314,513,204,304,149
24/07/1983 00:00,474,304.2255633,512,181,369,168
25/07/1983 00:00,469,330.7492523,518,163,382,235
26/07/1983 00:00,464,361.8403454,522,131,346,242
27/07/1983 00:00,460,367.7127463,543,136,328,195
28/07/1983 00:00,458,396.1302665,550,184,302,163
29/07/1983 00:00,457,340.2930112,536,138,331,163
30/07/1983 00:00,456,345.414448,522,158,322,162
31/07/1983 00:00,453,426.2047094,508,296,288,174
01/08/1983 00:00,450,418.5068144,513,257,292,185
02/08/1983 00:00,449,430.5898675,512,255,299,218
03/08/1983 00:00,452,336.1628709,522,185,355,184
04/08/1983 00:00,456,338.8544116,536,139,390,254
05/08/1983 00:00,464,389.4192884,535,189,375,283
06/08/1983 00:00,472,400.3561244,542,172,350,262
07/08/1983 00:00,477,405.6288125,551,178,323,213
08/08/1983 00:00,483,414.2046678,566,212,327,195
09/08/1983 00:00,493,401.7944691,568,138,311,190
10/08/1983 00:00,501,402.4544332,554,180,308,178
11/08/1983 00:00,505,374.9102693,547,152,311,163
12/08/1983 00:00,506,386.8425203,540,130,290,170
13/08/1983 00:00,504,371.8327997,531,169,297,145
14/08/1983 00:00,501,368.5697328,518,135,293,169
15/08/1983 00:00,497,370.3739896,509,132,275,156
16/08/1983 00:00,493,367.6476433,505,155,268,132
17/08/1983 00:00,487,384.0607088,496,236,273,130
18/08/1983 00:00,468,397.6877508,482,263,258,130
19/08/1983 00:00,459,386.9572625,474,263,255,118
20/08/1983 00:00,455,361.0193393,473,205,259,118
21/08/1983 00:00,451,307.9311775,465,186,309,133
22/08/1983 00:00,450,308.1609672,454,191,335,185
23/08/1983 00:00,449,353.9258154,461,169,316,233
24/08/1983 00:00,446,370.6465353,483,186,296,192
25/08/1983 00:00,449,378.7713119,513,176,308,194
26/08/1983 00:00,453,398.8336412,525,175,299,198
27/08/1983 00:00,457,404.7208441,522,169,295,208
28/08/1983 00:00,460,378.1568094,525,133,294,181
29/08/1983 00:00,461,388.8357012,519,234,331,205
30/08/1983 00:00,465,431.2765109,517,184,306,265
31/08/1983 00:00,469,392.5199921,517,147,294,205
01/09/1983 00:00,473,373.2264809,540,127,311,185
02/09/1983 00:00,479,333.8351069,549,124,363,195
03/09/1983 00:00,480,441.460543,542,179,310,260
04/09/1983 00:00,480,421.6159828,541,137,295,230
05/09/1983 00:00,480,390.9876523,549,118,303,195
06/09/1983 00:00,481,396.3385123,546,116,294,194
07/09/1983 00:00,485,386.2042313,544,151,312,188
08/09/1983 00:00,489,391.9200378,540,134,304,199
09/09/1983 00:00,497,378.3056761,540,120,311,196
10/09/1983 00:00,501,407.2025928,542,121,302,225
11/09/1983 00:00,505,383.8253381,544,112,307,198
12/09/1983 00:00,511,410.0599258,544,113,298,225
13/09/1983 00:00,517,408.1914005,545,125,282,188
14/09/1983 00:00,520,397.1472177,543,133,279,163
15/09/1983 00:00,519,403.5578777,536,140,283,184
16/09/1983 00:00,518,381.6629986,530,116,288,178
17/09/1983 00:00,520,402.771147,529,148,279,180
18/09/1983 00:00,520,389.1348212,532,155,297,179
19/09/1983 00:00,522,415.2401007,533,158,292,210
20/09/1983 00:00,523,367.7875461,533,153,325,189
21/09/1983 00:00,523,391.8325334,530,161,346,260
22/09/1983 00:00,520,388.0820888,535,124,348,273
23/09/1983 00:00,525,405.2538852,545,131,339,270
24/09/1983 00:00,531,415.0495642,561,148,335,250
25/09/1983 00:00,535,419.1788521,566,148,341,260
26/09/1983 00:00,539,439.6565437,572,133,315,253
27/09/1983 00:00,544,426.6694769,571,127,309,227
28/09/1983 00:00,546,407.6580113,573,128,322,214
29/09/1983 00:00,544,415.3497962,566,139,323,230
30/09/1983 00:00,543,467.3101854,606.6104222,136,305,225
01/10/1983 00:00,542,444.1006119,567,138,298,236
02/10/1983 00:00,540,467.730937,571,166,293,245
03/10/1983 00:00,541,423.7173813,575,147,321,225
04/10/1983 00:00,542,470.2519431,577,192,309,252
05/10/1983 00:00,543,494.7246879,577,259,297,233
06/10/1983 00:00,544,473.1580154,581,223,291,205
07/10/1983 00:00,545,444.7990517,579,176,294,194
08/10/1983 00:00,546,389.5510442,574,132,335,202
09/10/1983 00:00,547,395.902278,567,117,348,250
10/10/1983 00:00,548,436.6484689,563,109,304,255
11/10/1983 00:00,548,403.0967442,581,105,350,255
12/10/1983 00:00,546,384.5267459,588,117,374,248
13/10/1983 00:00,545,421.2101925,596,129,363,273
14/10/1983 00:00,546,429.5378976,604,144,363,268
15/10/1983 00:00,549,461.3213237,610,125,336,280
16/10/1983 00:00,553,477.3166871,617,173,341,277
17/10/1983 00:00,555,459.0805709,620,155,352,272
18/10/1983 00:00,559,447.3442387,622,118,350,269
19/10/1983 00:00,565,435.8367241,626,106,351,254
20/10/1983 00:00,567,439.1489524,633,109,383,300
21/10/1983 00:00,569,494.6414024,640,123,365,344
22/10/1983 00:00,573,481.6826298,646,117,373,332
23/10/1983 00:00,576,495.8224451,652,114,371,346
24/10/1983 00:00,579,491.6616736,660,142,369,310
25/10/1983 00:00,581,505.3738086,665,144,349,293
26/10/1983 00:00,584,525.0469882,666,146,342,311
27/10/1983 00:00,584,513.6644468,660,165,334,276
28/10/1983 00:00,586,532.2826273,665,224,347,286
29/10/1983 00:00,588,496.4727423,665,156,357,284
30/10/1983 00:00,590,477.9533526,668,157,391,304
31/10/1983 00:00,593,493.9908021,671,163,407,348
01/11/1983 00:00,597,491,678,172,423,348
02/11/1983 00:00,601,494,689,178,397,346
03/11/1983 00:00,605,499,696,179,379,313
04/11/1983 00:00,607,508,698,147,389,321
05/11/1983 00:00,610,511,700,134,374,304
06/11/1983 00:00,613,511,703,118,375,292
07/11/1983 00:00,616,492,704,109,357,280
08/11/1983 00:00,619,468,702,115,343,286
09/11/1983 00:00,620,449,697,111,330,237
10/11/1983 00:00,621,425,688,123,319,223
11/11/1983 00:00,619,430,681,127,322,219
12/11/1983 00:00,617,413,673,118,343,233
13/11/1983 00:00,616,408,668,113,338,246
14/11/1983 00:00,615,408,666,136,361,230
15/11/1983 00:00,614,409,664,132,359,267
16/11/1983 00:00,613,411,661,149,376,282
17/11/1983 00:00,611,416,665,117,377,292
18/11/1983 00:00,610,417,669,119,371,292
19/11/1983 00:00,610,415,674,134,361,276
20/11/1983 00:00,610,411,675,147,360,252
21/11/1983 00:00,609,410,670,109,334,256
22/11/1983 00:00,608,409,660,150,337,263
23/11/1983 00:00,606,405,657,115,325,235
24/11/1983 00:00,603,402,653,131,317,212
25/11/1983 00:00,599,400,642,126,311,206
26/11/1983 00:00,595,400,626,127,324,193
27/11/1983 00:00,591,426.7648233,615,143,340,212
28/11/1983 00:00,589,428.7274412,607,115,343,246
29/11/1983 00:00,584,460.0408994,610,118,334,277
30/11/1983 00:00,579,450.5878864,621,146,345,250
01/12/1983 00:00,576,400,631,155,333,255
02/12/1983 00:00,575,404,627,152,340,251
03/12/1983 00:00,574,407,622,124,354,259
04/12/1983 00:00,573,411,620,159,365,269
05/12/1983 00:00,573,418,621,147,391,305
06/12/1983 00:00,570,422,623,164,383,328
07/12/1983 00:00,569,423,634,166,365,337
08/12/1983 00:00,570,424,643,152,377,310
09/12/1983 00:00,570,428,649,159,393,298
10/12/1983 00:00,571,429,651,170,425,330
11/12/1983 00:00,572,427,650,175,412,348
12/12/1983 00:00,574,438,653,148,443,335
13/12/1983 00:00,577,463,656,153,431,362
14/12/1983 00:00,579,475,660,154,432,353
15/12/1983 00:00,580,465,664,147,434,338
16/12/1983 00:00,581,441,665,137,415,343
17/12/1983 00:00,581,482.7868999,667,140,392,325
18/12/1983 00:00,582,491.5614997,668,129,383,330
19/12/1983 00:00,582,437.9014105,668,129,409,285
20/12/1983 00:00,583,483.4941792,667,143,400,337
21/12/1983 00:00,583,481.4126599,665,143,383,309
22/12/1983 00:00,583,452.7933291,666,141,417,317
23/12/1983 00:00,582,488.7235983,666,128,384,330
24/12/1983 00:00,582,474.2588654,664,123,367,285
25/12/1983 00:00,581,474.8429907,663,112,349,265
26/12/1983 00:00,580,464.1233338,659,104,335,235
27/12/1983 00:00,579,462.8521321,651,126,344,244
28/12/1983 00:00,578,462.2163218,636,115,323,234
29/12/1983 00:00,575,451.6475942,628,109,326,235
30/12/1983 00:00,570,449.6365071,618,103,315,230
31/12/1983 00:00,564,412.5196539,601,122,334,210
01/01/1984 00:00,559,431.057449,589,152,363,283
02/01/1984 00:00,554,419.2343144,585,148,359,265
03/01/1984 00:00,549,436.165363,601,143,350,262
04/01/1984 00:00,544,435.5809852,608,160,350,243
05/01/1984 00:00,541,432.9542998,602,184,355,240
06/01/1984 00:00,539,410.8937532,592,192,384,258
07/01/1984 00:00,536,408.6742125,585,175,396,292
08/01/1984 00:00,534,428.4317883,584,236,414,318
09/01/1984 00:00,532,405.6192595,594,187,429,322
10/01/1984 00:00,529,419.1764958,603,171,428,341
11/01/1984 00:00,528,405.3447775,609,166,444,340
12/01/1984 00:00,531,406.9759307,614,151,452,358
13/01/1984 00:00,533,430.1022946,618,129,411,338
14/01/1984 00:00,533,454.1089813,624,117,378,324
15/01/1984 00:00,531,441.3013187,624,108,353,269
16/01/1984 00:00,531,426.2291885,618,106,341,234
17/01/1984 00:00,527,427.3992129,612,142,339,219
18/01/1984 00:00,524,395.4706204,602,134,362,221
19/01/1984 00:00,520,452.7034518,583,117,318,276
20/01/1984 00:00,514,395.224585,570,110,324,213
21/01/1984 00:00,509,399.0246722,566,140,323,205
22/01/1984 00:00,502,404.1398124,558,143,324,223
23/01/1984 00:00,494,416.236175,546,158,308,223
24/01/1984 00:00,489,378.0228413,544,146,328,203
25/01/1984 00:00,482,348.7827582,541,140,351,200
26/01/1984 00:00,474,352.0707877,517,123,347,238
27/01/1984 00:00,467,354.4266071,515,121,339,233
28/01/1984 00:00,455,342.8563767,523,131,360,233
29/01/1984 00:00,445,365.9472924,530,165,361,244
30/01/1984 00:00,435,377.4362588,518,155,342,253
31/01/1984 00:00,428,361.5825084,517,118,334,238
01/02/1984 00:00,419,328.3840396,527,109,352,207
02/02/1984 00:00,415,332.6118843,531,135,374,229
03/02/1984 00:00,412,364.9569059,508,209,370,259
04/02/1984 00:00,407,342.7945342,504,153,368,258
05/02/1984 00:00,400,371.8353527,519,180,364,265
06/02/1984 00:00,396,399.5655671,531,234,371,275
07/02/1984 00:00,402,331.4153902,534,182,422,273
08/02/1984 00:00,412,393.2115292,540,168,395,330
09/02/1984 00:00,422,358.4652683,550,150,410,296
10/02/1984 00:00,428,357.2183344,565,139,430,314
11/02/1984 00:00,435,363.3080731,569,137,432,323
12/02/1984 00:00,442,399.5802023,575,124,394,321
13/02/1984 00:00,448,394.0313208,583,113,376,280
14/02/1984 00:00,450,388.3843819,587,108,371,261
15/02/1984 00:00,448,414.3963774,575,117,354,285
16/02/1984 00:00,448,416.9240498,567,135,342,269
17/02/1984 00:00,447,359.1966627,564,135,378,237
18/02/1984 00:00,445,405.8611668,565,195,385,287
19/02/1984 00:00,441,391.7098096,561,161,378,278
20/02/1984 00:00,438,346.4486072,561,127,403,265
21/02/1984 00:00,435,362.7443986,565,134,414,300
22/02/1984 00:00,432,381.6700217,565,137,399,305
23/02/1984 00:00,428,412.3257274,568,152,375,304
24/02/1984 00:00,425,423.6826029,578,199,370,275
25/02/1984 00:00,426,410.2074947,586,170,379,275
26/02/1984 00:00,428,431.1257397,582,183,371,293
27/02/1984 00:00,431,389.739781,575,173,399,285
28/02/1984 00:00,436,375.1737648,577,131,410,301
29/02/1984 00:00,437,424.0083066,581,133,387,337
01/03/1984 00:00,436,349,589,119,378,285
02/03/1984 00:00,437,341,600,120,360,266
03/03/1984 00:00,440,335,595,142,394,254
04/03/1984 00:00,441,335,587,128,380,294
05/03/1984 00:00,442,344,590,110,363,265
06/03/1984 00:00,442,345,590,118,344,248
07/03/1984 00:00,441,330,587,127,362,223
08/03/1984 00:00,442,335,581,112,395,248
09/03/1984 00:00,441,304,573,130,356,289
10/03/1984 00:00,434,302,570,133,343,234
11/03/1984 00:00,429,337,568,109,334,217
12/03/1984 00:00,425,336,565,96,317,203
13/03/1984 00:00,421,334,555,88,315,180
14/03/1984 00:00,413,331,544,86,310,175
15/03/1984 00:00,402,336,524,86,302,166
16/03/1984 00:00,389,334,509,87,293,162
17/03/1984 00:00,374,332,495,87,287,155
18/03/1984 00:00,361,328,483,88,288,154
19/03/1984 00:00,345,325,471,97,303,158
20/03/1984 00:00,333,320,463,104,283,181
21/03/1984 00:00,318,318,460,107,288,156
22/03/1984 00:00,306,315,457,100,308,165
23/03/1984 00:00,298,316,447,104,312,190
24/03/1984 00:00,293,309,442,100,321,238
25/03/1984 00:00,286,306,457,109,333,225
26/03/1984 00:00,281,303,482,91,321,229
27/03/1984 00:00,283,301,495,88,331,205
28/03/1984 00:00,292,301,496,87,336,219
29/03/1984 00:00,299,228,496,89,341,220
30/03/1984 00:00,300,252,490,158,348,241
31/03/1984 00:00,300,228,497,159,365,237
01/04/1984 00:00,300,310.7077303,508,157,402,259
02/04/1984 00:00,302,367.4819695,513,162,376,300
03/04/1984 00:00,313,349.6317933,514,146,383,290
04/04/1984 00:00,321,351.5125801,527,125,379,283
05/04/1984 00:00,327,351.1292931,533,110,366,263
06/04/1984 00:00,334,371.2359482,531,107,359,288
07/04/1984 00:00,339,370.2270128,526,107,347,273
08/04/1984 00:00,338,353.6709923,529,124,354,244
09/04/1984 00:00,336,364.9531233,537,147,357,244
10/04/1984 00:00,335,356.6166207,527,147,356,241
11/04/1984 00:00,334,344.3855975,522,142,364,243
12/04/1984 00:00,332,345.9375418,522,131,369,260
13/04/1984 00:00,329,356.3607051,522,135,368,273
14/04/1984 00:00,329,333.3600276,522,112,374,259
15/04/1984 00:00,333,319.2695076,526,102,394,269
16/04/1984 00:00,339,350.4522187,533,102,383,293
17/04/1984 00:00,347,359.2382726,535,136,384,286
18/04/1984 00:00,353,349.6027251,547,117,401,294
19/04/1984 00:00,359,369.323505,551,98,376,292
20/04/1984 00:00,364,362.1373317,557,89,362,256
21/04/1984 00:00,368,366.4576902,556,83,346,242
22/04/1984 00:00,368,344.5605346,548,91,350,218
23/04/1984 00:00,364,359.0686418,538,97,350,250
24/04/1984 00:00,360,383.4210208,532,206,364,255
25/04/1984 00:00,354,355.500218,531,201,397,267
26/04/1984 00:00,350,408.1736003,534,292,407,311
27/04/1984 00:00,352,365.5562341,544,171,410,306
28/04/1984 00:00,361,383.8446879,565,156,414,325
29/04/1984 00:00,373,398.595375,580,195,449,363
30/04/1984 00:00,385,399.9463197,591,147,460,397
01/05/1984 00:00,399,431.4741654,613,286,490,387
02/05/1984 00:00,412,421.9271436,639,180,485,394
03/05/1984 00:00,428,437.6886962,645,210,482,389
04/05/1984 00:00,435,432.5264573,652,166,474,385
05/05/1984 00:00,447,411.9733672,659,129,473,363
06/05/1984 00:00,454,436.7548971,665,115,445,359
07/05/1984 00:00,458,455.7933665,669,111,401,317
08/05/1984 00:00,463,454.7263531,671,112,384,285
09/05/1984 00:00,471,426.4574058,658,107,400,283
10/05/1984 00:00,472,436.0169529,643,162,405,292
11/05/1984 00:00,472,374.6134622,638,125,451,294
12/05/1984 00:00,472,434.5052368,639,122,424,348
13/05/1984 00:00,471,390.6520392,648,117,472,346
14/05/1984 00:00,479,445.0477418,663,115,446,375
15/05/1984 00:00,481,437.8022813,673,114,453,363
16/05/1984 00:00,487,421.808756,684,112,492,387
17/05/1984 00:00,495,420.6598113,691,114,512,407
18/05/1984 00:00,502,432.7783066,696,110,501,405
19/05/1984 00:00,510,450.8153856,702,114,489,405
20/05/1984 00:00,516,452.8787708,712,122,485,385
21/05/1984 00:00,521,476.0929452,708,145,464,380
22/05/1984 00:00,524,499.1179176,724,180,450,355
23/05/1984 00:00,529,496.8364682,729,172,447,345
24/05/1984 00:00,535,498.5801537,732,173,438,329
25/05/1984 00:00,541,455.3837752,732,161,480,333
26/05/1984 00:00,548,482.2557917,729,178,491,387
27/05/1984 00:00,552,449.6429077,734,170,535,403
28/05/1984 00:00,556,448.871981,739,148,541,418
29/05/1984 00:00,561,471.6158177,744,139,523,425
30/05/1984 00:00,567,492.8046416,748,120,494,419
31/05/1984 00:00,571,514.5207494,755,145,486,418
01/06/1984 00:00,574,558.8045863,761,289,485,396
02/06/1984 00:00,579,549.4933069,763,210,467,396
03/06/1984 00:00,583,529.3946176,770,196,475,376
04/06/1984 00:00,590,535.3444072,770,201,483,395
05/06/1984 00:00,596,529.603542,773,185,486,396
06/06/1984 00:00,601,542.4571937,776,164,479,414
07/06/1984 00:00,607,526.1643934,775,178,485,390
08/06/1984 00:00,613,546.4465972,781,157,469,402
09/06/1984 00:00,619,523.2651185,787,136,480,387
10/06/1984 00:00,626,517.4234748,793,126,492,395
11/06/1984 00:00,631,554.0463508,795,140,458,389
12/06/1984 00:00,636,573.3379671,797,151,431,368
13/06/1984 00:00,640,582.3375819,800,158,408,338
14/06/1984 00:00,645,580.2452687,803,218,412,302
15/06/1984 00:00,647,571.8732008,804,246,436,309
16/06/1984 00:00,649,572.3148781,806,187,433,337
17/06/1984 00:00,651,595.5056968,808,256,434,333
18/06/1984 00:00,654,581.44688,808,205,422,321
19/06/1984 00:00,657,579.9491347,807,180,408,312
20/06/1984 00:00,659,555.2208284,803,151,415,305
21/06/1984 00:00,663,567.0662293,799,133,391,301
22/06/1984 00:00,664,555.9566291,792,136,378,269
23/06/1984 00:00,664,571.4414615,783,180,368,263
24/06/1984 00:00,665,553.4441883,774,204,377,245
25/06/1984 00:00,667,557.4915714,766,166,380,288
26/06/1984 00:00,669,527.9603934,761,135,391,282
27/06/1984 00:00,671,515.7263003,760,138,417,303
28/06/1984 00:00,673,542.2902731,760,145,411,332
29/06/1984 00:00,674,565.8909225,761,222,393,295
30/06/1984 00:00,675,510.0408208,762,221,399,214
01/07/1984 00:00,677,569.8441769,761,245,407,310
02/07/1984 00:00,679,541.6709732,763,188,423,321
03/07/1984 00:00,681,559.323193,763,192,440,374
04/07/1984 00:00,682,554.7318511,764,192,436,359
05/07/1984 00:00,682,538.2784669,771,181,457,364
06/07/1984 00:00,685,532.9142384,774,158,467,381
07/07/1984 00:00,687,539.4673101,776,148,457,379
08/07/1984 00:00,690,574.7759445,779,175,421,359
09/07/1984 00:00,691,562.0503901,783,183,421,329
10/07/1984 00:00,693,533.4332662,785,150,440,330
11/07/1984 00:00,695,568.8424572,781,162,422,356
12/07/1984 00:00,697,545.4168515,780,166,427,325
13/07/1984 00:00,700,556.1557473,781,145,430,358
14/07/1984 00:00,702,582.6854511,779,192,414,350
15/07/1984 00:00,704,582.0300167,778,185,407,343
16/07/1984 00:00,706,575.5304695,778,180,403,329
17/07/1984 00:00,709,580.5896499,777,189,393,317
18/07/1984 00:00,711,578.9784679,775,222,389,291
19/07/1984 00:00,713,588.1737492,773,223,378,290
20/07/1984 00:00,715,590.8148324,766,220,364,282
21/07/1984 00:00,718,583.6371071,758,231,365,275
22/07/1984 00:00,719,544.0358069,756,185,381,266
23/07/1984 00:00,720,527.0197447,753,175,403,283
24/07/1984 00:00,721,529.114459,745,154,401,305
25/07/1984 00:00,722,559.7898198,741,187,376,300
26/07/1984 00:00,724,569.4390462,736,214,353,269
27/07/1984 00:00,724,543.7674477,733,161,344,248
28/07/1984 00:00,724,508.2132937,726,133,360,241
29/07/1984 00:00,724,491.7957456,708,160,390,268
30/07/1984 00:00,725,544.9004114,699,196,356,289
31/07/1984 00:00,725,537.9020036,699,184,331,245
01/08/1984 00:00,725,501.2479338,700,150,345,227
02/08/1984 00:00,724,456.1893858,687,128,384,245
03/08/1984 00:00,723,480.6374262,675,134,387,300
04/08/1984 00:00,723,488.9155606,678,177,403,310
05/08/1984 00:00,722,537.9280386,692,173,375,330
06/08/1984 00:00,721,510.3219895,705,165,372,270
07/08/1984 00:00,720,502.3508104,701,128,359,263
08/08/1984 00:00,719,485.2796027,688,131,355,243
09/08/1984 00:00,717,495.0512442,674,206,359,238
10/08/1984 00:00,715,489.9011303,663,177,354,252
11/08/1984 00:00,712,521.4281035,654,252,346,257
12/08/1984 00:00,711,488.7684126,654,210,356,245
13/08/1984 00:00,708,468.3252794,651,170,364,252
14/08/1984 00:00,707,486.216011,647,171,347,258
15/08/1984 00:00,707,460.6645248,646,157,355,239
16/08/1984 00:00,704,482.3332806,643,142,334,253
17/08/1984 00:00,702,446.4235911,641,147,353,225
18/08/1984 00:00,699,477.8959301,639,135,356,290
19/08/1984 00:00,697,523.5405896,635,235,353,305
20/08/1984 00:00,696,495.3567066,645,197,353,270
21/08/1984 00:00,693,468.759796,663,169,400,297
22/08/1984 00:00,693,446.8832959,663,167,439,325
23/08/1984 00:00,691,488.8611024,673,143,414,355
24/08/1984 00:00,691,452.2520852,670,128,420,318
25/08/1984 00:00,691,506.8791839,684,118,381,333
26/08/1984 00:00,691,509.926894,690,151,360,278
27/08/1984 00:00,692,509.1672636,690,169,358,263
28/08/1984 00:00,692,487.8876406,679,153,366,264
29/08/1984 00:00,692,506.4441883,678,141,354,283
30/08/1984 00:00,693,479.7104033,677,118,353,253
31/08/1984 00:00,693,481.972065,677,108,342,245
01/09/1984 00:00,694,484.9417051,672,103,324,230
02/09/1984 00:00,694,480.3203481,666,101,314,215
03/09/1984 00:00,691,463.9556545,656,100,310,195
04/09/1984 00:00,689,441.0642628,641,98,328,206
05/09/1984 00:00,689,463.842992,627,100,309,228
06/09/1984 00:00,687,447.9314253,624,110,312,205
07/09/1984 00:00,683,465.4343305,627,115,319,238
08/09/1984 00:00,680,471.5252838,622,118,317,249
09/09/1984 00:00,678,435.3591058,630,125,364,252
10/09/1984 00:00,679,503.6831233,644,154,362,325
11/09/1984 00:00,679,490.8001285,660,136,371,310
12/09/1984 00:00,678,484.4344118,676,128,389,314
13/09/1984 00:00,680,479.4469643,681,186,423,320
14/09/1984 00:00,681,481.661638,687,148,444,372
15/09/1984 00:00,680,503.6362403,694,120,428,390
16/09/1984 00:00,681,492.5091657,704,112,425,360
17/09/1984 00:00,683,462.3203389,715,109,459,354
18/09/1984 00:00,686,503.7909528,720,123,438,373
19/09/1984 00:00,686,521.4978168,725,128,437,391
20/09/1984 00:00,688,497.9598569,732,137,477,403
21/09/1984 00:00,690,534.2075144,740,148,458,415
22/09/1984 00:00,691,559.5555262,747,190,455,418
23/09/1984 00:00,697,525.7801969,755,149,474,408
24/09/1984 00:00,699,487.5661189,762,128,509,406
25/09/1984 00:00,704,522.3534202,770,132,489,418
26/09/1984 00:00,704,557.8205886,775,128,451,411
27/09/1984 00:00,706,533.5304833,780,136,466,385
28/09/1984 00:00,708,529.9933313,784,116,459,375
29/09/1984 00:00,710,540.6940803,789,151,463,372
30/09/1984 00:00,713,559.4379304,793,222,467,362
01/10/1984 00:00,715,558.5951078,796,195,442,333
02/10/1984 00:00,716,593.8545644,800,167,411,352
03/10/1984 00:00,719,572.452067,806,151,432,353
04/10/1984 00:00,722,556.5898305,810,163,443,333
05/10/1984 00:00,725,577.9533339,812,151,428,348
06/10/1984 00:00,728,573.8001147,815,136,402,305
07/10/1984 00:00,732,589.8260044,817,143,390,305
08/10/1984 00:00,738,596.8756085,819,135,403,339
09/10/1984 00:00,737,570.522995,822,127,461,390
10/10/1984 00:00,740,573.3252877,825,119,445,370
11/10/1984 00:00,743,573.4988651,827,136,442,353
12/10/1984 00:00,745,580.741179,829,149,436,345
13/10/1984 00:00,746,590.3695038,829,159,413,318
14/10/1984 00:00,747,570.500162,829,140,445,348
15/10/1984 00:00,748,593.4000522,828,148,414,332
16/10/1984 00:00,749,590.8757717,829,147,422,340
17/10/1984 00:00,751,566.6098163,829,153,457,353
18/10/1984 00:00,753,570.9096997,828,169,461,358
19/10/1984 00:00,755,594.3112385,828,193,450,364
20/10/1984 00:00,758,575.5473704,828,237,479,354
21/10/1984 00:00,761,553.4358874,829,183,510,398
22/10/1984 00:00,763,534.8917164,830,159,522,400
23/10/1984 00:00,765,534.0693869,832,151,529,412
24/10/1984 00:00,766,568.1206985,833,184,510,416
25/10/1984 00:00,767,544.50288,834,209,542,413
26/10/1984 00:00,768,532.6897083,837,195,558,424
27/10/1984 00:00,769,529.9263631,839,174,559,431
28/10/1984 00:00,771,528.4643371,846,203,579,435
29/10/1984 00:00,776,524.8363283,854,165,578,440
30/10/1984 00:00,781,546.7373516,857,149,553,441
31/10/1984 00:00,783,554.6128923,861,146,547,441
01/11/1984 00:00,786,590.4884574,865,158,522,447
02/11/1984 00:00,787,563.4861383,870,139,548,450
03/11/1984 00:00,788,545.1161944,874,120,562,449
04/11/1984 00:00,790,581.9655117,879,111,529,455
05/11/1984 00:00,792,613.8228468,883,106,498,455
06/11/1984 00:00,793,605.8480444,885,134,511,444
07/11/1984 00:00,794,571.8251535,888,195,562,431
08/11/1984 00:00,797,526.1600771,890,152,599,439
09/11/1984 00:00,799,513.9781463,893,122,607,446
10/11/1984 00:00,802,528.4946904,894,111,591,449
11/11/1984 00:00,804,570.1114595,897,107,551,451
12/11/1984 00:00,806,593.5197841,900,110,532,453
13/11/1984 00:00,809,624.1516517,904,128,512,455
14/11/1984 00:00,811,666.8345115,906,204,499,456
15/11/1984 00:00,814,649.1256603,907,185,507,450
16/11/1984 00:00,816,640.3185888,909,156,498,436
17/11/1984 00:00,820,634.3116706,910,126,487,425
18/11/1984 00:00,823,622.5074828,909,118,479,399
19/11/1984 00:00,832,624.7780742,908,134,479,394
20/11/1984 00:00,836,651.6486432,907,195,468,385
21/11/1984 00:00,840,662.6798994,907,204,454,375
22/11/1984 00:00,845,606.1885982,905,137,460,335
23/11/1984 00:00,850,594.3918087,903,137,475,342
24/11/1984 00:00,853,595.4419482,902,138,490,368
25/11/1984 00:00,855,627.3775904,901,193,476,366
26/11/1984 00:00,858,597.3190272,899,178,502,370
27/11/1984 00:00,860,581.5858963,898,144,511,380
28/11/1984 00:00,862,593.8270714,897,150,519,410
29/11/1984 00:00,863,622.9121877,894,189,508,420
30/11/1984 00:00,863,596.8274003,892,154,520,420
01/12/1984 00:00,863,529,887,162,507,417
02/12/1984 00:00,863,526,884,133,477,416
03/12/1984 00:00,862,528,881,129,451,390
04/12/1984 00:00,860,525,877,119,455,347
05/12/1984 00:00,858,521,873,108,424,333
06/12/1984 00:00,855,514,870,104,407,303
07/12/1984 00:00,852,511,864,101,399,275
08/12/1984 00:00,848,507,857,99,385,253
09/12/1984 00:00,844,502,845,99,381,246
10/12/1984 00:00,840,494,831,105,395,228
11/12/1984 00:00,836,492,813,105,422,240
12/12/1984 00:00,834,487,797,99,401,275
13/12/1984 00:00,830,484,788,107,407,273
14/12/1984 00:00,826,481,785,112,403,275
15/12/1984 00:00,820,477,775,105,391,250
16/12/1984 00:00,817,472,765,99,393,262
17/12/1984 00:00,813,467,754,96,394,245
18/12/1984 00:00,808,463,740,97,400,290
19/12/1984 00:00,803,456,733,219,419,282
20/12/1984 00:00,796,449,735,172,434,273
21/12/1984 00:00,789,442,731,130,422,318
22/12/1984 00:00,782,434,725,134,439,304
23/12/1984 00:00,777,426,727,124,426,285
24/12/1984 00:00,771,420,721,118,416,310
25/12/1984 00:00,765,416,717,114,432,278
26/12/1984 00:00,759,413,718,125,416,290
27/12/1984 00:00,753,407,705,129,383,305
28/12/1984 00:00,746,406,698,118,363,268
29/12/1984 00:00,739,405,693,130,345,237
30/12/1984 00:00,732,404,677,104,346,213
31/12/1984 00:00,725,402,656,97,350,183
01/01/1985 00:00,718,397,634,93,355,175
02/01/1985 00:00,712,398,614,89,392,185
03/01/1985 00:00,703,397,605,88,402,296.0641011
04/01/1985 00:00,695,395,596,85,345,237.4752538
05/01/1985 00:00,686,392,586,84,343,188
06/01/1985 00:00,676,388,580,111,336,235
07/01/1985 00:00,666,382,576,131,328,223
08/01/1985 00:00,655,377,588,143,339,226.712417
09/01/1985 00:00,647,374,588,180,350,200
10/01/1985 00:00,639,370,571,130,331,205
11/01/1985 00:00,630,367,564,104,327,160
12/01/1985 00:00,620,362,560,95,327,160
13/01/1985 00:00,609,360,544,94,328,179
14/01/1985 00:00,599,358,531,97,329,185
15/01/1985 00:00,587,357,524,97,310,194.227032
16/01/1985 00:00,575,367.7229148,518,98,304,189.0912276
17/01/1985 00:00,563,361.5596357,504,89,296,179.8228261
18/01/1985 00:00,550,348.2817241,486,85,294,174.9874166
19/01/1985 00:00,532,341.7248911,473,87,291,170.4760167
20/01/1985 00:00,519,336.9844588,459,82,283,161.0997304
21/01/1985 00:00,511,345.7403259,464,83,278,158.1995942
22/01/1985 00:00,503,346.3459275,456,99,277,155.3067909
23/01/1985 00:00,491,364.6500747,448,183,283,156.0519022
24/01/1985 00:00,479,346.6890625,438,147,280,153.5095834
25/01/1985 00:00,468,330.4362592,443,104,284,161.074989
26/01/1985 00:00,460,314.6983082,445,109,303,179.3219823
27/01/1985 00:00,455,301.8556273,439,119,315,188.8661116
28/01/1985 00:00,450,334.3777759,437,145,290,164.6623364
29/01/1985 00:00,443,334.3162321,452,123,293,172.3634431
30/01/1985 00:00,438,334.2820419,450,103,284,164.9180505
31/01/1985 00:00,434,321.3307561,434,95,282,160.0652075
01/02/1985 00:00,429,310.4289248,416,85,275,150.2664343
02/02/1985 00:00,420,305.4535182,409,81,273,147.6634595
03/02/1985 00:00,408,313.3316816,402,80,259,134.1356236
04/02/1985 00:00,396,307.2540584,394,78,258,132.34916
05/02/1985 00:00,385,303.1862021,386,76,255,128.6549389
06/02/1985 00:00,372,295.4627712,378,75,256,128.7310011
07/02/1985 00:00,360,295.5462322,368,75,248,119.9735515
08/02/1985 00:00,346,292.4177917,360,84,248,118.7529809
09/02/1985 00:00,335,304.7429573,353,125,245,113.3433047
10/02/1985 00:00,325,297.6453781,349,120,247,115.2165626
11/02/1985 00:00,315,308.4317961,345,175,253,118.0453473
12/02/1985 00:00,308,281.4654284,341,126,259,125.3591058
13/02/1985 00:00,303,256.2897361,345,98,277,144.4212809
14/02/1985 00:00,299,256.2796119,364,84,286,157.963591
15/02/1985 00:00,297,261.537367,358,81,275,146.7773797
16/02/1985 00:00,294,267.5286768,369,78,276,150.5741621
17/02/1985 00:00,292,281.5724902,377,76,267,144.3905657
18/02/1985 00:00,289,279.5026855,381,76,272,150.1145181
19/02/1985 00:00,288,294.0439697,378,76,255,133.9039514
20/02/1985 00:00,284,267.0893471,365,75,272,146.8528104
21/02/1985 00:00,277,255.8588877,349,72,270,141.9929352
22/02/1985 00:00,269,253.9851255,342,71,266,137.3465077
23/02/1985 00:00,258,263.8908817,347,70,259,132.921246
24/02/1985 00:00,250,254.7225495,350,72,271,145.11194
25/02/1985 00:00,245,272.9546692,349,92,259,133.3347144
26/02/1985 00:00,242,270.4852464,347,95,261,134.7938423
27/02/1985 00:00,236,272.7166739,346,101,260,133.8138377
28/02/1985 00:00,233,267.9010934,347,86,260,134.9409494
01/03/1985 00:00,235,251.8553547,342,77,298,171.714781
02/03/1985 00:00,233,263.2593355,333,78,280,153.2376107
03/03/1985 00:00,230,259.3186971,323,96,283,153.0995453
04/03/1985 00:00,227,257.650437,330,129,302,170.8623862
05/03/1985 00:00,227,272.8561231,345,94,285,160.2930568
06/03/1985 00:00,227,300.0605712,370,96,277,158.6014663
07/03/1985 00:00,234,310.497729,396,109,291,176.3124102
08/03/1985 00:00,244,304.5600871,387,102,288,171.0809535
09/03/1985 00:00,252,291.5372242,389,94,300,182.3257813
10/03/1985 00:00,256,294.3887376,390,94,298,180.4284067
11/03/1985 00:00,256,300.99699,390,85,288,171.6619154
12/03/1985 00:00,253,310.6457248,395,88,283,168.3061051
13/03/1985 00:00,248,318.0858052,403,98,285,171.8897889
14/03/1985 00:00,248,328.3811923,417,95,284,174.3212577
15/03/1985 00:00,252,325.0240787,406,97,280,167.7445917
16/03/1985 00:00,256,316.4294139,396,88,278,163.7296996
17/03/1985 00:00,253,311.8148695,393,79,277,162.7500258
18/03/1985 00:00,248,301.3842501,381,78,278,161.3237134
19/03/1985 00:00,245,304.70549,366,99,271,150.728829
20/03/1985 00:00,239,293.4129202,358,112,281,157.9165711
21/03/1985 00:00,230,288.3583126,374,88,289,170.6705235
22/03/1985 00:00,223,336.4465206,420,78,271,165.6791288
23/03/1985 00:00,227,341.5620235,430,74,272,168.7803386
24/03/1985 00:00,243,339.3703075,429,74,274,169.2168704
25/03/1985 00:00,257,336.3282415,399,74,255,143.8792031
26/03/1985 00:00,260,335.6666085,386,74,246,132.4202355
27/03/1985 00:00,249,321.4776515,369,87,252,134.2381733
28/03/1985 00:00,237,287.8073182,349,107,278,153.4711566
29/03/1985 00:00,223,268.1491549,338,93,284,158.1065338
30/03/1985 00:00,213,239.2921627,351,94,323,197.5522952
31/03/1985 00:00,206,271.3551609,390,114,327,209.779252
01/04/1985 00:00,212,193,431,181,358,290
02/04/1985 00:00,236,197,477,129,351,308
03/04/1985 00:00,267,201,520,100,362,275
04/04/1985 00:00,298,205,545,113,380,308
05/04/1985 00:00,327,207,552,105,348,290
06/04/1985 00:00,348,209,558,93,332,250
07/04/1985 00:00,355,212,562,103,343,243
08/04/1985 00:00,357,216,555,102,351,240
09/04/1985 00:00,357,219,543,134,334,233
10/04/1985 00:00,353,224,528,104,326,225
11/04/1985 00:00,349,228,527,97,318,245
12/04/1985 00:00,345,230,528,113,317,248
13/04/1985 00:00,345,234,529,106,309,230
14/04/1985 00:00,345,237,524,88,300,200
15/04/1985 00:00,345,237,513,80,303,163
16/04/1985 00:00,342,241,507,77,294,184.2216054
17/04/1985 00:00,335,245,489,75,299,187.5709776
18/04/1985 00:00,325,248,472,74,292,178.949527
19/04/1985 00:00,313,252,456,76,291,176.5805048
20/04/1985 00:00,302,256,446,96,300,183.7609436
21/04/1985 00:00,293,259,444,94,305,189.6660304
22/04/1985 00:00,284,262,455,85,299,187.0094685
23/04/1985 00:00,281,265,469,129,328,215.5817541
24/04/1985 00:00,280,269,479,156,327,245
25/04/1985 00:00,286,271,495,213,355,238
26/04/1985 00:00,299,274,518,161,380,255
27/04/1985 00:00,320,276,541,158,396,358
28/04/1985 00:00,331,275,578,121,400,361
29/04/1985 00:00,341,283,592,105,320,315
30/04/1985 00:00,356,286,601,129,340,298
01/05/1985 00:00,378,290,591,128,365,290
02/05/1985 00:00,391,293,580,109,347,320
03/05/1985 00:00,393,296,584,114,372,290
04/05/1985 00:00,391,300,599,99,354,274
05/05/1985 00:00,395,303,592,92,364,268
06/05/1985 00:00,397,305,585,105,353,260
07/05/1985 00:00,398,307,581,109,353,260
08/05/1985 00:00,398,312,581,104,344,268
09/05/1985 00:00,399,315,583,114,355,268
10/05/1985 00:00,399,349,583,126,373,318
11/05/1985 00:00,399,323,589,146,416,288
12/05/1985 00:00,403,324,604,165,413,368
13/05/1985 00:00,413,328,614,148,418,340
14/05/1985 00:00,420,331,632,121,461,348
15/05/1985 00:00,430,333,639,152,424,350
16/05/1985 00:00,439,335,643,112,395,363
17/05/1985 00:00,445,338,653,105,403,348
18/05/1985 00:00,452,339,664,111,433,358
19/05/1985 00:00,458,340,671,158,441,370
20/05/1985 00:00,464,340,675,158,388,343
21/05/1985 00:00,470,340,680,121,400,295
22/05/1985 00:00,473,345,677,104,388,300
23/05/1985 00:00,473,360,668,147,349,280
24/05/1985 00:00,472,360,666,211,335,241.6225945
25/05/1985 00:00,471,365,662,179,336,245.1751744
26/05/1985 00:00,471,382,653,233,336,241.0641186
27/05/1985 00:00,471,384,645,186,333,240.7768823
28/05/1985 00:00,471,386,636,218,337,241.0310031
29/05/1985 00:00,467,389,631,297,344,241.5475969
30/05/1985 00:00,464,391,622,339,338,231.0727381
31/05/1985 00:00,462,393,616,228,335,236.4398399
01/06/1985 00:00,459,396,611,254,350,249.2949778
02/06/1985 00:00,459,395,605,251,413,312.4281186
03/06/1985 00:00,460,399,610,276,412,310.4858743
04/06/1985 00:00,465,402,634,228,444,350.5147259
05/06/1985 00:00,472,405,650,157,453,367.6667503
06/06/1985 00:00,484,409,659,160,439,354.1032598
07/06/1985 00:00,494,412,668,178,422,336.3335563
08/06/1985 00:00,501,416,674,239,380,289.5681094
09/06/1985 00:00,504,419,681,248,357,266.6612144
10/06/1985 00:00,509,422,681,174,340,255.325067
11/06/1985 00:00,513,425,675,161,348,263.5489473
12/06/1985 00:00,515,428,673,138,357,274.3763123
13/06/1985 00:00,515,429,670,123,355,273.1925214
14/06/1985 00:00,515,432,666,117,324,241.8931667
15/06/1985 00:00,513,435,659,185,304,215.4392693
16/06/1985 00:00,513,436,651,202,299,207.8350755
17/06/1985 00:00,511,440,633,237,285,188.5236476
18/06/1985 00:00,507,442,610,280,285,181.9433187
19/06/1985 00:00,501,446,588,250,279,175.6994331
20/06/1985 00:00,494,449,570,188,289,188.8885817
21/06/1985 00:00,486,451,555,251,302,195.4338352
22/06/1985 00:00,478,453,541,270,306,196.5705559
23/06/1985 00:00,467,458,536,293,315,204.3880078
24/06/1985 00:00,455,461,534,213,320,216.8461263
25/06/1985 00:00,444,463,534,189,316,215.7693852
26/06/1985 00:00,436,468,522,257,313,206.4384728
27/06/1985 00:00,429,471,511,233,311,205.4646049
28/06/1985 00:00,422,474,516,174,325,226.065427
29/06/1985 00:00,415,479,524,157,330,234.794615
30/06/1985 00:00,410,482,526,231,317,216.5932267
01/07/1985 00:00,408,491,528,155,296,202.7981085
02/07/1985 00:00,407,495,525,133,300,208.6418774
03/07/1985 00:00,405,499,518,157,295,201.0745424
04/07/1985 00:00,397,497,501,175,285,187.2234278
05/07/1985 00:00,387,493,486,166,263,163.6532684
06/07/1985 00:00,377,492,478,166,258,157.9933457
07/07/1985 00:00,368,495,468,161,263,162.8908572
08/07/1985 00:00,362,498,455,184,267,163.8055232
09/07/1985 00:00,352,498,444,170,261,157.8954371
10/07/1985 00:00,345,498,445,157,260,158.6251481
11/07/1985 00:00,340,495,444,296,268,155.4024548
12/07/1985 00:00,339,497,442,310,272,158.2867485
13/07/1985 00:00,341,495,441,290,265,152.2994633
14/07/1985 00:00,344,494,445,345,266,149.1528673
15/07/1985 00:00,344,492,439,294,310,196.7998827
16/07/1985 00:00,340,492,431,210,336,229.0472347
17/07/1985 00:00,337,494,434,230,336,228.3205694
18/07/1985 00:00,339,493,458,185,347,246.6322536
19/07/1985 00:00,344,493,489,169,359,264.5714337
20/07/1985 00:00,353,496,498,239,337,237.5883843
21/07/1985 00:00,369,498,507,238,313,213.699995
22/07/1985 00:00,382,496,513,186,292,196.356601
23/07/1985 00:00,389,493,509,154,283,188.3638463
24/07/1985 00:00,398,492,501,139,274,178.4117456
25/07/1985 00:00,403,496,491,143,325,228.2864556
26/07/1985 00:00,404,499,490,143,306,209.0698676
27/07/1985 00:00,404,498,506,161,310,214.0724041
28/07/1985 00:00,403,497,512,152,334,240.0709771
29/07/1985 00:00,408,498,516,195,306,208.5152438
30/07/1985 00:00,413,497,523,197,311,214.0411293
31/07/1985 00:00,415,494,523,155,339,245.4101651
01/08/1985 00:00,417,492,517,160,313,217.3347265
02/08/1985 00:00,421,495,513,159,318,221.8542432
03/08/1985 00:00,419,497,510,261,303,198.2441075
04/08/1985 00:00,419,499,511,230,286,183.8608817
05/08/1985 00:00,419,454,510,185,298,195.0974022
06/08/1985 00:00,419,506,505,154,313,217.1712927
07/08/1985 00:00,417,505,502,140,318,222.964966
08/08/1985 00:00,418,508,504,153,346,250.8546087
09/08/1985 00:00,421,512,517,226,345,246.1188045
10/08/1985 00:00,429,515,533,229,352,255.1652829
11/08/1985 00:00,434,516,536,169,381,289.642596
12/08/1985 00:00,439,519,553,138,364,277.4780297
13/08/1985 00:00,456,522,557,132,350,263.3825428
14/08/1985 00:00,464,522,562,127,319,232.5034645
15/08/1985 00:00,468,522,561,152,306,216.8237902
16/08/1985 00:00,470,523,558,206,303,208.878263
17/08/1985 00:00,472,522,554,211,319,223.8316901
18/08/1985 00:00,473,524,551,217,336,240.2468647
19/08/1985 00:00,471,523,551,186,322,228.6085122
20/08/1985 00:00,473,522,556,243,339,241.7677043
21/08/1985 00:00,480,525,572,281,363,265.3027205
22/08/1985 00:00,489,527,581,220,372,280.2984197
23/08/1985 00:00,497,529,586,213,353,261.9549612
24/08/1985 00:00,508,517,599,184,389,300.8471379
25/08/1985 00:00,517,503,603,156,374,286.4566418
26/08/1985 00:00,521,527,606,149,355,270.2724785
27/08/1985 00:00,525,491,612,146,360,272.6764649
28/08/1985 00:00,529,496,614,135,345,258.8477361
29/08/1985 00:00,532,488.0925749,618,291,341,241.758306
30/08/1985 00:00,537,472.5132272,622,226,336,240.6644069
31/08/1985 00:00,539,462.2532172,623,163,324,232.5891389
01/09/1985 00:00,539,452.1222106,620,151,330,229
02/09/1985 00:00,540,447.4477024,620,148,328,220
03/09/1985 00:00,541,471.179929,616,189,318,223
04/09/1985 00:00,541,492.3495662,610,203,301,229
05/09/1985 00:00,540,502.5639774,610,222,297,228
06/09/1985 00:00,540,461.1140686,607,212,333,228
07/09/1985 00:00,541,465.5304753,604,184,316,228
08/09/1985 00:00,542,450.5965631,601,149,316,228
09/09/1985 00:00,544,447.8513066,601,145,318,229
10/09/1985 00:00,546,452.7448629,610,144,339,260
11/09/1985 00:00,549,452.2119787,618,143,361,285
12/09/1985 00:00,554,480.8257923,626,135,351,310
13/09/1985 00:00,561,479.2173195,636,127,348,295
14/09/1985 00:00,564,474.0450319,643,124,338,264
15/09/1985 00:00,569,490.4585961,650,122,333,275
16/09/1985 00:00,572,505.5825464,659,129,346,305
17/09/1985 00:00,577,479.5616493,662,120,340,255
18/09/1985 00:00,581,465.905195,664,118,339,230
19/09/1985 00:00,585,468.2684597,660,116,333,230
20/09/1985 00:00,587,470.0982964,656,110,326,230
21/09/1985 00:00,587,484.1583734,655,108,304,220
22/09/1985 00:00,589,478.4599542,658,117,311,213
23/09/1985 00:00,589,509.6114764,665,110,318,270
24/09/1985 00:00,590,455.1521759,649,107,338,235
25/09/1985 00:00,590,458.60559,654,109,339,235
26/09/1985 00:00,591,448.409328,654,165,375,243
27/09/1985 00:00,592,465.5898292,656,153,400,315
28/09/1985 00:00,593,545.1195097,668,146,387.6617612,323
29/09/1985 00:00,595,566.1591548,678,132,404.6368721,353
30/09/1985 00:00,597,576.5617549,683,198,392.902522,325
01/10/1985 00:00,600,497.7213811,687,157,377.5851776,295
02/10/1985 00:00,603,512.8550491,691,156,389.2665148,315
03/10/1985 00:00,604,509.7013184,694,136,389.7922799,318
04/10/1985 00:00,606,533.6200982,697,192,394.7759787,320
05/10/1985 00:00,610,509.5039541,702,192,368.6531194,275
06/10/1985 00:00,613,495.4679494,706,145,365.6049206,275
07/10/1985 00:00,617,506.9652985,708,138,376.7503897,295
08/10/1985 00:00,620,488.2955252,709,110,366.0797168,280
09/10/1985 00:00,623,517.4251393,711,143,382.8470645,305
10/10/1985 00:00,623,555.2996893,712,146,416.9020592,363
11/10/1985 00:00,625,526.9304108,716,128,392.512993,323
12/10/1985 00:00,626,531.4021941,722,116,396.0534635,330
13/10/1985 00:00,632,530.6006548,730,114,390.2739372,320
14/10/1985 00:00,635,503.1013569,727,116,365.671776,278
15/10/1985 00:00,638,526.6938744,726,114,388.7973138,317.2105305
16/10/1985 00:00,640,517.9208242,719,104,387.710217,314.8071138
17/10/1985 00:00,640,476.7376061,707,101,357.6694337,268
18/10/1985 00:00,640,467.0998523,700,111,350.41287,255
19/10/1985 00:00,640,485.5225037,699,150,357.6310483,263
20/10/1985 00:00,640,481.5783866,703,131,356.5605137,263
21/10/1985 00:00,641,480.5960839,698,135,357.7093479,265
22/10/1985 00:00,641,491.2514228,700,138,365.5860136,278
23/10/1985 00:00,641,512.819519,704,143,381.855392,305
24/10/1985 00:00,643,539.5371741,706,178,395.8778974,325
25/10/1985 00:00,645,571.5188156,714,164,424.4105856,375
26/10/1985 00:00,645,579.7274404,724,132,434.4264808,395
27/10/1985 00:00,647,586.03739,732,126,436.6827193,399
28/10/1985 00:00,650,569.6056914,742,137,411.5786668,354
29/10/1985 00:00,655,577.955567,748,137,415.1947196,360
30/10/1985 00:00,657,578.0958392,753,127,414.7034403,360
31/10/1985 00:00,657,604.845028,758,122,437.9314737,400
01/11/1985 00:00,659,550,765,106,463,423
02/11/1985 00:00,661,561,771,100,390,393
03/11/1985 00:00,663,558,774,96,343,342
04/11/1985 00:00,666,549,778,94,350,273
05/11/1985 00:00,667,537,782,93,335,238
06/11/1985 00:00,669,521,780,139,338,238
07/11/1985 00:00,670,517,771,160,338,248
08/11/1985 00:00,670,512,766,144,338,235
09/11/1985 00:00,670,505,762,121,360,237
10/11/1985 00:00,672,500,755,112,383,255
11/11/1985 00:00,672,496,750,132,368,278
12/11/1985 00:00,672,487,749,120,400,258
13/11/1985 00:00,672,476,749,225,413,290
14/11/1985 00:00,672,468,748,272,420,283
15/11/1985 00:00,674,475,751,181,435,348
16/11/1985 00:00,676,500,757,168,458,359
17/11/1985 00:00,676,519,768,169,453,373
18/11/1985 00:00,680,512,775,162,423,354
19/11/1985 00:00,683,512,779,143,395,330
20/11/1985 00:00,681,518,778,128,375,295
21/11/1985 00:00,679,516,772,130,373,285
22/11/1985 00:00,679,517,765,132,400,320
23/11/1985 00:00,679,517,768,124,440,310
24/11/1985 00:00,681,518,772,110,388,365
25/11/1985 00:00,682,520,774,105,394,320
26/11/1985 00:00,683,517,775,101,383,265
27/11/1985 00:00,683,514,770,105,355,288
28/11/1985 00:00,683,510,765,111,350,243
29/11/1985 00:00,682,509,753,101,360,235
30/11/1985 00:00,682,507,734,98,383,270
01/12/1985 00:00,681,509,736,101,375,270
02/12/1985 00:00,682,512,736,103,413,288
03/12/1985 00:00,682,515,735,114,389,343
04/12/1985 00:00,684,518,741,123,364,280
05/12/1985 00:00,687,521,746,120,406,275
06/12/1985 00:00,689,528,742,123,448,355
07/12/1985 00:00,691,534,745,127,442,378
08/12/1985 00:00,694,545,759,118,420,353
09/12/1985 00:00,694,550,764,112,409,350
10/12/1985 00:00,695,527,764,106,408,323
11/12/1985 00:00,695,523,763,100,403,309
12/12/1985 00:00,696,523,758,94,395,298
13/12/1985 00:00,696,509,752,101,389,285
14/12/1985 00:00,693,495,742,94,391,280
15/12/1985 00:00,692,473,732,92,354,268
16/12/1985 00:00,690,438,722,90,336,240
17/12/1985 00:00,688,434,711,88,330,210
18/12/1985 00:00,685,430,690,94,311,195
19/12/1985 00:00,682,429,672,86,299,180
20/12/1985 00:00,677,427,654,81,287,168
21/12/1985 00:00,672,425,635,80,279,160
22/12/1985 00:00,665,420,616,86,279,153
23/12/1985 00:00,657,419,598,90,279,153
24/12/1985 00:00,648,418,583,83,274,153
25/12/1985 00:00,640,415,572,87,269,143
26/12/1985 00:00,630,414,561,87,265,140
27/12/1985 00:00,620,410,549,104,261,150.5501326
28/12/1985 00:00,609,408,538,128,257,143.4677662
29/12/1985 00:00,597,405,528,154,262,145.4897503
30/12/1985 00:00,584,409,519,108,256,143.1097371
31/12/1985 00:00,574,410,510,106,274,160.9908535
01/01/1986 00:00,562,412,502,91,291,155
02/01/1986 00:00,551,416,497,85,277,160
03/01/1986 00:00,543,412,500,84,262,145
04/01/1986 00:00,534,359.2327721,504,89,261,145
05/01/1986 00:00,523,340.9837974,494,101,276,145
06/01/1986 00:00,513,336.803722,481,87,270,153
07/01/1986 00:00,501,337.7550505,475,82,256,143
08/01/1986 00:00,489,327.4818683,481,78,264,135
09/01/1986 00:00,478,361.1645908,487,76,276,164.3706072
10/01/1986 00:00,468,334.6245744,466,74,286,169.545372
11/01/1986 00:00,458,344.0602133,465,73,275,160.0005812
12/01/1986 00:00,447,343.9429364,464,73,274,159.6571777
13/01/1986 00:00,435,286.0038519,463,72,301,155
14/01/1986 00:00,425,311.681447,456,72,282,175
15/01/1986 00:00,418,265.9350919,443,70,310,163
16/01/1986 00:00,406,320.9670398,461,77,287,190
17/01/1986 00:00,397,307.9676528,459,78,283,165
18/01/1986 00:00,393,297.3941608,457,124,309,165
19/01/1986 00:00,388,357.6081777,459,219,302,193
20/01/1986 00:00,383,348.9528478,460,182,282,168
21/01/1986 00:00,375,300.6274688,463,135,303,148
22/01/1986 00:00,370,270.8442121,459,115,349,190
23/01/1986 00:00,370,268.5895567,445,104,365,235
24/01/1986 00:00,368,293.7534288,447,106,348,245
25/01/1986 00:00,363,295.0477186,463,125,358,233
26/01/1986 00:00,361,334.8167689,497,122,339,228
27/01/1986 00:00,368,354.0817277,501,106,320,233
28/01/1986 00:00,378,321.0002676,508,109,374,255
29/01/1986 00:00,380,382.0478024,508,133,340,285
30/01/1986 00:00,382,370.286435,519,106,322,240
31/01/1986 00:00,388,339.3859016,525,96,326,195
01/02/1986 00:00,390,340.0515117,512,123,357,245
02/02/1986 00:00,389,359.8276268,495,100,322,255
03/02/1986 00:00,384,337.4484916,501,102,312,195
04/02/1986 00:00,377,339.5384539,508,101,307,183
05/02/1986 00:00,373,354.4950847,498,116,291,185
06/02/1986 00:00,368,334.7535204,481,107,279,160
07/02/1986 00:00,364,313.8931148,466,93,276,148
08/02/1986 00:00,354,288.1108184,436,86,276,147
09/02/1986 00:00,344,278.3913942,423,82,273,145
10/02/1986 00:00,331,266.1639137,409,87,275,143
11/02/1986 00:00,318,276.831329,405,95,270,153
12/02/1986 00:00,306,269.5642811,401,87,271,153
13/02/1986 00:00,300,254.6654432,408,84,285,145
14/02/1986 00:00,295,282.8202527,419,90,297,193
15/02/1986 00:00,294,298.8646695,432,122,296,183
16/02/1986 00:00,292,290.9333015,437,131,306,175
17/02/1986 00:00,290,307.168465,437,156,305,185
18/02/1986 00:00,293,266.8020187,435,168,352,190
19/02/1986 00:00,301,317.4672651,448,136,343,260
20/02/1986 00:00,310,310.2732573,477,109,353,245
21/02/1986 00:00,323,301.5633106,481,99,371,260
22/02/1986 00:00,336,338.5737982,487,103,345,268
23/02/1986 00:00,345,333.4338756,489,103,330,233
24/02/1986 00:00,349,319.8807486,495,106,335,210
25/02/1986 00:00,350,334.922581,486,150,350,243
26/02/1986 00:00,350,291.3216256,477,118,407,293
27/02/1986 00:00,347,306.9385407,482,111,430,353
28/02/1986 00:00,345,337.9596385,512,122,422,348
01/03/1986 00:00,347,343.1760047,549,137,387,289.9734328
02/03/1986 00:00,355,349.9025511,568,154,401,305.823842
03/03/1986 00:00,368,325.4290666,562,163,425,325.1067368
04/03/1986 00:00,380,325.8724952,558,155,419,318.1699014
05/03/1986 00:00,385,353.3221344,574,143,399,303.6724678
06/03/1986 00:00,388,351.0749462,577,125,397,303.1213253
07/03/1986 00:00,390,340.7187952,572,112,399,304.250422
08/03/1986 00:00,394,365.3416055,564,106,366,272.1207652
09/03/1986 00:00,397,379.5325425,560,104,348,254.5616263
10/03/1986 00:00,394,378.0569298,555,124,353,257.3153596
11/03/1986 00:00,392,372.1997743,543,119,348,250.3467016
12/03/1986 00:00,389,363.3147464,529,118,346,245.5632131
13/03/1986 00:00,383,306.3161149,519,148,407,298.3082391
14/03/1986 00:00,378,300.9323258,515,207,431,317.1033246
15/03/1986 00:00,376,278.7356332,520,155,438,327.1705097
16/03/1986 00:00,376,290.8691697,535,136,430,324.1336918
17/03/1986 00:00,377,307.7909406,548,126,419,317.4056543
18/03/1986 00:00,380,297.5207437,554,126,434,332.3239494
19/03/1986 00:00,385,317.885773,555,117,411,311.4961069
20/03/1986 00:00,386,365.5114024,555,150,375,276.9055408
21/03/1986 00:00,387,398.92427,554,165,346,249.3211404
22/03/1986 00:00,386,395.3027334,550,128,333,238.2240692
23/03/1986 00:00,386,393.4502532,537,125,324,227.1199233
24/03/1986 00:00,385,364.3216942,518,130,341,238.2012093
25/03/1986 00:00,383,349.5155501,506,133,348,241.8789897
26/03/1986 00:00,375,330.2831044,500,123,359,251.6295224
27/03/1986 00:00,365,304.9473639,494,129,382,271.8107239
28/03/1986 00:00,358,310.4189874,489,125,371,261.2644644
29/03/1986 00:00,351,348.9778472,495,127,337,231.8721908
30/03/1986 00:00,343,351.3091853,509,130,346,243.7901832
31/03/1986 00:00,339,371.9655484,515,145,335,234.6899974
01/04/1986 00:00,339,239,510,140,335,221.2175398
02/04/1986 00:00,344,256,512,113,359,249.3652424
03/04/1986 00:00,347,298,519,112,372,267.6397718
04/04/1986 00:00,353,328,525,131,347,244.1667435
05/04/1986 00:00,364,319,538,135,385,282.7082051
06/04/1986 00:00,373,308,545,126,394,291.8946952
07/04/1986 00:00,380,308,539,127,430,326.8708992
08/04/1986 00:00,383,317,549,172,420,315.2963548
09/04/1986 00:00,384,324,567,137,458,360.1204448
10/04/1986 00:00,390,342,591,183,482,385.8113188
11/04/1986 00:00,400,369,604,166,480,389.0891982
12/04/1986 00:00,411,383,622,190,441,350.9237679
13/04/1986 00:00,424,385,636,143,404,318.584458
14/04/1986 00:00,434,393,639,122,387,303.5311861
15/04/1986 00:00,442,388,634,105,375,290.8485003
16/04/1986 00:00,448,393,623,108,390,304.140707
17/04/1986 00:00,451,395,619,154,381,290.6214223
18/04/1986 00:00,451,409,617,121,420,333.9367689
19/04/1986 00:00,454,415,618,163,444,355.4028394
20/04/1986 00:00,458,448,627,153,506,423.4776748
21/04/1986 00:00,465,476,645,124,508,432.8964513
22/04/1986 00:00,474,479,665,108,482,410.5472319
23/04/1986 00:00,486,480,670,112,502,430.4817981
24/04/1986 00:00,494,488,688,161,459,385.8684883
25/04/1986 00:00,503,490,695,117,461,392.0701975
26/04/1986 00:00,510,492,701,109,460,392.3051767
27/04/1986 00:00,515,491,705,109,450,382.303569
28/04/1986 00:00,517,499,710,172,478,407.0244897
29/04/1986 00:00,522,493,713,178,452,379.652292
30/04/1986 00:00,524,498,716,126,444,376.5596792
01/05/1986 00:00,528,510,719,114,454,389.0254885
02/05/1986 00:00,530,514,720,125,447,381.4284134
03/05/1986 00:00,536,513,721,115,403,337.1922305
04/05/1986 00:00,541,503,721,189,408,334.89954
05/05/1986 00:00,542,503,718,194,435,361.3458731
06/05/1986 00:00,539,510,715,149,393,322.8260217
07/05/1986 00:00,540,514,715,119,394,326.5907746
08/05/1986 00:00,542,517,712,107,431,364.7816999
09/05/1986 00:00,543,522,710,109,412,345.4435872
10/05/1986 00:00,544,528,709,114,392,325.1023753
11/05/1986 00:00,545,535,710,139,435,367.4772853
12/05/1986 00:00,547,540,709,113,431,365.7100397
13/05/1986 00:00,548,552,711,105,414,350.5269822
14/05/1986 00:00,552,558,714,97,391,328.592209
15/05/1986 00:00,558,556,717,132,392,326.5834739
16/05/1986 00:00,562,549,715,133,393,326.209786
17/05/1986 00:00,562,540,713,107,388,322.0451718
18/05/1986 00:00,560,532,712,104,392,325.5555265
19/05/1986 00:00,557,525,706,99,384,316.4445882
20/05/1986 00:00,556,517,700,147,381,307.8589228
21/05/1986 00:00,554,510,697,142,364,290.0083896
22/05/1986 00:00,551,505,693,161,369,292.6524281
23/05/1986 00:00,551,510,687,222,386,304.5109749
24/05/1986 00:00,551,510,683,164,386,308.5881476
25/05/1986 00:00,549,503,687,157,389,312.2883615
26/05/1986 00:00,550,519,697,181,429,353.9938263
27/05/1986 00:00,553,524,697,187,436,360.8738854
28/05/1986 00:00,557,529,709,156,464,393.8626274
29/05/1986 00:00,561,532,720,130,467,400.7249774
30/05/1986 00:00,567,536,728,114,461,397.1210351
31/05/1986 00:00,573,537,736,107,448,385.3889602
01/06/1986 00:00,576,538,745,144,423,365
02/06/1986 00:00,577,539,751,167,416,360
03/06/1986 00:00,579,540,755,142,420,333
04/06/1986 00:00,584,543,757,115,437,348
05/06/1986 00:00,589,548,759,111,455,363
06/06/1986 00:00,594,554,761,122,462,380
07/06/1986 00:00,599,552,765,142,426,378
08/06/1986 00:00,603,547,769,186,434,333
09/06/1986 00:00,608,540,770,152,431,345
10/06/1986 00:00,611,537,771,135,432,343
11/06/1986 00:00,614,530,774,127,402,328
12/06/1986 00:00,615,525,773,132,404,308
13/06/1986 00:00,615,517,771,170,381,300
14/06/1986 00:00,617,510,767,149,373,260
15/06/1986 00:00,618,550.6360245,762,159,364,263
16/06/1986 00:00,619,552.1933545,751,209,355,235
17/06/1986 00:00,619,601.7658641,743,252,354,282.21411
18/06/1986 00:00,619,601.2122395,730,258,347,272.5375939
19/06/1986 00:00,617,612.9137555,717,306,343,263.8595024
20/06/1986 00:00,615,433,708,364,350,247.2851519
21/06/1986 00:00,613,431,698,284,359,261.2959082
22/06/1986 00:00,609,429,687,229,382,287.4818122
23/06/1986 00:00,606,428,682,258,415,317.9644595
24/06/1986 00:00,604,426,683,262,443,325
25/06/1986 00:00,602,425,691,323,438,355
26/06/1986 00:00,602,424,705,341,437,337.0657295
27/06/1986 00:00,603,420,713,293,433,337.6792441
28/06/1986 00:00,602,418,712,226,419,328.6285983
29/06/1986 00:00,602,418,710,207,422,332.9005145
30/06/1986 00:00,600,437,706,232,445,355.6103211
01/07/1986 00:00,599,463,701,234,452,364.4064443
02/07/1986 00:00,600,490,702,390,451,353.4827775
03/07/1986 00:00,602,499,704,385,431,334.6405953
04/07/1986 00:00,605,503,705,237,410,325.6528906
05/07/1986 00:00,606,490,701,213,427,342.8666961
06/07/1986 00:00,605,482,692,290,415,322.328329
07/07/1986 00:00,605,476,685,390,414,311.5203133
08/07/1986 00:00,603,462,683,280,415,319.9146898
09/07/1986 00:00,603,452,678,236,428,334.9066655
10/07/1986 00:00,602,443,673,247,442,346.6287895
11/07/1986 00:00,601,429,668,269,423,323.4812709
12/07/1986 00:00,600,423,668,246,407,308.5961206
13/07/1986 00:00,597,458.9872393,669,226,401,308.0591558
14/07/1986 00:00,593,463.0039281,661,232,393,298.9049974
15/07/1986 00:00,590,447.4938628,649,206,390,294.7939633
16/07/1986 00:00,585,444.068667,639,174,374,279.6337727
17/07/1986 00:00,578,480.1979976,633,278,371,271.3118382
18/07/1986 00:00,575,465.970003,623,227,359,260.5343969
19/07/1986 00:00,571,451.4485484,613,178,348,250.656892
20/07/1986 00:00,569,434.6369511,613,151,355,258.4457368
21/07/1986 00:00,567,422.923757,606,136,356,258.5810892
22/07/1986 00:00,564,480.5467612,592,277,339,233.6143294
23/07/1986 00:00,556,542.3614832,584,396,314,204.0460732
24/07/1986 00:00,549,475.3333831,578,222,313,210.1332756
25/07/1986 00:00,543,385.7913449,572,168,379,272.182593
26/07/1986 00:00,537,363.6716047,556,154,384,274.1687285
27/07/1986 00:00,528,359.9539733,546,146,377,266.4713641
28/07/1986 00:00,517,379.9184214,563,140,367,262.2743005
29/07/1986 00:00,508,397.3946726,569,144,355,253.1195168
30/07/1986 00:00,501,414.0584738,568,130,332,232.9353199
31/07/1986 00:00,495,440.2414584,558,155,307,207.0137434
01/08/1986 00:00,489,438.8516954,544,202,301,195.2467407
02/08/1986 00:00,477,448.7021001,523,254,294,182.5299955
03/08/1986 00:00,469,410.5437842,499,188,290,176.9219712
04/08/1986 00:00,457,386.5305983,488,170,299,184.3442641
05/08/1986 00:00,443,390.4287398,481,237,314,194.4901276
06/08/1986 00:00,433,361.9486462,480,197,327,208.7259589
07/08/1986 00:00,428,373.3373868,480,169,305,190.1757889
08/08/1986 00:00,424,375.2916354,484,172,307,193.0850152
09/08/1986 00:00,417,368.9001424,493,153,313,202.0254436
10/08/1986 00:00,410,373.8543207,488,134,297,187.5708716
11/08/1986 00:00,405,361.1275405,479,126,300,188.9844248
12/08/1986 00:00,395,372.5453779,475,142,291,179.8168818
13/08/1986 00:00,386,375.3957969,463,186,295,179.399383
14/08/1986 00:00,382,366.552592,461,158,292,177.7469483
15/08/1986 00:00,380,373.6163254,468,128,279,168.9309002
16/08/1986 00:00,378,367.3214313,476,119,288,179.5763643
17/08/1986 00:00,379,376.757926,472,153,288,177.0474057
18/08/1986 00:00,379,372.2413104,455,178,289,172.9323107
19/08/1986 00:00,377,355.4980636,456,141,293,178.6509092
20/08/1986 00:00,377,333.3752191,462,125,314,200.0161846
21/08/1986 00:00,386,323.5193765,472,112,327,214.1675616
22/08/1986 00:00,396,319.4104398,478,112,336,223.0704156
23/08/1986 00:00,404,365.5873911,498,105,302,196.2027268
24/08/1986 00:00,406,380.3846187,513,104,298,195.8750842
25/08/1986 00:00,411,359.352183,515,115,325,220.2400008
26/08/1986 00:00,418,383.6143831,508,141,305,198.5989614
27/08/1986 00:00,420,384.2839918,503,142,301,193.5906677
28/08/1986 00:00,420,397.3162455,505,152,293,186.2585077
29/08/1986 00:00,416,376.7658645,503,138,307,199.5679093
30/08/1986 00:00,413,375.6458221,490,140,299,189.3740889
31/08/1986 00:00,411,367.3266082,484,135,301,190.2039909
01/09/1986 00:00,412,386.8719167,498,113,301,196.0254216
02/09/1986 00:00,414,383.5766005,510,101,309,206.5150921
03/09/1986 00:00,417,388.5996795,516,105,310,208.4094527
04/09/1986 00:00,423,398.3883421,521,113,307,206.0048198
05/09/1986 00:00,431,417.0433807,534,137,307,207.318543
06/09/1986 00:00,436,429.927142,543,140,302,204.2964331
07/09/1986 00:00,441,449.1962782,537,164,287,187.7082393
08/09/1986 00:00,441,474.0911205,536,210,278,177.141851
09/09/1986 00:00,437,460.5218678,531,186,279,178.289392
10/09/1986 00:00,431,463.4693298,522,194,272,169.8787027
11/09/1986 00:00,424,442.3347052,508,176,276,171.6604683
12/09/1986 00:00,418,418.5283751,494,156,282,175.2943707
13/09/1986 00:00,412,393.7895954,484,147,296,186.6876229
14/09/1986 00:00,407,364.8846399,475,138,315,202.8241309
15/09/1986 00:00,405,386.4359433,477,139,295,185.0368484
16/09/1986 00:00,402,409.1476896,500,114,280,177.9051185
17/09/1986 00:00,400,418.5486641,507,104,272,172.7712243
18/09/1986 00:00,398,408.8117267,493,106,272,169.6137138
19/09/1986 00:00,395,406.7695574,471,170,281,170.1450223
20/09/1986 00:00,390,413.8986576,454,184,266,152.214964
21/09/1986 00:00,383,416.1257641,459,224,282,166.7422595
22/09/1986 00:00,377,412.2155017,475,173,279,170.4074077
23/09/1986 00:00,380,386.0732233,480,126,292,185.3873695
24/09/1986 00:00,389,399.9792576,504,147,304,200.2966412
25/09/1986 00:00,398,370.9617206,513,154,343,237.165174
26/09/1986 00:00,406,392.5057059,524,152,329,226.3528959
27/09/1986 00:00,409,383.8607311,545,134,347,248.280076
28/09/1986 00:00,414,400.342476,562,155,351,254.536089
29/09/1986 00:00,423,425.8174241,563,233,355,254.2495748
30/09/1986 00:00,433,369.9974443,568,169,392,291.5037656
01/10/1986 00:00,438,422.7253169,583,133,378,287.3738274
02/10/1986 00:00,442,424.9261716,600,123,385,297.8571394
03/10/1986 00:00,447,434.9482564,609,129,384,298.368765
04/10/1986 00:00,453,460.4614564,619,170,381,295.6190318
05/10/1986 00:00,460,511.201227,651,162,351,275.2931602
06/10/1986 00:00,468,484.6524402,649,125,363,286.9316706
07/10/1986 00:00,479,466.7033953,649,129,383,304.2944339
08/10/1986 00:00,489,450.1563969,644,139,400,317.559229
09/10/1986 00:00,496,455.7348285,654,136,401,320.3960807
10/10/1986 00:00,501,451.6981579,669,121,411,333.3255635
11/10/1986 00:00,507,470.5155231,676,128,400,324.0863196
12/10/1986 00:00,517,425.6370458,683,128,451,371.747706
13/10/1986 00:00,526,476.0183622,697,161,423,347.1247956
14/10/1986 00:00,536,527.8607147,706,238,406,329.3820345
15/10/1986 00:00,548,500.3436137,714,183,420,345.6723568
16/10/1986 00:00,560,440.3394028,724,146,475,399.2191918
17/10/1986 00:00,571,446.6920564,728,138,469,394.1914735
18/10/1986 00:00,579,464.6607849,733,152,460,385.8652198
19/10/1986 00:00,585,503.0144769,740,286,476,395.6502035
20/10/1986 00:00,592,467.5015374,750,257,509,429.0185263
21/10/1986 00:00,599,494.3878332,758,208,470,396.7827114
22/10/1986 00:00,605,507.3432179,766,205,462,390.9773672
23/10/1986 00:00,613,536.3787864,774,246,454,383.0357426
24/10/1986 00:00,617,512.0085316,781,235,480,408.6989886
25/10/1986 00:00,623,500.9831701,785,196,480,410.9428109
26/10/1986 00:00,630,472.9574405,791,155,498,430.1755116
27/10/1986 00:00,636,470.4477097,798,155,506,438.6826859
28/10/1986 00:00,642,481.1509887,805,156,501,435.2189785
29/10/1986 00:00,646,509.0067754,809,205,494,427.2069888
30/10/1986 00:00,649,518.2973706,815,199,487,422.2148052
31/10/1986 00:00,653,529.781984,819,165,466,405.1140416
01/11/1986 00:00,657,606.8509406,824,188,460,413
02/11/1986 00:00,660,585.8138431,830,163,466,396
03/11/1986 00:00,662,575.6849083,835,159,483,403
04/11/1986 00:00,664,573.9982408,839,153,495,418
05/11/1986 00:00,668,607.8680108,845,172,473,419
06/11/1986 00:00,670,602.6092068,846,161,460,395
07/11/1986 00:00,673,584.3793727,846,161,471,383
08/11/1986 00:00,676,595.5514904,846,169,464,385
09/11/1986 00:00,679,615.5666953,848,163,440,380
10/11/1986 00:00,681,628.0822274,850,152,428,385
11/11/1986 00:00,683,618.9192695,850,141,427,375
12/11/1986 00:00,686,616.0857703,850,163,422,371.4586635
13/11/1986 00:00,688,634.9846238,850,155,400,351.4925639
14/11/1986 00:00,690,634.3796723,850,126,390,343.484623
15/11/1986 00:00,692,625.2486049,847,115,393,345.8996327
16/11/1986 00:00,694,631.6415665,842,110,381,333.823868
17/11/1986 00:00,696,633.9091345,836,112,375,326.7061178
18/11/1986 00:00,698,621.0106907,828,109,381,330.3637999
19/11/1986 00:00,700,624.2923487,817,143,382,327.0725912
20/11/1986 00:00,702,617.0434858,811,127,379,323.5210853
21/11/1986 00:00,704,579.2550935,812,116,414,356.2095786
22/11/1986 00:00,706,583.7599087,806,116,405,346.4302188
23/11/1986 00:00,708,590.0310277,800,129,399,338.8149197
24/11/1986 00:00,709,586.295593,799,175,419,354.7788622
25/11/1986 00:00,710,552.6560712,794,147,439,373.1719154
26/11/1986 00:00,711,554.7728222,794,131,431,366.4837195
27/11/1986 00:00,711,575.1685168,794,111,403,341.7023389
28/11/1986 00:00,711,603.8223466,790,130,378,316.9909563
29/11/1986 00:00,711,610.3211681,786,118,364,303.772692
30/11/1986 00:00,711,599.4964446,782,110,369,307.8032967
01/12/1986 00:00,710,285,769,111,342,247.393359
02/12/1986 00:00,709,302,759,109,328,233.5367737
03/12/1986 00:00,707,289,745,112,317,218.8150267
04/12/1986 00:00,704,272,728,118,310,207.1221359
05/12/1986 00:00,701,255,709,130,303,194.6300684
06/12/1986 00:00,697,251,691,170,300,185.4396602
07/12/1986 00:00,694,261,676,160,307,192.2219202
08/12/1986 00:00,691,266,664,138,360,246.630216
09/12/1986 00:00,686,282,653,143,349,235.3005191
10/12/1986 00:00,682,306,654,162,352,239.629473
11/12/1986 00:00,676,301,666,135,335,226.4100995
12/12/1986 00:00,672,284,663,122,322,212.4346825
13/12/1986 00:00,668,259,654,113,316,203.5118466
14/12/1986 00:00,661,311,637,110,328,218.9292291
15/12/1986 00:00,652,314,624,123,324,212.7659072
16/12/1986 00:00,644,310,619,143,329,215.6524645
17/12/1986 00:00,636,305,614,134,312,198.4682772
18/12/1986 00:00,628,296,613,118,322,209.4801527
19/12/1986 00:00,619,276,603,106,307,192.3857631
20/12/1986 00:00,611,254,586,106,305,186.1418731
21/12/1986 00:00,601,342,575,123,310,197.547441
22/12/1986 00:00,590,338,562,137,292,176.5602861
23/12/1986 00:00,577,338,553,148,300,183.3706937
24/12/1986 00:00,564,341,546,148,293,176.4605534
25/12/1986 00:00,554,330,535,138,293,175.2309738
26/12/1986 00:00,543,318,528,114,306,188.9308882
27/12/1986 00:00,530,311,524,104,305,188.4039064
28/12/1986 00:00,519,313,533,101,287,172.8257811
29/12/1986 00:00,508,310,531,99,298,184.3807349
30/12/1986 00:00,499,290,518,99,296,179.0355271
31/12/1986 00:00,491,286,503,94,294,175.2825979
01/01/1987 00:00,485,279,511,88,298,160
02/01/1987 00:00,476,284,511,92,297,160
03/01/1987 00:00,462,295,498,89,300,160
04/01/1987 00:00,450,283,502,86,308,160
05/01/1987 00:00,440,275,501,82,289,160
06/01/1987 00:00,430,269,494,84,307,160
07/01/1987 00:00,420,277,490,89,288,160
08/01/1987 00:00,413,297,482,121,301,160
09/01/1987 00:00,409,291,485,133,300,160
10/01/1987 00:00,403,286,477,152,309,160
11/01/1987 00:00,397,280,475,138,306,160
12/01/1987 00:00,390,267,474,117,311,160
13/01/1987 00:00,386,262,472,100,305,160
14/01/1987 00:00,371,263,476,91,280,160
15/01/1987 00:00,363,255,473,87,276,160
16/01/1987 00:00,356,250,459,83,267,160
17/01/1987 00:00,349,244,439,80,264,160
18/01/1987 00:00,340,239,430,100,258,160
19/01/1987 00:00,328,236,422,138,255,140
20/01/1987 00:00,314,237,415,121,256,140
21/01/1987 00:00,301,248,410,98,258,120
22/01/1987 00:00,292,244,402,86,261,120
23/01/1987 00:00,285,248,405,81,265,120
24/01/1987 00:00,278,255,406,85,290,120
25/01/1987 00:00,274,265,408,82,271,130
26/01/1987 00:00,270,263,411,74,272,130
27/01/1987 00:00,271,247,436,69,275,130
28/01/1987 00:00,275,243,422,87,276,130
29/01/1987 00:00,277,241,403,86,273,130
30/01/1987 00:00,275,241,406,82,282,130
31/01/1987 00:00,267,233,412,84,277,130
01/02/1987 00:00,262,222,406,93,285,130
02/02/1987 00:00,258,215,401,97,273,130
03/02/1987 00:00,254,216,397,139,266,130
04/02/1987 00:00,249,211,398,145,271,130
05/02/1987 00:00,244,208,397,105,255,130
06/02/1987 00:00,240,203,393,86,254,130
07/02/1987 00:00,233,199.5040507,389,77,306,120
08/02/1987 00:00,225,241.119383,382,76,258,120
09/02/1987 00:00,219,240.456169,377,76,261,130
10/02/1987 00:00,216,222,373,79,254,130
11/02/1987 00:00,214,237,387,165,260,130
12/02/1987 00:00,217,230,395,141,281,130
13/02/1987 00:00,229,227,390,96,272,130
14/02/1987 00:00,236,223,380,241,300,130
15/02/1987 00:00,236,227,394,194,315,130
16/02/1987 00:00,235,230,407,114,292,130
17/02/1987 00:00,240,232,422,87,304,130
18/02/1987 00:00,248,227,441,79,305,140
19/02/1987 00:00,254,229,447,87,291,140
20/02/1987 00:00,261,228,451,114,286,140
21/02/1987 00:00,265,229,452,113,282,140
22/02/1987 00:00,265,218,442,89,279,140
23/02/1987 00:00,265,211,436,84,273,130
24/02/1987 00:00,260,202,425,77,275,130
25/02/1987 00:00,251,268.4469062,405,82,257,130
26/02/1987 00:00,241,266.9867772,397,96,251,120
27/02/1987 00:00,231,281.8277914,389,135,244,120
28/02/1987 00:00,224,286.0613993,378,167,243,120
01/03/1987 00:00,214,255.1821836,369,96,241,120
02/03/1987 00:00,207,243.019795,364,87,246,120
03/03/1987 00:00,198,237.31647,357,81,244,120
04/03/1987 00:00,192,236.8907523,352,77,239,120
05/03/1987 00:00,187,241.2522207,349,120,248,120
06/03/1987 00:00,187,273.6775276,355,144,243,143
07/03/1987 00:00,179,224.5196585,356,114,274,130
08/03/1987 00:00,178,262.9143837,384,112,268,150
09/03/1987 00:00,178,257.6298027,396,92,275,150
10/03/1987 00:00,185,275.209544,399,80,271,175
11/03/1987 00:00,198,256.7493019,405,76,268,135
12/03/1987 00:00,207,263.1223131,405,83,255,120
13/03/1987 00:00,208,249.6053644,387,86,250,110
14/03/1987 00:00,211,236.3117698,386,85,253,95
15/03/1987 00:00,214,287.4888784,369,125,263,190
16/03/1987 00:00,208,278.2483328,365,151,263,165
17/03/1987 00:00,201,291.6507313,397,212,280,140
18/03/1987 00:00,200,297.0604303,414,136,275,165
19/03/1987 00:00,205,268.8659133,410,100,278,150
20/03/1987 00:00,214,268.2606173,405,86,270,150
21/03/1987 00:00,218,264.393075,405,82,260,130
22/03/1987 00:00,219,267.613741,414,98,260,115
23/03/1987 00:00,221,272.3641678,407,98,250,115
24/03/1987 00:00,222,258.4504492,399,93,255,113
25/03/1987 00:00,219,296.6586972,399,99,248,160
26/03/1987 00:00,215,270.6235415,386,92,243,130
27/03/1987 00:00,206,271.031697,394,78,240,125
28/03/1987 00:00,203,265.7253283,402,76,243,113
29/03/1987 00:00,206,250.0989585,386,76,245,110
30/03/1987 00:00,207,254.209553,388,78,245,113
31/03/1987 00:00,205,244.15203,380,82,260,128
01/04/1987 00:00,202,286.0505659,382,80,278,223
02/04/1987 00:00,196,312.2504479,396,129,283,228
03/04/1987 00:00,192,349.0753993,449,221,308,210
04/04/1987 00:00,200,370.5161521,475,178,328,270
05/04/1987 00:00,228,315.5294053,495,150,383,260
06/04/1987 00:00,259,147,523,157,365,290
07/04/1987 00:00,283,149,533,137,360,300
08/04/1987 00:00,299,171,543,135,338,280
09/04/1987 00:00,310,208,555,166,315,235
10/04/1987 00:00,322,230,548,134,299,225
11/04/1987 00:00,333,231,535,138,307,200
12/04/1987 00:00,340,237,523,151,301,200
13/04/1987 00:00,341,213,508,142,280,200
14/04/1987 00:00,338,190,493,148,270,160
15/04/1987 00:00,331,351.3298303,485,107,264,160
16/04/1987 00:00,322,312.4973705,467,98,261,120
17/04/1987 00:00,312,307.2522789,458,92,257,120
18/04/1987 00:00,300,285.5279902,435,104,272,130
19/04/1987 00:00,284,291.5551508,421,208,290,125
20/04/1987 00:00,270,319.2365218,407,193,270,164
21/04/1987 00:00,258,296.0658598,403,150,261,143
22/04/1987 00:00,250,282.1621119,415,128,260,118
23/04/1987 00:00,252,279.7222171,428,116,266,115
24/04/1987 00:00,261,301.5556116,409,238,278,120
25/04/1987 00:00,271,312.9194787,405,195,270,155
26/04/1987 00:00,274,294.1987462,425,137,289,165
27/04/1987 00:00,278,291.3729668,452,137,328,190
28/04/1987 00:00,298,333,475,184,321,230
29/04/1987 00:00,323,342,497,216,375,265
30/04/1987 00:00,343,355,506,208,363,300
01/05/1987 00:00,361,362,520,151,378,300
02/05/1987 00:00,374,345,540,133,425,340
03/05/1987 00:00,385,336,571,125,370,335
04/05/1987 00:00,393,327,603,170,397,280
05/05/1987 00:00,400,321,608,162,360,300
06/05/1987 00:00,411,330,603,203,395,300
07/05/1987 00:00,419,343,612,191,378,300
08/05/1987 00:00,424,348,620,162,438,330
09/05/1987 00:00,430,352,625,197,439,350
10/05/1987 00:00,437,354,635,198,407,340
11/05/1987 00:00,442,347,650,191,371,340
12/05/1987 00:00,448,360,655,258,353,280
13/05/1987 00:00,455,353,652,240,339,230
14/05/1987 00:00,460,332,639,220,327,210
15/05/1987 00:00,461,308,628,185,342,210
16/05/1987 00:00,459,332,622,166,375,235
17/05/1987 00:00,456,337,618,168,381,300
18/05/1987 00:00,457,362,632,169,393,270
19/05/1987 00:00,461,383,637,159,384,300
20/05/1987 00:00,467,377,644,166,359,270
21/05/1987 00:00,473,356,647,147,353,270
22/05/1987 00:00,477,350,647,154,391,300
23/05/1987 00:00,479,367,650,194,430,345
24/05/1987 00:00,481,408,658,209,449,415
25/05/1987 00:00,486,441,676,170,458,425
26/05/1987 00:00,496,468,696,160,462,425
27/05/1987 00:00,509,485,710,189,450,420
28/05/1987 00:00,521,490,716,146,472,408
29/05/1987 00:00,530,492,720,123,426,410
30/05/1987 00:00,534,477,723,113,388,350
31/05/1987 00:00,538,441,723,107,362,290
01/06/1987 00:00,540,412,718,131,346,270
02/06/1987 00:00,540,378,713,174,337,260
03/06/1987 00:00,538,367,705,131,330,235
04/06/1987 00:00,536,479.0727315,695,140,343,210
05/06/1987 00:00,535,470.0648118,684,144,339,200
06/06/1987 00:00,533,450.9430471,676,139,363,220
07/06/1987 00:00,531,359,673,127,355,220
08/06/1987 00:00,531,366,676,261,339,230
09/06/1987 00:00,532,361,681,320,346,230
10/06/1987 00:00,534,360,674,304,328,220
11/06/1987 00:00,534,362,672,188,329,200
12/06/1987 00:00,534,363,671,157,336,200
13/06/1987 00:00,534,348,657,145,316,200
14/06/1987 00:00,531,479.392618,650,239,320,170
15/06/1987 00:00,529,451.4466312,644,189,319,160
16/06/1987 00:00,526,442.5885927,637,154,316,170
17/06/1987 00:00,524,442.8514336,638,142,312,170
18/06/1987 00:00,524,449.100628,628,166,307,170
19/06/1987 00:00,520,452.9895323,615,190,302,170
20/06/1987 00:00,515,442.4597201,601,161,285,160
21/06/1987 00:00,511,297,591,136,273,160
22/06/1987 00:00,505,285,581,116,266,158
23/06/1987 00:00,502,269,569,109,288,135
24/06/1987 00:00,497,271,552,174,333,160
25/06/1987 00:00,488,287,542,206,317,225
26/06/1987 00:00,481,298,544,236,305,210
27/06/1987 00:00,477,307,560,162,320,190
28/06/1987 00:00,474,286,560,121,315,180
29/06/1987 00:00,471,261,551,108,310,170
30/06/1987 00:00,466,240,545,103,315,180
01/07/1987 00:00,456,225,538,144,300,180
02/07/1987 00:00,448,253,531,140,300,175
03/07/1987 00:00,441,258,525,132,328,165
04/07/1987 00:00,438,257,518,183,303,200
05/07/1987 00:00,433,279,518,316,308,180
06/07/1987 00:00,429,310,527,207,278,195
07/07/1987 00:00,429,333,525,144,297.5889206,170
08/07/1987 00:00,432,327,524,129,293.1960164,165
09/07/1987 00:00,436,324,521,180,327.2623804,210
10/07/1987 00:00,433,322,519,278,324.5157978,190
11/07/1987 00:00,431,322,524,240,321.2831499,190
12/07/1987 00:00,429,352,525,236,311.6242173,180
13/07/1987 00:00,430,355,521,238,303.2676731,168
14/07/1987 00:00,432,342,517,195,310.5323891,185
15/07/1987 00:00,431,338,511,200,297.8420548,165
16/07/1987 00:00,426,322,509,212,323.1531544,200
17/07/1987 00:00,421,327,513,160,319.8878982,203
18/07/1987 00:00,421,351,522,143,337.489843,235
19/07/1987 00:00,423,368,537,135,362.5510955,275
20/07/1987 00:00,429,382,550,137,325,233
21/07/1987 00:00,439,378,566,228,315,220
22/07/1987 00:00,446,364,566,204,326,200
23/07/1987 00:00,452,366,560,149,312,220
24/07/1987 00:00,453,366,556,131,310,205
25/07/1987 00:00,454,364,561,174,342,210
26/07/1987 00:00,456,369,561,253,350,230
27/07/1987 00:00,459,379,558,167,376,250
28/07/1987 00:00,461,394,570,137,389,310
29/07/1987 00:00,467,288,577,135,358,305
30/07/1987 00:00,472,286,593,245,375,280
31/07/1987 00:00,476,288,601,236,394,298
01/08/1987 00:00,482,318,610,282,436,315
02/08/1987 00:00,489,353,622,210,445,375
03/08/1987 00:00,500,373,645,195,475,375
04/08/1987 00:00,512,398,671,176,452,400
05/08/1987 00:00,522,503,685,141,433,380
06/08/1987 00:00,534,504,692,145,415,360
07/08/1987 00:00,543,518,696,139,392,330
08/08/1987 00:00,550,530,693,175,392,290
09/08/1987 00:00,559,529,690,220,382,285
10/08/1987 00:00,564,521,682,252,355,305
11/08/1987 00:00,568,509,680,219,360,245
12/08/1987 00:00,572,495,676,228,385,270
13/08/1987 00:00,573,485,674,191,393,278
14/08/1987 00:00,578,474,674,175,412,305
15/08/1987 00:00,579,459,675,160,378,310
16/08/1987 00:00,580,431,675,170,348,263
17/08/1987 00:00,580,412,673,141,332,260
18/08/1987 00:00,580,397,667,245,321,220
19/08/1987 00:00,578,404,659,195,314,210
20/08/1987 00:00,578,403,645,165,307,200
21/08/1987 00:00,577,393,631,285,304,185
22/08/1987 00:00,575,383,618,332,302,175
23/08/1987 00:00,572,380,603,212,297,180
24/08/1987 00:00,570,366,591,182,311,175
25/08/1987 00:00,567,360,579,166,343,180
26/08/1987 00:00,562,348,569,188,362,220
27/08/1987 00:00,556,356,571,161,321,248
28/08/1987 00:00,553,353,571,155,316,205
29/08/1987 00:00,552,351,579,137,310,225
30/08/1987 00:00,551,352,570,139,316,213
31/08/1987 00:00,551,351,566,235,308,240
01/09/1987 00:00,548,358,570,212,311,220
02/09/1987 00:00,546,375,568,183,293,230
03/09/1987 00:00,544,400,572,141,307,193
04/09/1987 00:00,542,432,568,148,331,220
05/09/1987 00:00,547,428,575,127,345,240
06/09/1987 00:00,552,437,579,127,342,285
07/09/1987 00:00,556,460,592,117,327,275
08/09/1987 00:00,557,453,606,109,328,240
09/09/1987 00:00,562,455,607,113,333,250
10/09/1987 00:00,565,447,602,123,333,310
11/09/1987 00:00,567,436,607,105,318,270
12/09/1987 00:00,567,409,608,102,300,240
13/09/1987 00:00,567,479,603,98,300,218
14/09/1987 00:00,565,467,598,96,310,220
15/09/1987 00:00,566,391,590,94,328,260
16/09/1987 00:00,563,389,596,91,340,248
17/09/1987 00:00,563,384,606,91,330,280
18/09/1987 00:00,564,445.4234571,611,140,340,250
19/09/1987 00:00,562,354,611,100,350,253
20/09/1987 00:00,562,333,607,85,360,230
21/09/1987 00:00,560,335,607,100,349.0254982,248
22/09/1987 00:00,560,369,599,135,381.7828264,300
23/09/1987 00:00,560,396,602,103,345,280
24/09/1987 00:00,562,402,611,128,345,270
25/09/1987 00:00,565,401,613,184,365,315
26/09/1987 00:00,565,431,622,128,355,300
27/09/1987 00:00,567,448,627,114,340,345
28/09/1987 00:00,571,442,629,108,338,270
29/09/1987 00:00,576,428,631,94,333.2099886,235
30/09/1987 00:00,580,418,630,93,361.5728834,278
01/10/1987 00:00,580,425,627,127,387.8635491,315
02/10/1987 00:00,579,422,636,264,348,275
03/10/1987 00:00,581,421,645,180,358,278
04/10/1987 00:00,584,425,644,160,363,300
05/10/1987 00:00,587,436,650,161,403,345
06/10/1987 00:00,589,471,661,204,428,360
07/10/1987 00:00,593,497,672,178,393,310
08/10/1987 00:00,599,515,684,155,385,300
09/10/1987 00:00,606,526,692,145,418,405
10/10/1987 00:00,611,534,692,126,425,383
11/10/1987 00:00,615,546,698,113,415,330
12/10/1987 00:00,620,555,710,115,383,320
13/10/1987 00:00,624,562,717,140,388,280
14/10/1987 00:00,630,559,719,110,375,300
15/10/1987 00:00,631,560,723,100,428,380
16/10/1987 00:00,633,563,726,98,410,370
17/10/1987 00:00,635,568,730,93,405,370
18/10/1987 00:00,640,571,738,130,425,410
19/10/1987 00:00,642,574,747,126,429,358
20/10/1987 00:00,646,576,752,171,398,320
21/10/1987 00:00,651,577,757,119,413,338
22/10/1987 00:00,656,578,762,123,435,350
23/10/1987 00:00,659,578,764,110,444,370
24/10/1987 00:00,662,577,766,106,421,340
25/10/1987 00:00,666,578,770,121,430,360
26/10/1987 00:00,668,577,775,157,411,320
27/10/1987 00:00,671,578,785,123,453,400
28/10/1987 00:00,676,578,790,286,468,413
29/10/1987 00:00,680,577,799,173,477,413
30/10/1987 00:00,685,578,807,133,514,430
31/10/1987 00:00,688,578,815,126,510,430
01/11/1987 00:00,692,579,821,140,508,440
02/11/1987 00:00,695,579,829,120,531,450
03/11/1987 00:00,698,580,833,95,516,445
04/11/1987 00:00,702,581,838,135,479,450
05/11/1987 00:00,707,581,841,130,455,425
06/11/1987 00:00,711,580,842,135,443,420
07/11/1987 00:00,714,579,843,110,447,375
08/11/1987 00:00,717,575,846,95,435,390
09/11/1987 00:00,721,573,847,85,406,345
10/11/1987 00:00,725,572,849,85,384,305
11/11/1987 00:00,729,567,849,80,375,280
12/11/1987 00:00,734,558,844,100,368,255
13/11/1987 00:00,738,542,837,80,359,240
14/11/1987 00:00,741,540,828,95,366,230
15/11/1987 00:00,743,530,815,78,389,235
16/11/1987 00:00,745,498,804,90,404,310
17/11/1987 00:00,748,493,803,85,372,300
18/11/1987 00:00,751,472,805,75,394.2732796,315
19/11/1987 00:00,753,449,792,90,360.9772314,260
20/11/1987 00:00,755,440,779,115,428,278
21/11/1987 00:00,755,453,773,117,435,370
22/11/1987 00:00,757,471,779,125,400,345
23/11/1987 00:00,758,487,786,115,384.6536475,300
24/11/1987 00:00,760,487,782,85,405,330
25/11/1987 00:00,761,477,775,100,393,290
26/11/1987 00:00,761,493,776,117,400,325
27/11/1987 00:00,762,519,775,91,377.5033166,300
28/11/1987 00:00,762,525,771,84,375.6898456,300
29/11/1987 00:00,761,537,764,88,409.5342549,355
30/11/1987 00:00,761,536,765,125,384.557225,310
01/12/1987 00:00,760,547,765,131,405,300
02/12/1987 00:00,759,552,762,171,445,400
03/12/1987 00:00,758,554,767,112,458,378
04/12/1987 00:00,758,559,773,118,433,398
05/12/1987 00:00,758,559,773,124,450,380
06/12/1987 00:00,758,558,776,120,448,395
07/12/1987 00:00,758,560,777,125,432.102929,385
08/12/1987 00:00,757,561,777,121,425.1762969,375
09/12/1987 00:00,756,563,778,105,429.9318031,385
10/12/1987 00:00,756,562,779,93,405.0633122,348
11/12/1987 00:00,756,562,781,94,387.3610766,320
12/12/1987 00:00,757,561,778,105,410.7564905,355
13/12/1987 00:00,757,558,773,123,405,335
14/12/1987 00:00,756,547,770,140,385,300
15/12/1987 00:00,755,531,763,104,385,270
16/12/1987 00:00,749,506,751,90,360,265
17/12/1987 00:00,752,473,738,93,348,260
18/12/1987 00:00,751,443,727,94,333,210
19/12/1987 00:00,750,414,711,90,328,190
20/12/1987 00:00,748,394,692,94,315,185
21/12/1987 00:00,744,374,675,110,313,183
22/12/1987 00:00,739,349,658,95,330,170
23/12/1987 00:00,734,352,639,88,316,155
24/12/1987 00:00,730,407.3003307,626,87,313,150
25/12/1987 00:00,726,401.6317237,610,80,304,150
26/12/1987 00:00,719,393.7511894,599,76,302,150
27/12/1987 00:00,711,388.462246,587,70,299,155
28/12/1987 00:00,701,388.4100111,579,68,297,163
29/12/1987 00:00,681,372.9928556,575,71,305,155
30/12/1987 00:00,659,383.5462918,564,74,299,175
31/12/1987 00:00,647,390.8360508,552,130,311,188
01/01/1988 00:00,656,408.5909551,548,180,310,190
02/01/1988 00:00,642,361.9235004,551,100,322,178
03/01/1988 00:00,630,358.6133398,551,75,317,180
04/01/1988 00:00,618,345.230064,543,70,316,170
05/01/1988 00:00,605,332.2047805,535,75,312,150
06/01/1988 00:00,593,338.7922037,527,69,303,160
07/01/1988 00:00,580,327.8520537,516,68,305,160
08/01/1988 00:00,564,328.2877546,511,63,311,180
09/01/1988 00:00,552,305.4086013,510,70,323,160
10/01/1988 00:00,540,309.3837282,510,63,316,160
11/01/1988 00:00,529,281.8290692,509,59,335,150
12/01/1988 00:00,520,296.9090878,498,60,304,138
13/01/1988 00:00,510,293.2324774,489,58,298,135
14/01/1988 00:00,496,291.9925841,481,59,290,130
15/01/1988 00:00,483,282.9824621,472,60,286,120
16/01/1988 00:00,467,286.9402086,464,58,281,130
17/01/1988 00:00,453,281.1070727,456,65,283,130
18/01/1988 00:00,441,289.8158424,451,75,280,140
19/01/1988 00:00,427,281.3065264,448,85,299,155
20/01/1988 00:00,416,303.6966927,463,75,293,170
21/01/1988 00:00,407,306.4022621,470,65,306,193
22/01/1988 00:00,401,278.5812828,469,63,318,170
23/01/1988 00:00,396,291.3837316,470,64,306,170
24/01/1988 00:00,390,273.6463601,455,60,311,170
25/01/1988 00:00,373,270.914743,452,59,298,150
26/01/1988 00:00,373,259.2176853,446,62,297,135
27/01/1988 00:00,367,271.1902013,438,59,287,150
28/01/1988 00:00,356,247.3823991,428,60,291,130
29/01/1988 00:00,345,240.6138966,420,63,280,110
30/01/1988 00:00,335,244.263901,412,60,272,115
31/01/1988 00:00,325,263.5365732,404,65,270,150
01/02/1988 00:00,316,267.9437438,398,115,276,145
02/02/1988 00:00,307,246.1107146,393,80,278,140
03/02/1988 00:00,300,252.6893483,411,65,281,143
04/02/1988 00:00,295,237.1784322,409,63,288,133
05/02/1988 00:00,290,281.6002939,404,70,270,178
06/02/1988 00:00,286,283.8550184,404,75,282,198
07/02/1988 00:00,284,262.187407,406,97,299,175
08/02/1988 00:00,283,313.8982643,428,145,284,180
09/02/1988 00:00,284,286.8109288,429,115,298,175
10/02/1988 00:00,287,284.4780847,426,90,289,175
11/02/1988 00:00,286,278.3862979,431,100,312,190
12/02/1988 00:00,282,310.8174203,433,140,289,180
13/02/1988 00:00,284,314.5002745,448,110,317,230
14/02/1988 00:00,289,329.7677451,464,120,330,250
15/02/1988 00:00,296,321.8810423,472,100,318,220
16/02/1988 00:00,294,300.5230543,479,73,316,190
17/02/1988 00:00,294,331.622431,480,73,279,180
18/02/1988 00:00,295,279.6251889,458,70,292,145
19/02/1988 00:00,296,262.676027,439,66,284,130
20/02/1988 00:00,291,258.1102437,424,60,280,138
21/02/1988 00:00,275,238.2530136,406,60,281,130
22/02/1988 00:00,265,233.189633,394,68,264,105
23/02/1988 00:00,250,230.2975894,383,73,260,105
24/02/1988 00:00,238,225.342933,374,80,273,125
25/02/1988 00:00,228,228.9998342,369,100,260,105
26/02/1988 00:00,219,245.9684601,367,120,288,168
27/02/1988 00:00,210,248.1034671,371,105,322,230
28/02/1988 00:00,217,247.5696252,363,85,327,258
29/02/1988 00:00,223,306.5742618,461,68,311,220
01/03/1988 00:00,239,164,495,90,303,180
02/03/1988 00:00,271,153,486,70,308,175
03/03/1988 00:00,294,132,461,67,303,170
04/03/1988 00:00,297,118,451,65,293,160
05/03/1988 00:00,286,110,439,65,276,140
06/03/1988 00:00,272,101,423,63,268,120
07/03/1988 00:00,262,100,405,60,274,128
08/03/1988 00:00,250,100,389,64,268,120
09/03/1988 00:00,234,100,377,178,258,105
10/03/1988 00:00,222,235.2136118,364,122,261,110
11/03/1988 00:00,210,215.0814096,352,88,250,95
12/03/1988 00:00,205,204.6823999,346,76,264,115
13/03/1988 00:00,199,137,340,77,303,160
14/03/1988 00:00,199,119,347,70,283,133
15/03/1988 00:00,205,120,369,80,267,115
16/03/1988 00:00,207,112,357,79,263,115
17/03/1988 00:00,211,102,346,71,258,105
18/03/1988 00:00,212,190.6680373,346,62,272,113
19/03/1988 00:00,206,212.8797199,344,61,255,125
20/03/1988 00:00,199,187.5856723,343,62,263,98
21/03/1988 00:00,194,211.7063612,349,61,252,113
22/03/1988 00:00,190,190.8248663,343,69,262,98
23/03/1988 00:00,188,206.0156679,333,67,249,115
24/03/1988 00:00,185,181.0573098,330,61,259,98
25/03/1988 00:00,171,193.4763927,327,61,250,108
26/03/1988 00:00,164,176.9558029,323,66,254,90
27/03/1988 00:00,165,187.9815874,319,71,248,100
28/03/1988 00:00,163,164.8393933,316,82,270,95
29/03/1988 00:00,160,195.8664398,317,84,262,130
30/03/1988 00:00,158,180.4977817,319,115,286,123
31/03/1988 00:00,156,166.5123218,321,75,290,128
01/04/1988 00:00,156,183.3546515,326,68,293,158
02/04/1988 00:00,157,187.5100604,334,63,293,158
03/04/1988 00:00,163,210.9305144,348,63,297,185
04/04/1988 00:00,172,145,365,78,293,195
05/04/1988 00:00,185,143,400,100,313,195
06/04/1988 00:00,207,134,430,130,313,215
07/04/1988 00:00,222,159,436,100,333,235
08/04/1988 00:00,236,198,444,120,320,240
09/04/1988 00:00,249,198,461,140,326,223
10/04/1988 00:00,264,220,476,165,365,220
11/04/1988 00:00,278,240,478,190,372,268
12/04/1988 00:00,292,240,481,140,418,320
13/04/1988 00:00,304,253,509,165,318,340
14/04/1988 00:00,312,258,543,125,420,375
15/04/1988 00:00,324,294,576,125,421,360
16/04/1988 00:00,343,322,592,110,415,368
17/04/1988 00:00,366,305,594,106,402,360
18/04/1988 00:00,381,293,597,105,370,323
19/04/1988 00:00,386,284,597,95,346,300
20/04/1988 00:00,388,254,586,95,344,238
21/04/1988 00:00,390,237,572,96,342,243
22/04/1988 00:00,387,215,559,95,349,265
23/04/1988 00:00,383,202,553,105,369,265
24/04/1988 00:00,377,195,558,135,367,288
25/04/1988 00:00,370,189,558,95,363,268
26/04/1988 00:00,366,174,560,95,363,263
27/04/1988 00:00,364,168,560,90,404,265
28/04/1988 00:00,363,217,558,100,406,325
29/04/1988 00:00,363,268,565,95,384,313
30/04/1988 00:00,368,288,577,115,388,290
01/05/1988 00:00,379,283,580,145,354,318
02/05/1988 00:00,387,275,582,135,381,263
03/05/1988 00:00,391,266,586,115,419,315
04/05/1988 00:00,393,287,581,123,415,338
05/05/1988 00:00,395,312,590,145,410,328
06/05/1988 00:00,399,336,601,125,406,330
07/05/1988 00:00,405,349,606,105,393,363
08/05/1988 00:00,414,359,614,122,368,313
09/05/1988 00:00,421,354,621,215,364,280
10/05/1988 00:00,429,345,614,195,360,308
11/05/1988 00:00,434,352,608,154,354,283
12/05/1988 00:00,436,341,609,122,346,263
13/05/1988 00:00,436,342,608,103,333,263
14/05/1988 00:00,437,342,607,90,355,238
15/05/1988 00:00,438,341,603,75,323,305
16/05/1988 00:00,440,361,598,90,346,275
17/05/1988 00:00,441,348,604,105,284,305
18/05/1988 00:00,444,334,609,126,349,265
19/05/1988 00:00,445,319,610,123,337,293
20/05/1988 00:00,443,329,606,110,347,258
21/05/1988 00:00,443,347,612,165,351,295
22/05/1988 00:00,445,341,613,180,354,283
23/05/1988 00:00,448,334,613,158,345,293
24/05/1988 00:00,448,330,609,105,335,270
25/05/1988 00:00,448,304,608,107,321,235
26/05/1988 00:00,447,290,601,150,320,223
27/05/1988 00:00,443,295,589,159,333,245
28/05/1988 00:00,440,311,582,172,356,238
29/05/1988 00:00,439,326,584,130,349,300
30/05/1988 00:00,438,333,589,105,351,268
31/05/1988 00:00,441,334,599,105,358,280
01/06/1988 00:00,443,342,605,108,357,275
02/06/1988 00:00,445,341,609,130,369,288
03/06/1988 00:00,447,339,613,102,379,318
04/06/1988 00:00,450,354,617,190,379,320
05/06/1988 00:00,451,340,623,335,359,298
06/06/1988 00:00,453,327,627,245,348,270
07/06/1988 00:00,455,313,624,195,348,245
08/06/1988 00:00,455,330,621,133,341,235
09/06/1988 00:00,455,289,613,195,329,240
10/06/1988 00:00,452,271,607,310,330,215
11/06/1988 00:00,454,285,601,205,331,220
12/06/1988 00:00,458,328,592,185,355,235
13/06/1988 00:00,454,342,590,148,319,248
14/06/1988 00:00,453,354,594,130,369,318
15/06/1988 00:00,457,366,601,155,363,288
16/06/1988 00:00,459,370,615,123,353,293
17/06/1988 00:00,464,381,623,119,388,283
18/06/1988 00:00,471,370,625,215,392,370
19/06/1988 00:00,478,371,629,210,403,368
20/06/1988 00:00,482,387,660,180,405,348
21/06/1988 00:00,487,412,672,150,421,350
22/06/1988 00:00,497,430,677,135,398,348
23/06/1988 00:00,508,481.4306309,679,125,385,310
24/06/1988 00:00,515,477.3381393,681,140,392,303
25/06/1988 00:00,522,482.635343,683,205,423,320
26/06/1988 00:00,528,497.2145334,687,180,445,388
27/06/1988 00:00,532,466.4180694,691,130,459,385
28/06/1988 00:00,538,504.2485448,702,110,430,398
29/06/1988 00:00,544,520.702993,712,139,411,365
30/06/1988 00:00,553,558.1943319,724,188,391,350
01/07/1988 00:00,560,581.229949,728,220,367,325
02/07/1988 00:00,566,535.5841965,731,150,371,295
03/07/1988 00:00,573,540.9103153,728,165,371,298
04/07/1988 00:00,577,526.6436932,726,230,408,298
05/07/1988 00:00,581,537.8574535,731,215,434,360
06/07/1988 00:00,587,520.6038758,732,165,456,395
07/07/1988 00:00,593,512,738,165,464,398
08/07/1988 00:00,600,524,743,230,463,400
09/07/1988 00:00,606,534,748,210,470,403
10/07/1988 00:00,611,541,754,195,431,400
11/07/1988 00:00,616,547,762,195,395,360
12/07/1988 00:00,622,553,767,260,381,325
13/07/1988 00:00,625,555,768,240,371,305
14/07/1988 00:00,630,555,768,150,388,298
15/07/1988 00:00,634,552,764,135,414,82
16/07/1988 00:00,635,542,758,128,418,325
17/07/1988 00:00,637,526,752,128,385,320
18/07/1988 00:00,638,504,750,210,354,280
19/07/1988 00:00,639,569.4302714,749,195,341,250
20/07/1988 00:00,640,572.0494893,740,210,334,245
21/07/1988 00:00,641,577.1831242,727,285,336,228
22/07/1988 00:00,641,547.980213,714,215,330,228
23/07/1988 00:00,639,499.2545732,701,180,344,208
24/07/1988 00:00,638,493.1556501,687,195,364,238
25/07/1988 00:00,637,508.1727022,676,265,382,263
26/07/1988 00:00,637,515.822281,676,222,371,283
27/07/1988 00:00,636,492.3947075,679,145,378,298
28/07/1988 00:00,633,454.8533955,683,110,406,298
29/07/1988 00:00,633,467.227974,690,101,408,318
30/07/1988 00:00,635,507.3181435,694,100,367,313
31/07/1988 00:00,637,525.4040967,696,95,339,298
01/08/1988 00:00,638,502.0349674,698,114,341,250
02/08/1988 00:00,639,481.8137113,689,119,366,265
03/08/1988 00:00,640,510.2842864,681,170,372,300
04/08/1988 00:00,640,515.9006296,679,185,398,344
05/08/1988 00:00,642,497.2617164,690,110,385,324
06/08/1988 00:00,640,529.4045351,699,129,358,311
07/08/1988 00:00,642,555.9847821,702,244,350,270
08/08/1988 00:00,645,537.4325286,695,176,348,285
09/08/1988 00:00,649,556.5700195,693,145,341,325
10/08/1988 00:00,653,564.9831911,698,182,328,290
11/08/1988 00:00,656,492,698,179,335,263
12/08/1988 00:00,660,502,691,129,350,271
13/08/1988 00:00,662,517,688,115,343,279
14/08/1988 00:00,666,522,690,97,333,276
15/08/1988 00:00,668,535,698,102,350,258
16/08/1988 00:00,671,535,702,99,349,278
17/08/1988 00:00,677,534,702,101,358,280
18/08/1988 00:00,680,527,698,106,363,331
19/08/1988 00:00,681,522,700,106,357,304
20/08/1988 00:00,683,507,706,119,387,294
21/08/1988 00:00,686,509,716,129,433,319
22/08/1988 00:00,690,525,718,136,442,395
23/08/1988 00:00,691,534,727,115,435,404
24/08/1988 00:00,693,548,734,103,430,378
25/08/1988 00:00,696,553,740,93,441,374
26/08/1988 00:00,698,554,746,96,416,408
27/08/1988 00:00,701,557,752,95,407,364
28/08/1988 00:00,705,558,758,138,414,378
29/08/1988 00:00,707,562,762,116,424,370
30/08/1988 00:00,709,565,769,103,405,364
31/08/1988 00:00,714,566,775,104,413,355
01/09/1988 00:00,716,567,780,105,457,373
02/09/1988 00:00,719,568,786,100,467,400
03/09/1988 00:00,721,568,791,90,436,404
04/09/1988 00:00,722,569,797,92,420,376
05/09/1988 00:00,724,568,800,95,423,346
06/09/1988 00:00,727,568,805,93,429,356
07/09/1988 00:00,731,568,807,92,426,370
08/09/1988 00:00,735,567,809,87,398,365
09/09/1988 00:00,738,565,811,86,379,339
10/09/1988 00:00,742,564,816,84,418,321
11/09/1988 00:00,745,562,819,87,429,390
12/09/1988 00:00,748,561,822,87,436,378
13/09/1988 00:00,755,561,823,91,437,401
14/09/1988 00:00,758,562,825,103,465,388
15/09/1988 00:00,761,562,827,101,447,408
16/09/1988 00:00,763,563,828,103,426,380
17/09/1988 00:00,764,564,829,97,424,354
18/09/1988 00:00,766,563,830,96,416,360
19/09/1988 00:00,770,563,831,174,448,375
20/09/1988 00:00,772,564,832,219,425,413
21/09/1988 00:00,775,565,833,181,424,380
22/09/1988 00:00,777,568,835,140,441,383
23/09/1988 00:00,781,570,835,115,442,395
24/09/1988 00:00,784,570,834,180,464,410
25/09/1988 00:00,788,570,833,143,411,390
26/09/1988 00:00,791,571,834,162,389,343
27/09/1988 00:00,794,570,832,157,389,320
28/09/1988 00:00,798,566,830,110,360,300
29/09/1988 00:00,799,561,826,105,357,280
30/09/1988 00:00,801,553,821,99,358,280
01/10/1988 00:00,804,549,813,128,356,290
02/10/1988 00:00,808,548,810,168,355,274
03/10/1988 00:00,809,553,805,203,411,300
04/10/1988 00:00,811,551,803,202,451,373
05/10/1988 00:00,812,552,804,154,447,390
06/10/1988 00:00,813,551,805,139,461,389
07/10/1988 00:00,814,553,808,152,429,411
08/10/1988 00:00,815,550,808,141,423,400
09/10/1988 00:00,817,554,809,153,422,401
10/10/1988 00:00,817,556,808,127,389,373
11/10/1988 00:00,817,558,807,107,395,346
12/10/1988 00:00,816,553,806,100,394,353
13/10/1988 00:00,816,547,805,101,368,365
14/10/1988 00:00,816,550,805,106,378,390
15/10/1988 00:00,813,557,806,103,388,360
16/10/1988 00:00,815,560,808,94,421,353
17/10/1988 00:00,815,564,810,96,448,424
18/10/1988 00:00,824,566,811,95,455,434
19/10/1988 00:00,829,568,813,90,437,418
20/10/1988 00:00,825,570,813,90,432,433
21/10/1988 00:00,822,573,814,103,421,404
22/10/1988 00:00,820,574,815,93,428,415
23/10/1988 00:00,819,574,820,116,434,431
24/10/1988 00:00,818,573,823,94,404,415
25/10/1988 00:00,817,572,823,91,399,376
26/10/1988 00:00,819,570,831,90,397,391
27/10/1988 00:00,821,568,832,99,382,359
28/10/1988 00:00,821,565,835,112,367,335
29/10/1988 00:00,821,560,837,120,394,330
30/10/1988 00:00,821,556,838,115,400,354
31/10/1988 00:00,821,551,838,108,392,340
01/11/1988 00:00,822,550,841,140,390,340
02/11/1988 00:00,823,554,841,182,444,349
03/11/1988 00:00,823,559,841,184,439,414
04/11/1988 00:00,824,561,839,146,436,409
05/11/1988 00:00,824,562,839,118,438,389
06/11/1988 00:00,825,562,841,103,420,394
07/11/1988 00:00,826,559,838,177,394,398
08/11/1988 00:00,826,556,837,166,401,355
09/11/1988 00:00,825,551,836,250,443,384
10/11/1988 00:00,824,555,836,172,434,396
11/11/1988 00:00,824,552,837,161,479,411
12/11/1988 00:00,824,554,836,184,492,436
13/11/1988 00:00,823,556,836,171,491,453
14/11/1988 00:00,824,560,836,157,489,460
15/11/1988 00:00,825,560,837,209,464,465
16/11/1988 00:00,827,561,838,224,474,470
17/11/1988 00:00,829,561,843,203,475,468
18/11/1988 00:00,829,561,844,160,450,480
19/11/1988 00:00,830,561,844,153,449,490
20/11/1988 00:00,831,561,848,143,444,503
21/11/1988 00:00,831,561,854,129,450,508
22/11/1988 00:00,831,562,857,149,474,510
23/11/1988 00:00,831,561,858,189,492,508
24/11/1988 00:00,830,561,859,159,500,500
25/11/1988 00:00,831,561,862,156,532,490
26/11/1988 00:00,832,560,865,179,532,485
27/11/1988 00:00,833,559,867,146,529,484
28/11/1988 00:00,835,559,870,221,512,490
29/11/1988 00:00,837,559,873,197,514,485
30/11/1988 00:00,838,558,874,190,523,485
01/12/1988 00:00,839,557,877,195,505,485
02/12/1988 00:00,840,555,881,201,497,465
03/12/1988 00:00,842,553,885,166,510,454
04/12/1988 00:00,843,550,884,167,535,450
05/12/1988 00:00,846,550,885,170,539,460
06/12/1988 00:00,848,548,885,147,550,456
07/12/1988 00:00,850,546,884,136,545,459
08/12/1988 00:00,851,579.0082806,882,137,549,460
09/12/1988 00:00,852,576.8743003,880,165,560,460
10/12/1988 00:00,853,603.1532013,879,141,527,465
11/12/1988 00:00,853,627.2734696,877,126,505,480
12/12/1988 00:00,853,662.0752474,874,123,457,465
13/12/1988 00:00,853,660.9611971,872,112,440,445
14/12/1988 00:00,853,530,869,113,475,400
15/12/1988 00:00,853,529,866,122,453,410
16/12/1988 00:00,853,526,863,113,433,384
17/12/1988 00:00,852,521,860,115,398,341
18/12/1988 00:00,851,515,856,123,391,310
19/12/1988 00:00,851,510,852,129,396,294
20/12/1988 00:00,850,505,847,142,365,288
21/12/1988 00:00,849,492,840,105,355,245
22/12/1988 00:00,847,478,829,94,380,233
23/12/1988 00:00,845,476,814,105,383,250
24/12/1988 00:00,842,473,799,103,373,255
25/12/1988 00:00,840,467,785,106,356,246
26/12/1988 00:00,836,457,773,113,336,234
27/12/1988 00:00,832,453,759,111,385,266
28/12/1988 00:00,828,457,752,100,401,275
29/12/1988 00:00,824,451,749,103,405,290
30/12/1988 00:00,818,459,746,101,425,350
31/12/1988 00:00,814,465,747,103,394,325
01/01/1989 00:00,811,466,749,98,388,291
02/01/1989 00:00,806,460,743,167,430,289
03/01/1989 00:00,801,466,734,127,475,352
04/01/1989 00:00,794,478,738,159,485,391
05/01/1989 00:00,787,484,741,119,521,409
06/01/1989 00:00,781,495,743,109,500,430
07/01/1989 00:00,777,455,742,123,485,419
08/01/1989 00:00,771,497,742,130,483,410
09/01/1989 00:00,766,484,739,136,426,365
10/01/1989 00:00,761,470,738,127,429,330
11/01/1989 00:00,756,455,734,125,391,318
12/01/1989 00:00,752,439,727,114,379,290.0910868
13/01/1989 00:00,747,431,716,110,387,296.4067053
14/01/1989 00:00,742,424,702,107,381,201
15/01/1989 00:00,739,424,688,105,364,201
16/01/1989 00:00,733,424,678,97,350,203
17/01/1989 00:00,728,416,665,99,368,208
18/01/1989 00:00,723,410,650,99,375,212
19/01/1989 00:00,718,408,639,97,379,210
20/01/1989 00:00,713,404,640,94,385,212
21/01/1989 00:00,705,398,630,90,415,260
22/01/1989 00:00,700,389,628,125,417,273
23/01/1989 00:00,693,439,628,146,392,295
24/01/1989 00:00,685,482,632,115,364,255
25/01/1989 00:00,677,380,629,102,360,260
26/01/1989 00:00,670,373,616,100,368,260
27/01/1989 00:00,664,365,604,92,366,255
28/01/1989 00:00,656,355,597,102,372,255
29/01/1989 00:00,647,354,590,122,367,241
30/01/1989 00:00,636,354,588,170,368,238
31/01/1989 00:00,625,342,585,117,363,225
01/02/1989 00:00,620,329,579,114,358,225
02/02/1989 00:00,611,405.4346809,573,197,360,227
03/02/1989 00:00,601,388.2494947,566,168,363,230
04/02/1989 00:00,591,330,561,135,398,241
05/02/1989 00:00,582,320,558,130,397,270
06/02/1989 00:00,573,332,563,122,428,277
07/02/1989 00:00,565,330,574,110,444,322
08/02/1989 00:00,560,325,579,97,387,307
09/02/1989 00:00,556,324,590,94,390,265
10/02/1989 00:00,551,323,587,85,400,273
11/02/1989 00:00,547,370.898969,580,85,387,275
12/02/1989 00:00,542,345.9527083,577,82,415,285
13/02/1989 00:00,534,354.8584973,570,84,410,299
14/02/1989 00:00,527,362.9203562,568,90,391,281
15/02/1989 00:00,522,306,573,88,364,255
16/02/1989 00:00,517,352.124451,570,90,366,222
17/02/1989 00:00,511,353.4324727,560,87,359,227
18/02/1989 00:00,504,366.7723656,546,133,341,210
19/02/1989 00:00,498,297.1077756,537,113,328,100
20/02/1989 00:00,489,269.6550015,527,100,335,87
21/02/1989 00:00,479,322.8263858,514,135,350,192
22/02/1989 00:00,468,318.4317463,506,146,332,160
23/02/1989 00:00,457,325.4244735,513,117,338,190
24/02/1989 00:00,449,334.1814659,517,160,354,200
25/02/1989 00:00,445,354.1600944,513,141,362,261
26/02/1989 00:00,445,367.1594947,524,159,365,263
27/02/1989 00:00,445,331,538,143,380,280
28/02/1989 00:00,445,337,543,188,369,273
01/03/1989 00:00,448,339,550,197,336,233
02/03/1989 00:00,451,335,548,138,353,219
03/03/1989 00:00,450,332,541,119,356,248
04/03/1989 00:00,447,325,534,119,349,241.1093994
05/03/1989 00:00,440,373.2434739,535,161,358,252.2784481
06/03/1989 00:00,432,360.5816304,531,140,372,267
07/03/1989 00:00,427,314,529,138,384,266
08/03/1989 00:00,423,315,537,154,365,271
09/03/1989 00:00,421,312,544,121,380,280
10/03/1989 00:00,421,320,550,121,413,290
11/03/1989 00:00,421,338,557,210,419.6472548,343
12/03/1989 00:00,423,355,559,217,429.8181149,360
13/03/1989 00:00,428,366,567,268,421.2650904,339
14/03/1989 00:00,436,355,589,174,401.594754,318
15/03/1989 00:00,445,344,591,151,388.6698434,300
16/03/1989 00:00,450,342,594,190,411.1488581,328
17/03/1989 00:00,455,348,596,267,468,385
18/03/1989 00:00,457,354,604,204,483,383
19/03/1989 00:00,460,352,616,156,490,393
20/03/1989 00:00,464,339,625,176,485,401
21/03/1989 00:00,470,334,634,162,487,408
22/03/1989 00:00,475,334,638,135,477,396
23/03/1989 00:00,476,333,643,135,491,390
24/03/1989 00:00,477,341,644,121,467,390
25/03/1989 00:00,478,332,646,115,455,385
26/03/1989 00:00,480,324,647,105,414,343
27/03/1989 00:00,482,317,647,110,395,283
28/03/1989 00:00,482,311,643,141,394,283
29/03/1989 00:00,482,306,638,113,416,294
30/03/1989 00:00,480,304,635,86,403,333
31/03/1989 00:00,480,302,632,91,400,308
01/04/1989 00:00,478,403.019836,632,83,405,298
02/04/1989 00:00,479,430.9958119,625,87,383,314
03/04/1989 00:00,478,383.5544168,620,115,413,275
04/04/1989 00:00,475,386.22071,618,120,425,298
05/04/1989 00:00,471,445.0728134,611,195,421,351
06/04/1989 00:00,470,425.4105529,611,177,416,322
07/04/1989 00:00,465,416.3321115,612,131,395,300
08/04/1989 00:00,462,403.8594843,611,120,387,275
09/04/1989 00:00,463,384.104227,598,118,394,271
10/04/1989 00:00,464,389.8627087,587,100,384,288
11/04/1989 00:00,461,381.3568146,584,98,387,284
12/04/1989 00:00,455,382.6961902,578,95,366,262
13/04/1989 00:00,452,348.2172667,573,94,391,253
14/04/1989 00:00,448,368.9438804,566,88,375,273
15/04/1989 00:00,442,357.30614,564,92,379,261
16/04/1989 00:00,435,376.6759663,559,105,369,275
17/04/1989 00:00,429,357.3566112,554,92,371,261
18/04/1989 00:00,423,362.8426666,551,126,373,257
19/04/1989 00:00,418,383.3687816,547,118,348,260
20/04/1989 00:00,412,342.293951,546,101,366,234
21/04/1989 00:00,404,336.0826425,535,131,388,255
22/04/1989 00:00,396,377.7884554,530,143,355,269
23/04/1989 00:00,391,382.711067,538,173,382,293
24/04/1989 00:00,386,401.7634268,538,195,365,284
25/04/1989 00:00,382,393.2277225,538,147,364,297
26/04/1989 00:00,383,391.3110864,541,111,360,305
27/04/1989 00:00,387,400.963185,542,114,378,346
28/04/1989 00:00,389,375.0014673,545,127,390,312
29/04/1989 00:00,388,384.6263753,556,129,371,283
30/04/1989 00:00,388,408.0894374,557,151,358,286
01/05/1989 00:00,395,331,554,125,361,268
02/05/1989 00:00,403,338,556,164,410,304
03/05/1989 00:00,406,342,561,125,432,379
04/05/1989 00:00,410,348,575,145,418,396
05/05/1989 00:00,414,350,592,132,390,348
06/05/1989 00:00,420,339,592,127,398,333
07/05/1989 00:00,427,350,595,131,428,372
08/05/1989 00:00,432,371,608,135,440,386
09/05/1989 00:00,440,382,619,125,471,443
10/05/1989 00:00,446,409,632,106,445,454
11/05/1989 00:00,456,430,638,116,496,409
12/05/1989 00:00,468,431,645,128,439,427
13/05/1989 00:00,478,452,652,158,412,368
14/05/1989 00:00,485,461,654,198,415,345
15/05/1989 00:00,491,468,651,127,448,342
16/05/1989 00:00,499,479,651,121,436,374
17/05/1989 00:00,504,466,653,129,415,357
18/05/1989 00:00,507,446,652,232,391,337
19/05/1989 00:00,508,423,648,300,368,285
20/05/1989 00:00,508,519.7592265,643,310,359,265
21/05/1989 00:00,508,510.5584454,637,319,369,268
22/05/1989 00:00,508,479.9208647,631,276,396,294
23/05/1989 00:00,505,469.0079037,621,258,406,315
24/05/1989 00:00,503,422.8074739,619,257,420,266
25/05/1989 00:00,500,431,622,218,450,316
26/05/1989 00:00,503,460,631,192,493,401
27/05/1989 00:00,508,498,638,150,465,436
28/05/1989 00:00,516,507,646,135,463,443
29/05/1989 00:00,524,519,651,134,443,389
30/05/1989 00:00,529,526,653,136,410,366
31/05/1989 00:00,535,518,654,135,381,321
01/06/1989 00:00,539,506,655,135,365,288
02/06/1989 00:00,541,482,655,138,383,276
03/06/1989 00:00,541,483,655,157,371,312
04/06/1989 00:00,540,485,655,193,385,353
05/06/1989 00:00,541,474,654,184,374,329
06/06/1989 00:00,544,458,654,196,371,305
07/06/1989 00:00,545,457,655,166,389,308
08/06/1989 00:00,543,481,652,142,420,353
09/06/1989 00:00,543,480,643,208,438,353
10/06/1989 00:00,544,477,644,270,389,360
11/06/1989 00:00,548,478,644,215,393,336
12/06/1989 00:00,548,469,646,335,390,341
13/06/1989 00:00,548,477,644,255,425,323
14/06/1989 00:00,550,483,644,255,415,352
15/06/1989 00:00,550,482,642,239,440,346
16/06/1989 00:00,550,467,640,195,447,384
17/06/1989 00:00,550,460,641,150,410,371
18/06/1989 00:00,550,459,642,220,393,322
19/06/1989 00:00,546,479.5536407,642,185,390,322
20/06/1989 00:00,544,498.0213112,635,199,368,317
21/06/1989 00:00,544,470.0141084,630,209,373,280
22/06/1989 00:00,544,466.7703661,627,200,377,290
23/06/1989 00:00,545,467.924669,625,215,378,287
24/06/1989 00:00,546,413.0424281,622,195,434,303
25/06/1989 00:00,546,464,616,185,420,326.7607645
26/06/1989 00:00,547,489.0964962,622,224,408,367
27/06/1989 00:00,548,458,631,190,397,338
28/06/1989 00:00,547,459,633,155,412,329
29/06/1989 00:00,546,457,631,139,415,340
30/06/1989 00:00,547,455,630,129,411,314
01/07/1989 00:00,547,450,635,135,383,307
02/07/1989 00:00,546,450,629,185,370,292
03/07/1989 00:00,544,448,624,159,359,282
04/07/1989 00:00,544,447,616,142,355,256
05/07/1989 00:00,544,449,608,152,337.2257144,238
06/07/1989 00:00,542,453,599,445,363,238
07/07/1989 00:00,538,472,590,300,355,287
08/07/1989 00:00,535,450,586,200,343,240
09/07/1989 00:00,535,469,591,180,405,241
10/07/1989 00:00,539,480,588,174,432,329
11/07/1989 00:00,540,469,592,140,437,352
12/07/1989 00:00,540,459,600,134,386,350
13/07/1989 00:00,538,455,596,128,350,276
14/07/1989 00:00,535,430.9550027,592,155,338,239
15/07/1989 00:00,534,471.6183781,590,238,324,236
16/07/1989 00:00,531,468.6398982,583,272,326,223
17/07/1989 00:00,525,425.787817,570,160,315,218
18/07/1989 00:00,517,394.8665562,547,139,321,218
19/07/1989 00:00,506,346.8299499,539,137,365,222
20/07/1989 00:00,499,369.3182314,532,150,356,245
21/07/1989 00:00,493,417.0219927,538,218,344,256
22/07/1989 00:00,492,490.9188617,544,360,326,256
23/07/1989 00:00,495,444,542,209,349,260
24/07/1989 00:00,499,455,536,160,340,254
25/07/1989 00:00,506,477,534,150,359,258
26/07/1989 00:00,513,490,534,180,367,267
27/07/1989 00:00,514,499,534,190,360,272
28/07/1989 00:00,516,505,540,160,350,266
29/07/1989 00:00,521,515,548,138,350,253
30/07/1989 00:00,525,504,553,110,345,287
31/07/1989 00:00,528,499,554,119,360,290
01/08/1989 00:00,527,491,554,129,360,288
02/08/1989 00:00,525,479,552,149,349,292
03/08/1989 00:00,526,480,555,110,355,267
04/08/1989 00:00,526,403.9153646,555,109,331,256
05/08/1989 00:00,526,403.9594623,552,105,331,262
06/08/1989 00:00,525,389.4442041,546,105,338,257
07/08/1989 00:00,519,387.8696217,541,125,343,257
08/08/1989 00:00,516,394.7698949,536,95,323,260
09/08/1989 00:00,513,386.16908,536,123,320,212.6607572
10/08/1989 00:00,510,414.6604835,539,190,318,208.7031704
11/08/1989 00:00,507,438.1664171,535,225,304,193.578141
12/08/1989 00:00,506,427.8717726,530,188,297,187.7557065
13/08/1989 00:00,505,434.5618876,531,199,295,185.7259936
14/08/1989 00:00,505,411.1818889,530,194,321,233
15/08/1989 00:00,503,398.8473945,530,180,327,231
16/08/1989 00:00,500,418.0120398,528,218,320,231
17/08/1989 00:00,501,411.5940479,527,175,320,247
18/08/1989 00:00,502,418.5632244,528,190,318,245
19/08/1989 00:00,500,424.2119281,529,154,306,255
20/08/1989 00:00,499,423.5072822,525,159,303,251
21/08/1989 00:00,497,432.2867175,536,151,300,252
22/08/1989 00:00,494,410.8555457,536,154,312,235
23/08/1989 00:00,491,400.0589976,535,132,319,243
24/08/1989 00:00,489,409.6097324,534,125,316,259
25/08/1989 00:00,487,410.4123956,534,119,328,283
26/08/1989 00:00,488,394.0883378,536,99,328,266
27/08/1989 00:00,490,389.516654,547,113,348,269
28/08/1989 00:00,489,394.9355929,549,110,363,301
29/08/1989 00:00,490,411.3973142,552,103,358,320
30/08/1989 00:00,494,472,569,115,420,366
31/08/1989 00:00,497,477,585,112,432,405
01/09/1989 00:00,504,487,602,140,389,372
02/09/1989 00:00,512,495,611,99,363,335
03/09/1989 00:00,521,497,627,88,360,311
04/09/1989 00:00,535,499,631,97,344,344
05/09/1989 00:00,543,499,636,120,370,313
06/09/1989 00:00,545,499,640,160,365,322
07/09/1989 00:00,550,461,637,153,364,354
08/09/1989 00:00,556,466,640,146,378,341
09/09/1989 00:00,561,497,644,158,379,339
10/09/1989 00:00,564,513,649,146,369,364
11/09/1989 00:00,567,516,652,120,372,340
12/09/1989 00:00,573,499,658,102,389,354
13/09/1989 00:00,577,515,658,94,429,375
14/09/1989 00:00,580,512,659,91,431,405
15/09/1989 00:00,584,521,670,90,392,414
16/09/1989 00:00,589,527,678,142,383,377
17/09/1989 00:00,593,523,688,242,371,354
18/09/1989 00:00,597,522,698,156,365,334
19/09/1989 00:00,599,516,692,111,375,376
20/09/1989 00:00,602,518,694,102,376,348
21/09/1989 00:00,606,522,696,117,377,367
22/09/1989 00:00,611,538,699,115,371,344
23/09/1989 00:00,618,552,709,104,395,379
24/09/1989 00:00,623,563,713,112,388,374
25/09/1989 00:00,627,566,719,126,428,389
26/09/1989 00:00,631,567,721,115,415,417
27/09/1989 00:00,634,568,724,122,473,384
28/09/1989 00:00,639,568,729,119,453,429
29/09/1989 00:00,644,567,733,124,483,453
30/09/1989 00:00,649,564,736,125,510,443.7024871
01/10/1989 00:00,652,557,741,131,438,434
02/10/1989 00:00,654,548,745,133,421,397
03/10/1989 00:00,657,547,749,137,419,385
04/10/1989 00:00,659,553,753,147,414,377
05/10/1989 00:00,663,551,757,189,416,357
06/10/1989 00:00,666,557,761,172,427,354
07/10/1989 00:00,668,553,761,121,398,351
08/10/1989 00:00,671,547,761,110,393,342
09/10/1989 00:00,672,550,760,122,397,331
10/10/1989 00:00,675,548,756,124,387,322
11/10/1989 00:00,678,550,755,143,393,207
12/10/1989 00:00,681,554,754,182,444,306
13/10/1989 00:00,684,561,755,143,453,426
14/10/1989 00:00,687,565,759,146,454,423
15/10/1989 00:00,690,566,760,148,449,431
16/10/1989 00:00,692,565,763,126,472,405
17/10/1989 00:00,695,567,766,111,470,417
18/10/1989 00:00,698,566,767,145,460,399
19/10/1989 00:00,699,563,768,232,482,407
20/10/1989 00:00,700,562,772,207,490,419
21/10/1989 00:00,702,560,773,135,461,394.5186749
22/10/1989 00:00,706,551,774,117,459,392.9134374
23/10/1989 00:00,707,548,777,107,438,397
24/10/1989 00:00,710,547,779,163,428,418
25/10/1989 00:00,711,553,783,137,423,407
26/10/1989 00:00,713,551,781,121,445,399
27/10/1989 00:00,714,552,781,116,470,417
28/10/1989 00:00,716,552,784,189,472,419
29/10/1989 00:00,718,548,785,172,490,437
30/10/1989 00:00,720,552,786,131,473.904949,444
31/10/1989 00:00,722,559,789,128,462.8887586,428
01/11/1989 00:00,724,564,791,130,466.647521,434
02/11/1989 00:00,728,568,794,121,485,432
03/11/1989 00:00,732,570,797,111,474,448
04/11/1989 00:00,734,573,799,149,471,454
05/11/1989 00:00,737,574,799,189,445,449
06/11/1989 00:00,739,572,801,127,438,428
07/11/1989 00:00,740,568,802,127,407,397
08/11/1989 00:00,743,558,806,108,390,356
09/11/1989 00:00,745,548,811,101,405,359
10/11/1989 00:00,748,541,812,106,428,349
11/11/1989 00:00,750,538,812,106,437,363
12/11/1989 00:00,752,538,812,115,406,364
13/11/1989 00:00,754,537,811,121,398,366
14/11/1989 00:00,754,535,809,142,391,357
15/11/1989 00:00,755,535,808,140,405,340
16/11/1989 00:00,756,553.9063965,803,105,402,304
17/11/1989 00:00,758,559.5800667,796,143,395,288
18/11/1989 00:00,758,606.0791064,788,278,408,314
19/11/1989 00:00,758,570.4750833,784,194,417,325
20/11/1989 00:00,757,581.5072195,782,137,394,342
21/11/1989 00:00,757,569.4922187,779,123,378,309
22/11/1989 00:00,756,561.8105872,771,163,402,321
23/11/1989 00:00,755,606.542539,761,233,380,329
24/11/1989 00:00,755,420,759,222,395,321
25/11/1989 00:00,754,433,762,148,380,330
26/11/1989 00:00,754,467,760,128,394,332
27/11/1989 00:00,752,475,759,113,390,335
28/11/1989 00:00,750,464,754,117,349,313
29/11/1989 00:00,748,436,751,127,351,289
30/11/1989 00:00,744,429,737,107,370,263
01/12/1989 00:00,742,425,729,106,365,289
02/12/1989 00:00,740,436,727,138,386,353
03/12/1989 00:00,738,456,733,122,406,360
04/12/1989 00:00,737,479,747,114,428,374
05/12/1989 00:00,737,498,754,110,423,397
06/12/1989 00:00,737,529,756,110,415,391
07/12/1989 00:00,737,540,757,99,415,383
08/12/1989 00:00,735,546,757,92,388,348
09/12/1989 00:00,734,546,756,87,366,305
10/12/1989 00:00,731,536,750,85,355,279
11/12/1989 00:00,728,529,740,94,380,286
12/12/1989 00:00,726,499,729,91,348,279
13/12/1989 00:00,724,484,723,87,330,248.5025134
14/12/1989 00:00,722,464,715,84,328,243.6482603
15/12/1989 00:00,720,430,703,84,327,237.5611772
16/12/1989 00:00,716,408,689,82,370.1091373,277.415866
17/12/1989 00:00,712,380,673,81,370.9467874,273.3926684
18/12/1989 00:00,707,353,659,78,371.758505,269.9928015
19/12/1989 00:00,702,387,645,76,366.5976041,266.4594372
20/12/1989 00:00,696,319,632,76,371.95824,263.6266051
21/12/1989 00:00,689,306,614,74,371.049055,259.3055186
22/12/1989 00:00,682,404.7248029,600,75,359.8156328,255.8945744
23/12/1989 00:00,672,394.3748458,587,74,359.4612071,253.3269676
24/12/1989 00:00,661,386.2053709,576,75,359.375462,251.4735901
25/12/1989 00:00,648,377.9550578,564,78,359.4452272,249.6041214
26/12/1989 00:00,637,368.2851707,550,81,359.3441215,246.9561659
27/12/1989 00:00,622,308,550,90,366.7634909,248.9616775
28/12/1989 00:00,616,322,564,113,369.6650192,254.0666242
29/12/1989 00:00,606,314,564,113,370.7868097,255.179887
30/12/1989 00:00,599,304,561,91,369.3723623,254.6084361
31/12/1989 00:00,590,301,559,84,368.9950504,254.8715702
01/01/1990 00:00,582,372.5739762,606.4599961,95,314.8941022,214.1633867
02/01/1990 00:00,574,374.4938124,602.7924796,101,315.12773,214.1399753
03/01/1990 00:00,563,368.3075768,596.6035834,85,313.6874535,213.2380455
04/01/1990 00:00,551,366.4558616,590.4879255,81,313.093578,212.7366764
05/01/1990 00:00,541,365.7620037,585.5018178,80,312.7681746,212.4025552
06/01/1990 00:00,531,364.7041866,580.4684498,78,312.3701314,212.0325683
07/01/1990 00:00,522,364.0433186,575.9762269,77,312.0700044,211.7282727
08/01/1990 00:00,512,367.716971,571.5572422,88,312.6162783,211.8245378
09/01/1990 00:00,503,364.1444295,566.6869372,79,311.735033,211.2333178
10/01/1990 00:00,496,369.008929,563.8913875,93,312.5750554,211.5266563
11/01/1990 00:00,489,380.0607346,561.8992621,124,314.6499541,212.4297088
12/01/1990 00:00,484,382.8074588,559.8079204,132,315.1046906,212.5675052
13/01/1990 00:00,479,368.084142,555.4480866,92,312.0727175,210.983756
14/01/1990 00:00,472,376.5882333,553.1251394,116,313.6391377,211.6357498
15/01/1990 00:00,464,382.1476614,549.9302255,132,314.5991633,211.9709937
16/01/1990 00:00,464,377.4161919,549.3158422,119,313.6548462,211.5047418
17/01/1990 00:00,462,366.4314366,546.9102652,89,311.4251,210.3691247
18/01/1990 00:00,460,362.725865,545.4498932,79,310.6481494,209.9508181
19/01/1990 00:00,456,361.1380688,543.2853132,75,310.2564848,209.6880537
20/01/1990 00:00,450,361.6680479,540.4165253,77,310.2501062,209.5808313
21/01/1990 00:00,440,362.0660676,535.5721983,79,310.1426222,209.3543067
22/01/1990 00:00,433,368.0224447,532.9184294,96,311.2005639,209.7552417
23/01/1990 00:00,423,366.6006684,527.8378012,93,310.729881,209.3493895
24/01/1990 00:00,413,366.9986881,522.9934743,95,310.6223969,209.1228648
25/01/1990 00:00,404,364.8819833,518.3122103,90,310.0317107,208.6751069
26/01/1990 00:00,393,379.4414214,514.8171484,131,312.7319018,209.8175125
27/01/1990 00:00,383,417.6911963,514.8878875,237,320.178955,213.3210033
28/01/1990 00:00,373,374.7780729,504.4195907,120,311.4273369,208.8264801
29/01/1990 00:00,361,369.650725,497.8785905,107,310.1797034,208.0023213
30/01/1990 00:00,352,363.16651,492.6302036,90,308.7173398,207.124177
31/01/1990 00:00,345,360.0239075,488.7949284,82,307.959287,206.6284738
01/02/1990 00:00,336,309.8691948,472.7144642,88,311.2071374,202.6701749
02/02/1990 00:00,326,314.2707655,468.3900001,101,311.898691,202.8381712
03/02/1990 00:00,316,339.4180098,466.7593702,171,316.7307121,205.0505028
04/02/1990 00:00,308,321.3200908,460.4925399,122,312.9691519,203.0544871
05/02/1990 00:00,297,320.593243,455.0125475,121,312.6184721,202.6905402
06/02/1990 00:00,291,360.7947734,457.2951269,232,320.5298297,206.492661
07/02/1990 00:00,292,331.3470692,453.9609313,151,314.6712838,203.6173784
08/02/1990 00:00,306,323.8018253,459.8355922,129,313.4270776,203.2458946
09/02/1990 00:00,328,322.3438474,470.4174951,123,313.5473189,203.6868641
10/02/1990 00:00,347,369.7812978,508.3602653,125,360.9169845,276
11/02/1990 00:00,356,383.5268289,516.6734274,150,367.3725379,283
12/02/1990 00:00,357,321.8447169,484.5511117,119,313.9897743,204.4083436
13/02/1990 00:00,356,316.3523392,483.3483232,104,312.8749012,203.840535
14/02/1990 00:00,354,313.7386452,482.0297319,97,312.31587,203.5298251
15/02/1990 00:00,353,316.6173288,481.9139292,105,312.8717119,203.7869238
16/02/1990 00:00,349,321.2168387,480.5527734,118,313.7149236,204.1338734
17/02/1990 00:00,342,313.7067259,476.1503752,98,312.0851934,203.2077837
18/02/1990 00:00,331,329.3580415,472.7970941,142,315.0033039,204.457786
19/02/1990 00:00,320,335.007962,470.0130586,148,319.0451137,208
20/02/1990 00:00,309,332.896083,468.2938726,121,324.9996469,221
21/02/1990 00:00,302,319.2966037,457.6444785,115,313.0415467,203
22/02/1990 00:00,298,326.2393474,462.3470089,102,323.9717469,222
23/02/1990 00:00,296,333.7364387,465.6757062,104,330.9997291,233
24/02/1990 00:00,298,325.9640614,464.1300259,91,326.954485,228
25/02/1990 00:00,298,322.280133,462.7422848,86,324.7003982,225
26/02/1990 00:00,301,320.7723884,463.4090522,85,323.4429957,223
27/02/1990 00:00,301,293.6891963,446.85782,84,296.2676304,180
28/02/1990 00:00,298,283.1776865,439.4771855,81,286.5194429,165
01/03/1990 00:00,404.8712328,411.8312753,523.2786468,82,267,170.993375
02/03/1990 00:00,425.8759845,374.1247172,507.4716744,129,275,171
03/03/1990 00:00,420.6386203,388.0040693,511.2566028,142,275,186
04/03/1990 00:00,421.7838148,378.8954811,510.2814456,123,276,184
05/03/1990 00:00,420.0341697,350.8676741,509.3330132,109,296,179
06/03/1990 00:00,410.7149579,335.949543,513.505969,104,319,195
07/03/1990 00:00,407.4793316,371.5624593,518.3015925,97,296,220
08/03/1990 00:00,413.0936528,344.3525752,512.976928,97,308,195
09/03/1990 00:00,408.1980852,385.6388571,518.2061971,136,293,215
10/03/1990 00:00,415.9906114,414.5140863,514.345302,221,279,189
11/03/1990 00:00,401.3453153,457.8877754,526.5201589,198,263,162.8414192
12/03/1990 00:00,426.9423224,412.282163,508.5947844,192,259,170
13/03/1990 00:00,427.8949406,366.9917673,505.4153908,146,281,159
14/03/1990 00:00,421.4474653,399.6479262,510.6895919,192,276,177
15/03/1990 00:00,426.1951127,409.4045483,508.4149204,210,266,166
16/03/1990 00:00,425.0708989,404.5059223,509.5501638,167,262,177
17/03/1990 00:00,424.7226881,366.9666329,507.3466218,139,284,168
18/03/1990 00:00,420.2116036,347.1922078,508.6928018,121,301,174
19/03/1990 00:00,383.462404,166,486.2041192,162,339,252
20/03/1990 00:00,396.2283025,199,484.0062325,123,295,245
21/03/1990 00:00,407.4454172,191,478.1241191,116,290,213
22/03/1990 00:00,408.5846075,197,481.6496047,113,305,201
23/03/1990 00:00,410.542324,226,483.6821909,109,282,211
24/03/1990 00:00,408.3367001,224,491.5608011,108,328,190
25/03/1990 00:00,377.9041128,229,500.4699723,123,319,290
26/03/1990 00:00,382.9835274,245,503.7034619,152,338,260
27/03/1990 00:00,376.2799468,248,509.2935091,162,358,268
28/03/1990 00:00,374.8406538,276,518.0578632,121,358,279
29/03/1990 00:00,375.0722132,269,518.2896706,109,365,275
30/03/1990 00:00,382.8125567,241,503.559258,99,324,275
31/03/1990 00:00,403.4716745,221,490.8584208,100,315,214
01/04/1990 00:00,334,199,486,90,321,203.754922
02/04/1990 00:00,328,185,478,98,316,236
03/04/1990 00:00,321,185,463,89,369,232
04/04/1990 00:00,313,184,461,87,373,269
05/04/1990 00:00,308,189,469,142,358,298
06/04/1990 00:00,307,202,501,224,387,298
07/04/1990 00:00,312,227,521,174,380,330
08/04/1990 00:00,322,241,527,134,365,305
09/04/1990 00:00,339,222,529,116,351,271
10/04/1990 00:00,347,189,530,121,336,251
11/04/1990 00:00,347,183,518,139,327,235
12/04/1990 00:00,343,181,504,130,329,223
13/04/1990 00:00,336,187,502,117,347,233
14/04/1990 00:00,331,192,501,117,339,232
15/04/1990 00:00,326,183,490,180,344,253
16/04/1990 00:00,322,188,489,142,340,269
17/04/1990 00:00,318,229,486,140,371,328
18/04/1990 00:00,320,255,492,120,374,313
19/04/1990 00:00,327,255,510,119,356,325
20/04/1990 00:00,337,257,522,112,362,288
21/04/1990 00:00,346,249,528,113,389,290
22/04/1990 00:00,352,264,527,113,373,326
23/04/1990 00:00,356,313,530,114,385,316
24/04/1990 00:00,362,313,546,193,414,342
25/04/1990 00:00,372,313,542,186,451,383
26/04/1990 00:00,382,324,558,169,465,433
27/04/1990 00:00,387,333,586,130,483,422
28/04/1990 00:00,396,359,612,117,438,408
29/04/1990 00:00,412,372,621,156,440,426
30/04/1990 00:00,424,390,633,137,418,403
01/05/1990 00:00,435,398,643,134,480,395
02/05/1990 00:00,446,423,650,170,453,429
03/05/1990 00:00,455,439,659,153,449,424
04/05/1990 00:00,463,442,670,129,455,420
05/05/1990 00:00,474,445,678,141,473,443
06/05/1990 00:00,484,459,683,146,468,436
07/05/1990 00:00,492,465,687,135,480,437
08/05/1990 00:00,500,459,691,187,459,429
09/05/1990 00:00,507,462,697,282,422,409
10/05/1990 00:00,510,469,704,191,406,368
11/05/1990 00:00,516,468,706,186,450,358
12/05/1990 00:00,522,474,705,187,431,405
13/05/1990 00:00,527,468,708,177,425,354
14/05/1990 00:00,530,460,710,207,452,376
15/05/1990 00:00,535,457,709,173,447,415
16/05/1990 00:00,539,456,710,170,424,390
17/05/1990 00:00,542,447,711,164,422,365
18/05/1990 00:00,544,424,710,148,388,366
19/05/1990 00:00,546,409,709,205,367,319
20/05/1990 00:00,547,422,709,245,360,292
21/05/1990 00:00,549,439,705,192,352,278
22/05/1990 00:00,549,381,700,259,364,284
23/05/1990 00:00,549,394,691,265,337,287
24/05/1990 00:00,549,389,687,225,343,267
25/05/1990 00:00,548,385,681,174,387,254
26/05/1990 00:00,548,431,672,186,376,313
27/05/1990 00:00,548,440,670,180,390,305
28/05/1990 00:00,551,452,676,141,367,317
29/05/1990 00:00,555,457,674,126,376,303
30/05/1990 00:00,557,479,675,147,364,330
31/05/1990 00:00,559,495,678,128,343,303
01/06/1990 00:00,561,478,678,123,357,268
02/06/1990 00:00,564,464,669,149,357,265
03/06/1990 00:00,564,442,662,121,333,278
04/06/1990 00:00,560,422,660,147,317,249
05/06/1990 00:00,557,450,653,228,333,238
06/06/1990 00:00,555,435,640,166,307,277
07/06/1990 00:00,553,398,628,145,302,249
08/06/1990 00:00,551,371,628,140,297,227
09/06/1990 00:00,548,347,620,139,293,217
10/06/1990 00:00,542,350,603,200,321,215
11/06/1990 00:00,539,377,591,377,359,210
12/06/1990 00:00,537,422,591,252,336,290
13/06/1990 00:00,535,427,598,214,344,280
14/06/1990 00:00,536,436,616,199,374,268
15/06/1990 00:00,537,441,612,207,395,313
16/06/1990 00:00,537,461,622,243,418,325
17/06/1990 00:00,538,482,637,333,401,350
18/06/1990 00:00,543,485,650,243,355,318
19/06/1990 00:00,545,478,655,217,356,283
20/06/1990 00:00,549,457,650,205,371,277
21/06/1990 00:00,549,453,641,214,378,274
22/06/1990 00:00,547,417,633,236,371,287
23/06/1990 00:00,543,390,627,208,343,273
24/06/1990 00:00,540,382,624,203,336,254
25/06/1990 00:00,537,420,611,202,320,219.4829787
26/06/1990 00:00,537,402,599,196,318,254
27/06/1990 00:00,537,353,587,228,314,249
28/06/1990 00:00,536,302,572,230,315,226
29/06/1990 00:00,530,410,560,203,304,227
30/06/1990 00:00,526,314,572,215,320,222
01/07/1990 00:00,521,327,547,185,309,218
02/07/1990 00:00,516,344,538,177,319,204
03/07/1990 00:00,510,345,534,234,325,235
04/07/1990 00:00,506,341,526,297,297,228
05/07/1990 00:00,501,347,526,246,310,203
06/07/1990 00:00,496,358,528,219,331,236
07/07/1990 00:00,494,364,523,202,358,256
08/07/1990 00:00,490,364,527,152,388,291
09/07/1990 00:00,488,365,540,135,392,323
10/07/1990 00:00,487,364,556,135,380,315
11/07/1990 00:00,486,366,570,217,362,322
12/07/1990 00:00,489,371,578,288,359,303
13/07/1990 00:00,494,379,578,228,366,297
14/07/1990 00:00,496,379,572,178,344,289
15/07/1990 00:00,496,374,570,145,350,258
16/07/1990 00:00,497,397,570,135,341,265
17/07/1990 00:00,499,435,564,149,322,278
18/07/1990 00:00,501,452,566,136,341,244
19/07/1990 00:00,506,468,567,125,377,268
20/07/1990 00:00,511,477,563,131,362,325
21/07/1990 00:00,512,467,571,121,362,288
22/07/1990 00:00,513,442,578,112,373,284
23/07/1990 00:00,512,429,575,242,330,297
24/07/1990 00:00,509,415,578,196,338,251
25/07/1990 00:00,510,417,574,121,322,247
26/07/1990 00:00,510,389,568,116,332,237
27/07/1990 00:00,509,384,566,109,320,230
28/07/1990 00:00,507,367,557,119,308,217
29/07/1990 00:00,503,367,553,225,304,212
30/07/1990 00:00,499,340,542,338,296,210
31/07/1990 00:00,496,321,532,192,295,204
01/08/1990 00:00,491,335,546.2034163,142,305,192
02/08/1990 00:00,484,309,549.1216886,118,330,203
03/08/1990 00:00,480,290,545.1124791,117,311,233
04/08/1990 00:00,474,284,528.2525467,155,297,205
05/08/1990 00:00,463,296,521.4953292,171,297,192
06/08/1990 00:00,458,330,522.3713658,144,289,186
07/08/1990 00:00,453,267,506.0076874,153,287,184
08/08/1990 00:00,444,273,504.0593244,123,278,197
09/08/1990 00:00,434,317,504.3201528,138,276,187
10/08/1990 00:00,429,322,498.5960304,369,284,183
11/08/1990 00:00,428,343,507.3974285,287,287,191
12/08/1990 00:00,432,359,514.569209,175,287,188
13/08/1990 00:00,433,340,523.0270362,143,317,193
14/08/1990 00:00,433,349,521.151648,170,298,205
15/08/1990 00:00,430,408,532.1031537,139,292,212
16/08/1990 00:00,433,408,542.7499193,122,316,216
17/08/1990 00:00,441,406,555.4816797,125,332,232
18/08/1990 00:00,447,408,558.56758,110,322,242
19/08/1990 00:00,447,386,550.7317368,133,309,247
20/08/1990 00:00,447,370,538.4464844,134,301,222
21/08/1990 00:00,446,347,526.4265199,189,295,208
22/08/1990 00:00,444,320,515.1309381,236,293,196
23/08/1990 00:00,440,293,501.4386213,320,283,192
24/08/1990 00:00,430,285,499.5389425,225,293,188
25/08/1990 00:00,422,281,494.9901624,145,288,187
26/08/1990 00:00,413,269,481.7218466,122,266,187
27/08/1990 00:00,402,264,480.0541097,114,284,182
28/08/1990 00:00,395,297,496.6454504,113,316,194
29/08/1990 00:00,393,318,508.414884,157,321,225
30/08/1990 00:00,399,332,514.2901445,140,304,245
31/08/1990 00:00,405,354,523.4716798,125,320,231
01/09/1990 00:00,412,359,535.3625163,111,326,251
02/09/1990 00:00,423,371,543.2485198,111,324,254
03/09/1990 00:00,438,367,546.6256827,111,328,237
04/09/1990 00:00,441,387,561.6560552,163,336,269
05/09/1990 00:00,445,403,558.5785202,165,309,271
06/09/1990 00:00,451,381,539.7851425,129,283,233
07/09/1990 00:00,455,379,544.7652956,109,301,222
08/09/1990 00:00,455,378,547.2517075,124,317,214
09/09/1990 00:00,456,385,556.5919178,122,336,219
10/09/1990 00:00,457,405,560.719491,167,315,248
11/09/1990 00:00,456,422,557.0545965,140,303,235
12/09/1990 00:00,459,421,554.965432,151,308,217
13/09/1990 00:00,461,410,573.6289354,158,355,236
14/09/1990 00:00,466,404,586.1764416,126,365,264
15/09/1990 00:00,468,420,590.6420784,220,328,320
16/09/1990 00:00,469,423,591.8468121,161,310,337
17/09/1990 00:00,471,397,566.2756437,129,292,274
18/09/1990 00:00,475,369,546.863854,110,294,209
19/09/1990 00:00,475,356,535.0843352,100,280,190
20/09/1990 00:00,472,345,521.5240808,102,255,183
21/09/1990 00:00,469,342,517.185637,105,253,177
22/09/1990 00:00,465,363,545.1371686,100,314,200
23/09/1990 00:00,463,367,561.9472587,100,328,248
24/09/1990 00:00,466,369,562.8456006,115,310,268
25/09/1990 00:00,468,371,561.7766118,130,323,244
26/09/1990 00:00,469,366,561.6609628,135,306,267
27/09/1990 00:00,472,341,560.2490132,107,333,239
28/09/1990 00:00,475,328,557.6832756,107,318,252
29/09/1990 00:00,480,355,562.1472435,100,303,257
30/09/1990 00:00,481,365,559.021435,100,288,254
01/10/1990 00:00,484,345,532,85,325,227
02/10/1990 00:00,486,361,525,99,325,243
03/10/1990 00:00,486,376,522,107,350,264
04/10/1990 00:00,489,441,533,98,335,308
05/10/1990 00:00,494,430,568,104,323,278
06/10/1990 00:00,500,435,562,97,360,279
07/10/1990 00:00,507,443,560,112,359,314
08/10/1990 00:00,512,453,570,177,395,317
09/10/1990 00:00,519,463,587,133,428,402
10/10/1990 00:00,524,473,618,104,390,382
11/10/1990 00:00,532,478,631,107,413,366
12/10/1990 00:00,544,489,638,112,415,369
13/10/1990 00:00,551,492,641,120,480,392
14/10/1990 00:00,557,505,650,120,415,428
15/10/1990 00:00,564,516,662,150,425,432
16/10/1990 00:00,571,519,667,108,429,400
17/10/1990 00:00,579,523,674,107,429,403
18/10/1990 00:00,585,518,681,119,425,398
19/10/1990 00:00,593,513,686,118,413,386
20/10/1990 00:00,598,508,690,112,408,348
21/10/1990 00:00,602,492,692,112,465,390
22/10/1990 00:00,604,502,695,200,485,424
23/10/1990 00:00,609,516,700,153,480,433
24/10/1990 00:00,612,529,707,147,445,405
25/10/1990 00:00,618,536,711,179,421,386
26/10/1990 00:00,622,538,717,123,435,380
27/10/1990 00:00,625,543,721,108,405,383
28/10/1990 00:00,630,547,728,103,442,373
29/10/1990 00:00,633,548,747,100,452,410
30/10/1990 00:00,636,547,752,103,452,408
31/10/1990 00:00,640,549,758,100,482,420
01/11/1990 00:00,643,553,762,115,455,433
02/11/1990 00:00,647,550,768,134,413,400
03/11/1990 00:00,651,555,774,114,451,373
04/11/1990 00:00,653,559,780,127,466,375
05/11/1990 00:00,662,560,781,125,492,423
06/11/1990 00:00,661,562,786,124,468,442
07/11/1990 00:00,663,563,791,107,474,468
08/11/1990 00:00,668,564,794,95,440,445
09/11/1990 00:00,670,565,796,95,422,410
10/11/1990 00:00,672,565,799,148,417,374
11/11/1990 00:00,676,560,802,145,400,376
12/11/1990 00:00,679,551,802,106,371,340
13/11/1990 00:00,681,534,804,97,360,303
14/11/1990 00:00,684,519,803,104,376,279
15/11/1990 00:00,686,496,798,125,367,305
16/11/1990 00:00,687,491,791,156,360,297
17/11/1990 00:00,688,475,788,114,354,293
18/11/1990 00:00,690,464,779,111,364,289
19/11/1990 00:00,693,470,776,177,387,343
20/11/1990 00:00,694,477,777,143,383,339
21/11/1990 00:00,696,485,781,127,394,303
22/11/1990 00:00,697,475,776,106,389,324
23/11/1990 00:00,699,488,770,121,365,308
24/11/1990 00:00,699,493,768,140,370,291
25/11/1990 00:00,700,478,761,110,388,298
26/11/1990 00:00,702,475,754,119,424,289
27/11/1990 00:00,702,471,750,117,397,333
28/11/1990 00:00,701,467,749,112,387,308
29/11/1990 00:00,700,467,752,105,398,300
30/11/1990 00:00,701,479,746,98,397,346
01/12/1990 00:00,703,499,746.6968398,100,373,352
02/12/1990 00:00,703,499,729.1504578,93,364,295
03/12/1990 00:00,704,492,733.0220945,138,384,293
04/12/1990 00:00,705,494,752.4001105,127,418,321
05/12/1990 00:00,705,499,768.5822304,139,433,362
06/12/1990 00:00,706,513,781.7785533,123,444,385
07/12/1990 00:00,707,536,799.4979452,122,476,394
08/12/1990 00:00,708,550,812.7751099,118,489,416
09/12/1990 00:00,710,536,808.3976451,128,464,438
10/12/1990 00:00,711,570,804.9102,98,442,421
11/12/1990 00:00,712,573,788.2383289,89,433,363
12/12/1990 00:00,712,572,778.5839266,107,405,363
13/12/1990 00:00,712,566,771.7169187,97,389,360
14/12/1990 00:00,712,550,747.1228626,83,382,285
15/12/1990 00:00,712,546,734.1154984,81,356,270
16/12/1990 00:00,712,484,704.1709445,111,340,225
17/12/1990 00:00,712,453,674.9937763,121,338,140
18/12/1990 00:00,710,437,666.7413563,117,329,135
19/12/1990 00:00,707,411,658.2165858,127,332,125
20/12/1990 00:00,705,380,653.1975832,132,339,125
21/12/1990 00:00,702,361,686.8274619,147,330,227.5459924
22/12/1990 00:00,698,337,681.1340243,106,330,227.9213997
23/12/1990 00:00,693,322,671.829051,107,318,213.113068
24/12/1990 00:00,687,309,669.5332157,107,328,222.0785223
25/12/1990 00:00,680,298,669.3174678,123,346,238.462866
26/12/1990 00:00,673,285,657.4369616,114,327,217.3092578
27/12/1990 00:00,663,289,666.0635951,133,368,259.8773923
28/12/1990 00:00,655,292,646.2779629,121,370,220
29/12/1990 00:00,646,327,648.0873021,112,358,231
30/12/1990 00:00,637,332,651.1813786,101,332,229.8343788
31/12/1990 00:00,631,311,645.6940714,139,340,232.4024898
01/01/1991 00:00,625,298,593,125,333,217.3731997
02/01/1991 00:00,615,304,582,115,364,249.2738903
03/01/1991 00:00,605,314,569,116,391,170
04/01/1991 00:00,596,293,566,100,362,246.3251576
05/01/1991 00:00,589,286,568,88,372,257.6024652
06/01/1991 00:00,582,277,572,82,382,188
07/01/1991 00:00,572,273,577,78,386,209
08/01/1991 00:00,564,275,570,90,369,258
09/01/1991 00:00,556,265,569,80,365,272
10/01/1991 00:00,548,258,568,74,354,231
11/01/1991 00:00,538,245,560,71,349,234.24442
12/01/1991 00:00,530,244,555,81,327,210.8401702
13/01/1991 00:00,523,238,548,74,307,189.9622189
14/01/1991 00:00,513,229,531,71,312,192.4974947
15/01/1991 00:00,497,226,517,73,310,189.0421879
16/01/1991 00:00,489,227,501,72,296,173.1245761
17/01/1991 00:00,478,229,494,77,291,167.5873788
18/01/1991 00:00,467,229,484,77,291,166.863069
19/01/1991 00:00,453,227,477,77,303,178.8161803
20/01/1991 00:00,442,222,466,84,314,188.0372753
21/01/1991 00:00,430,227,455,85,316,189.6737013
22/01/1991 00:00,416,227,456,74,311,186.7164684
23/01/1991 00:00,400,226,461,70,294,171.6947022
24/01/1991 00:00,390,225,462,70,288,166.4272366
25/01/1991 00:00,380,229,452,69,280,157.9840324
26/01/1991 00:00,372,228,440,70,290,166.6856385
27/01/1991 00:00,364,223,428,69,288,162.9789556
28/01/1991 00:00,352,219,417,70,273,146.4789407
29/01/1991 00:00,338,213,410,69,259,131.7367941
30/01/1991 00:00,327,205,408,69,253,125.3871186
31/01/1991 00:00,317,203,403,69,251,123.1418773
01/02/1991 00:00,307,297.4349066,382,70,253,131.8708633
02/02/1991 00:00,294,295.7601543,375,70,249,127.5444147
03/02/1991 00:00,282,292.0232673,367,69,246,123.878004
04/02/1991 00:00,269,290.1707335,355,76,241,117.1700287
05/02/1991 00:00,260,280.3628153,352,75,248,123.6056154
06/02/1991 00:00,251,218.220629,346,70,249,114
07/02/1991 00:00,246,191.1001265,341,70,270,110
08/02/1991 00:00,241,203.9956727,339,70,271,135
09/02/1991 00:00,234,192.5195942,342,71,285,135
10/02/1991 00:00,229,232.7873435,347,70,272,174
11/02/1991 00:00,227,233.2934182,355,71,269,160
12/02/1991 00:00,227,232.2257509,358,77,267,148
13/02/1991 00:00,229,232.4315952,373,73,271,139
14/02/1991 00:00,231,224.6050093,364,71,274,143
15/02/1991 00:00,235,219.6795688,367,71,282,144
16/02/1991 00:00,237,191.9638905,364,70,310,148
17/02/1991 00:00,234,225.7173699,362,69,316,215
18/02/1991 00:00,230,256.5953554,366,70,288,215
19/02/1991 00:00,227,253.8633588,394,76,307,204
20/02/1991 00:00,229,278.4154345,415,69,286,189
21/02/1991 00:00,235,261.5930662,403,69,281,168
22/02/1991 00:00,242,218.4269066,394,69,315,163
23/02/1991 00:00,241,240.3731216,395,70,314,195
24/02/1991 00:00,237,282.0533925,383,104,284,209
25/02/1991 00:00,234,308.49203,379,202,272,180
26/02/1991 00:00,232,323.0900222,400,220,267,160
27/02/1991 00:00,235,290.8435687,387,170,264,148
28/02/1991 00:00,242,249.2501947,371,118,272,143
01/03/1991 00:00,241,205,373,123,287,148
02/03/1991 00:00,237,211,351,119,286,183
03/03/1991 00:00,222,215,353,120,271,192
04/03/1991 00:00,215,223,365,107,291,182
05/03/1991 00:00,215,232,380,108,307,207
06/03/1991 00:00,226,244,388,113,320,243
07/03/1991 00:00,239,246,409,120,325,235
08/03/1991 00:00,249,247,452,124,345,233
09/03/1991 00:00,262,251,454,118,344,250
10/03/1991 00:00,277,258,459,123,375,261
11/03/1991 00:00,287,265,472,126,348,307
12/03/1991 00:00,291,267,483,101,356,327
13/03/1991 00:00,300,275,495,84,364,305
14/03/1991 00:00,317,278,516,86,379,315
15/03/1991 00:00,333,266,525,121,389,308
16/03/1991 00:00,344,258,526,100,373,313
17/03/1991 00:00,348,248,520,94,357,304
18/03/1991 00:00,349,227,523,84,352,275
19/03/1991 00:00,348,222,516,87,322,253
20/03/1991 00:00,345,216,504,77,297,239
21/03/1991 00:00,339,213,492,72,295,200
22/03/1991 00:00,330,210,467,74,289,198
23/03/1991 00:00,319,209,440,75,285,190
24/03/1991 00:00,304,213,419,82,282,158.0220867
25/03/1991 00:00,285,220,405,92,289,164.2643043
26/03/1991 00:00,270,223,391,134,312,183.4481637
27/03/1991 00:00,260,226,385,147,338,258
28/03/1991 00:00,244,229,383,106,378,296
29/03/1991 00:00,241,231,394,114,386,322
30/03/1991 00:00,248,231,405,109,396,312
31/03/1991 00:00,266,230,415,101,396,325
01/04/1991 00:00,281,222,478,126,389,340
02/04/1991 00:00,294,217,480,95,383,311
03/04/1991 00:00,304,212,493,114,367,303
04/04/1991 00:00,308,208,494,96,348,292
05/04/1991 00:00,312,209,491,89,345,262
06/04/1991 00:00,312,210,484,82,328,249
07/04/1991 00:00,311,212,471,83,336,238
08/04/1991 00:00,307,213,458,89,319,254
09/04/1991 00:00,299,216,449,136,333,240
10/04/1991 00:00,293,218,451,125,366,285
11/04/1991 00:00,291,224,449,117,339,310
12/04/1991 00:00,292,228,472,102,350,358
13/04/1991 00:00,294,232,491,110,383,373
14/04/1991 00:00,304,257,491,119,393,348
15/04/1991 00:00,318,277,503,157,409,283
16/04/1991 00:00,332,286,532,184,391,363
17/04/1991 00:00,342,289,538,117,416,335
18/04/1991 00:00,353,292,540,128,400,342
19/04/1991 00:00,362,281,541,115,400,337
20/04/1991 00:00,367,279,545,106,402,331
21/04/1991 00:00,368,296,556,128,402,319
22/04/1991 00:00,371,313,560,150,382,295
23/04/1991 00:00,375,313,558,163,353,293
24/04/1991 00:00,382,252,554,172,343,273
25/04/1991 00:00,385,305,547,155,326,256
26/04/1991 00:00,384,287,536,129,322,216
27/04/1991 00:00,380,258,530,112,321,231
28/04/1991 00:00,377,252,523,119,329,250
29/04/1991 00:00,370,252,513,130,351,259
30/04/1991 00:00,364,268,508,104,382,287
01/05/1991 00:00,361,282,509,99,382,319
02/05/1991 00:00,361,279,512,100,429,325
03/05/1991 00:00,363,309,528,112,417,389
04/05/1991 00:00,366,305,543,150,422,364
05/05/1991 00:00,376,316,569,142,451,399
06/05/1991 00:00,384,335,588,140,485,415
07/05/1991 00:00,394,351,602,117,430,419
08/05/1991 00:00,404,354,609,114,396,371
09/05/1991 00:00,414,351,614,106,364,329
10/05/1991 00:00,424,328,611,147,348,297
11/05/1991 00:00,429,332,602,185,345,256
12/05/1991 00:00,431,323,593,135,353,268
13/05/1991 00:00,431,324,585,119,347,295
14/05/1991 00:00,431,342,586,145,348,298
15/05/1991 00:00,431,355,586,143,333,294
16/05/1991 00:00,432,369,580,124,328,298
17/05/1991 00:00,436,429,578,111,333,263
18/05/1991 00:00,443,453,577,135,371,322
19/05/1991 00:00,449,463,580,118,417,374
20/05/1991 00:00,456,473,596,122,416,397
21/05/1991 00:00,463,479,615,117,449,394
22/05/1991 00:00,472,485,630,170,463,408
23/05/1991 00:00,481,492,641,135,488,400
24/05/1991 00:00,490,495,650,138,512,410
25/05/1991 00:00,497,499,657,130,456,414
26/05/1991 00:00,502,486,662,118,405,395
27/05/1991 00:00,507,483,666,111,399,350
28/05/1991 00:00,511,456,666,98,413,331
29/05/1991 00:00,513,435,663,111,376,328
30/05/1991 00:00,515,482,659,120,349,299
31/05/1991 00:00,519,423,655,147,344,299
01/06/1991 00:00,517,417,647,141,358,281
02/06/1991 00:00,514,414,643,112,354,286
03/06/1991 00:00,514,408,638,101,382,282
04/06/1991 00:00,513,388,632,101,397,305
05/06/1991 00:00,513,376,626,125,403,297
06/06/1991 00:00,509,373,629,114,384,334
07/06/1991 00:00,506,375,632,108,399,326
08/06/1991 00:00,507,365,632,125,374,332
09/06/1991 00:00,508,355,632,189,356,311
10/06/1991 00:00,507,347,632,214,334,283
11/06/1991 00:00,505,322,619,160,333,240
12/06/1991 00:00,502,314,603,110,335,241
13/06/1991 00:00,495,284,587,98,342,238
14/06/1991 00:00,488,272,580,107,338,240
15/06/1991 00:00,482,278,568,117,342,243
16/06/1991 00:00,477,290,560,144,370,242
17/06/1991 00:00,473,333,558,124,375,305
18/06/1991 00:00,471,339,565,114,352,293
19/06/1991 00:00,469,353,578,90,355,263
20/06/1991 00:00,471,373,576,102,339,269
21/06/1991 00:00,473,366,568,95,348,290
22/06/1991 00:00,474,367,567,138,346,268
23/06/1991 00:00,473,367,562,169,355,260
24/06/1991 00:00,471,360,555,224,358,260
25/06/1991 00:00,470,355,553,239,354,279
26/06/1991 00:00,466,359,546,154,369,274
27/06/1991 00:00,463,366,549,152,371,279
28/06/1991 00:00,463,376,546,171,374,283
29/06/1991 00:00,463,391,558,312,363,293
30/06/1991 00:00,464,405,567,320,403,313
01/07/1991 00:00,465,405,574,302,395,318
02/07/1991 00:00,470,383,575,234,388,305
03/07/1991 00:00,473,361,576,172,392,299
04/07/1991 00:00,473,348,578,145,405,292
05/07/1991 00:00,470,368,576,142,387,313
06/07/1991 00:00,468,388,582,173,386,303
07/07/1991 00:00,471,418,586,265,383,279.23097
08/07/1991 00:00,472,441,586,270,387,294
09/07/1991 00:00,475,454,585,199,381,309
10/07/1991 00:00,480,449,592,223,388,321
11/07/1991 00:00,487,433,589,245,356,308
12/07/1991 00:00,485,411,585,218,345,265
13/07/1991 00:00,487,382,577,196,363,265
14/07/1991 00:00,484,364,569,179,346,270
15/07/1991 00:00,482,364,565,281,343,260
16/07/1991 00:00,480,352,559,243,340,240
17/07/1991 00:00,476,354,550,231,344,251
18/07/1991 00:00,470,362,545,210,355,242
19/07/1991 00:00,468,370,539,267,366,242
20/07/1991 00:00,468,362,533,230,335,240
21/07/1991 00:00,465,342,532,215,337,221.1377663
22/07/1991 00:00,462,359,531,165,341,230.9974325
23/07/1991 00:00,459,365,522,201,340,226.4765491
24/07/1991 00:00,457,348,517,221,340,222.5514248
25/07/1991 00:00,456,323,511,168,332,215.4068298
26/07/1991 00:00,448,306,502,182,336,215.8593473
27/07/1991 00:00,441,289,501,165,349,229.1321905
28/07/1991 00:00,431,273,497,219,348,222.3008508
29/07/1991 00:00,422,270,490,267,357,226.8381043
30/07/1991 00:00,416,267,486,165,349,253
31/07/1991 00:00,409,289,484,208,358,251
01/08/1991 00:00,404,345,484,250,394,266
02/08/1991 00:00,413,386,506,220,385,311
03/08/1991 00:00,424,400,520,179,401,309
04/08/1991 00:00,436,400,535,154,392,314
05/08/1991 00:00,447,399,550,143,406,308
06/08/1991 00:00,453,400,551,170,392,326
07/08/1991 00:00,458,400,553,230,356,306
08/08/1991 00:00,462,398,560,246,343,263
09/08/1991 00:00,463,396,557,225,357,242
10/08/1991 00:00,464,393,544,220,427,243
11/08/1991 00:00,466,390,539,195,418,285
12/08/1991 00:00,468,387,540,164,401,353
13/08/1991 00:00,467,385,557,148,380,332
14/08/1991 00:00,465,355,563,239,347,287
15/08/1991 00:00,465,346,561,192,334,272
16/08/1991 00:00,464,324,542,175,326,230
17/08/1991 00:00,458,289,538,200,353,215
18/08/1991 00:00,452,285,527,210,367,235
19/08/1991 00:00,445,301,514,186,356,270
20/08/1991 00:00,440,303,504,158,344,272
21/08/1991 00:00,435,332,504,203,333,252
22/08/1991 00:00,434,329,500,205,336,241
23/08/1991 00:00,436,339,495,150,326,234
24/08/1991 00:00,436,332,488,147,325,215
25/08/1991 00:00,431,290,483,128,314,180
26/08/1991 00:00,422,303,478,115,308,190.815519
27/08/1991 00:00,414,282,465,260,316,183.6861451
28/08/1991 00:00,407,281,462,229,316,186.1660852
29/08/1991 00:00,401,279,433,173,300,170.1977728
30/08/1991 00:00,388,260,447,159,288,160.4657545
31/08/1991 00:00,379,252,424,278,293,152.1934912
01/09/1991 00:00,371,255,413,264,304,163.6763089
02/09/1991 00:00,361,263,405,177,316,183.2066952
03/09/1991 00:00,355,268,397,144,331,200.802295
04/09/1991 00:00,350,257,402,128,317,187.9734662
05/09/1991 00:00,347,255,411,118,331,204.4291987
06/09/1991 00:00,342,246,425,116,314,189.0252937
07/09/1991 00:00,340,257,428,106,309,186.4676046
08/09/1991 00:00,341,270,432,115,304,182.4938776
09/09/1991 00:00,347,252,435,123,302,178.0542763
10/09/1991 00:00,350,241,424,328,292,148.2538717
11/09/1991 00:00,345,273,413,210,283,150.5021759
12/09/1991 00:00,344,289,412,195,288,158.2877103
13/09/1991 00:00,351,288,417,159,311,184.6940257
14/09/1991 00:00,357,267,402,130,301,172.0268895
15/09/1991 00:00,345,253,398,125,314,233
16/09/1991 00:00,334,273,400,136,324,239
17/09/1991 00:00,326,289,413,147,338,247
18/09/1991 00:00,330,314,420,133,336,289
19/09/1991 00:00,345,326,454,123,346,258
20/09/1991 00:00,361,328,486,167,358,275
21/09/1991 00:00,379,364,495,200,360,288
22/09/1991 00:00,395,371,513,168,365,309
23/09/1991 00:00,412,370,531,179,363,306
24/09/1991 00:00,424,361,549,201,365,293
25/09/1991 00:00,430,391,551,164,385,311
26/09/1991 00:00,438,397,557,144,408,326
27/09/1991 00:00,447,392,569,136,407,360
28/09/1991 00:00,456,390,586,128,378,360
29/09/1991 00:00,464,397,600,134,402,330
30/09/1991 00:00,469,399,600,134,402,372
01/10/1991 00:00,480,390,595,135,406,335
02/10/1991 00:00,487,394,604,138,393,351
03/10/1991 00:00,489,385,607,130,442,348
04/10/1991 00:00,493,392,614,110,436,375
05/10/1991 00:00,497,399,620,111,419,367
06/10/1991 00:00,500,399,626,107,406,355
07/10/1991 00:00,507,399,629,125,394,333
08/10/1991 00:00,512,396,632,134,385,330
09/10/1991 00:00,515,399,629,120,411,386
10/10/1991 00:00,516,406,634,109,422,378
11/10/1991 00:00,520,424,644,100,405,380
12/10/1991 00:00,529,427,646,93,399,341
13/10/1991 00:00,534,420,648,96,393,343
14/10/1991 00:00,540,409,650,110,376,339
15/10/1991 00:00,544,393,650,105,346,323
16/10/1991 00:00,545,394,655,98,334,317
17/10/1991 00:00,548,393,650,95,319,328
18/10/1991 00:00,551,392,641,195,345,313
19/10/1991 00:00,551,390,638,220,349,280
20/10/1991 00:00,553,387,628,148,338,283
21/10/1991 00:00,553,385,628,137,330,270
22/10/1991 00:00,553,382,620,111,316,269
23/10/1991 00:00,551,366,603,105,297,269
24/10/1991 00:00,548,345,588,98,293,270
25/10/1991 00:00,545,325,573,91,295,270
26/10/1991 00:00,539,302,554,99,310,270
27/10/1991 00:00,533,293,541,100,312,270
28/10/1991 00:00,528,301,537,100,324,281
29/10/1991 00:00,525,311,546,96,332,283
30/10/1991 00:00,517,318,561,100,336,284
31/10/1991 00:00,453.2602353,339,566,123,346,285
01/11/1991 00:00,515,349,585,100,341,291
02/11/1991 00:00,517,353,588,100,350,271
03/11/1991 00:00,517,378,581,97,337,277
04/11/1991 00:00,518,391,580,97,345,283
05/11/1991 00:00,520,399,589,109,346,285
06/11/1991 00:00,522,398,587,131,343,275
07/11/1991 00:00,523,393,586,225,340,265
08/11/1991 00:00,524,392,588,178,358,253
09/11/1991 00:00,524,399,588,204,412,292
10/11/1991 00:00,525,503,600,182,428,383
11/11/1991 00:00,527,507,623,145,428,383
12/11/1991 00:00,533,511,642,141,416,368
13/11/1991 00:00,550,513,659,139,378,337
14/11/1991 00:00,558,507,663,149,380,310
15/11/1991 00:00,563,503,662,202,443,354
16/11/1991 00:00,565,486,663,180,456,410
17/11/1991 00:00,568,483,671,200,479,400
18/11/1991 00:00,570,483,673,165,457,398
19/11/1991 00:00,573,474,685,148,424,385
20/11/1991 00:00,576,456,691,185,422,353
21/11/1991 00:00,577,434,691,144,424,341
22/11/1991 00:00,577,428,690,154,433,346
23/11/1991 00:00,578,444,690,122,433,378
24/11/1991 00:00,580,449,692,111,422,357
25/11/1991 00:00,582,449,690,111,420,365
26/11/1991 00:00,583,466,692,145,429,383
27/11/1991 00:00,585,481,688,132,423,392
28/11/1991 00:00,587,498,694,156,406,368
29/11/1991 00:00,591,508,696,155,396,360
30/11/1991 00:00,594,520,697,120,379,364
01/12/1991 00:00,597,533,699,115,358,341
02/12/1991 00:00,599,539,700,107,349,305
03/12/1991 00:00,602,530,694,122,371,293
04/12/1991 00:00,602,518,683,134,367,339
05/12/1991 00:00,602,511,677,121,376,328
06/12/1991 00:00,602,502,677,138,382,313
07/12/1991 00:00,601,484,669,131,354,303
08/12/1991 00:00,601,466,666,116,360,293
09/12/1991 00:00,600,443,660,103,385,290
10/12/1991 00:00,598,419,643,106,414,300
11/12/1991 00:00,594,417,630,135,396,329
12/12/1991 00:00,591,404,628,104,403,311
13/12/1991 00:00,593,382,637,96,393,316
14/12/1991 00:00,586,361,632,115,382,321
15/12/1991 00:00,583,351,623,106,372,289
16/12/1991 00:00,579,344,611,125,387,275
17/12/1991 00:00,575,336,600,145,387,279
18/12/1991 00:00,569,366,586,132,405,291
19/12/1991 00:00,565,372,582,112,397,308
20/12/1991 00:00,560,356,584,123,414,304
21/12/1991 00:00,559,331,591,115,383,318
22/12/1991 00:00,554,315,588,103,387,295
23/12/1991 00:00,547,301,588,102,386,283
24/12/1991 00:00,542,283,576,106,382,287
25/12/1991 00:00,535,268,567,96,366,292
26/12/1991 00:00,528,258,561,90,369,287
27/12/1991 00:00,520,248,552,86,374,280
28/12/1991 00:00,510,239,538,82,364,273
29/12/1991 00:00,501,234,530,101,388,269
30/12/1991 00:00,490,230,526,115,385,293
31/12/1991 00:00,480,221,525,105,394,295
01/01/1992 00:00,470,215,519,90,358,237.658909
02/01/1992 00:00,461,216,522,83,341,289
03/01/1992 00:00,457,219,521,80,368,288
04/01/1992 00:00,452,216,503,95,372,268
05/01/1992 00:00,446,216,485,140,352,293
06/01/1992 00:00,436,216,488,132,365,239.2020414
07/01/1992 00:00,426,230,494,128,364,284
08/01/1992 00:00,418,241,495,145,346,235
09/01/1992 00:00,413,227,498,114,349,219
10/01/1992 00:00,416,216,503,95,351,231.8671726
11/01/1992 00:00,413,211,490,85,347,226.3229789
12/01/1992 00:00,405,207,481,82,323,201.0224593
13/01/1992 00:00,393,203,466,80,332,208.4932296
14/01/1992 00:00,382,201,463,81,337,213.6588488
15/01/1992 00:00,372,200,445,103,325,197.5487292
16/01/1992 00:00,361,198,434,95,309,180.8844117
17/01/1992 00:00,346,198,427,84,309,181.8261904
18/01/1992 00:00,331,199,414,77,327,199.8687524
19/01/1992 00:00,321,198,400,74,312,183.3668931
20/01/1992 00:00,319,197,392,70,301,171.3327164
21/01/1992 00:00,307,193,391,69,298,168.7348517
22/01/1992 00:00,294,192,389,67,295,166.4334829
23/01/1992 00:00,283,190,374,66,296,165.8262162
24/01/1992 00:00,274,189,359,68,306,174.0539802
25/01/1992 00:00,264,189,353,86,296,162.2722997
26/01/1992 00:00,253,187,349,86,296,162.2891142
27/01/1992 00:00,243,187,350,84,313,180.6205469
28/01/1992 00:00,235,185,363,113,332,199.9945958
29/01/1992 00:00,235,182,369,129,303,169.9134779
30/01/1992 00:00,234,181,362,155,305,168.7181767
31/01/1992 00:00,231,184,380,100,326,197.8250322
01/02/1992 00:00,231,185,372,90,326,197.483502
02/02/1992 00:00,233,185,355,83,325,194.2257897
03/02/1992 00:00,234,186,360,74,324,194.7447523
04/02/1992 00:00,227,185,377,85,319,194
05/02/1992 00:00,224,182,382,73,330,182
06/02/1992 00:00,226,179,386,80,310,201
07/02/1992 00:00,229,178,380,86,317,169
08/02/1992 00:00,230,176,370,115,307,170
09/02/1992 00:00,222,175,366,118,293,173
10/02/1992 00:00,217,175,352,100,308,171
11/02/1992 00:00,214,175,353,132,299,171
12/02/1992 00:00,210,179,348,165,297,245
13/02/1992 00:00,205,178,356,113,312,267
14/02/1992 00:00,203,180,386,93,326,234
15/02/1992 00:00,206,186,430,100,315,233
16/02/1992 00:00,215,182,421,93,314,191
17/02/1992 00:00,237,181,414,95,325,183
18/02/1992 00:00,254,182,391,80,338,191
19/02/1992 00:00,249,181,372,77,314,220
20/02/1992 00:00,240,178,368,73,313,183
21/02/1992 00:00,226,177,378,80,322,180
22/02/1992 00:00,217,180,379,123,319,232
23/02/1992 00:00,216,183,371,93,320,208
24/02/1992 00:00,216,181,370,80,336,205
25/02/1992 00:00,216,182,390,80,329,212
26/02/1992 00:00,216,179,387,77,321,202
27/02/1992 00:00,223,178,384,121,328,204
28/02/1992 00:00,221,177,386,91,318,211
29/02/1992 00:00,223,174,380,86,310,203
01/03/1992 00:00,220,172,380,85,322,193
02/03/1992 00:00,217,169,378,88,324,200
03/03/1992 00:00,214,173,369,78,306,205
04/03/1992 00:00,212,188,379,75,294,173
05/03/1992 00:00,213,187,391,69,293,168
06/03/1992 00:00,218,180,374,69,304,168
07/03/1992 00:00,227,176,358,93,310,198
08/03/1992 00:00,224,171,351,69,337,229
09/03/1992 00:00,213,167,356,74,308,175
10/03/1992 00:00,202,168,360,68,314,173
11/03/1992 00:00,196,166,378,65,302,169
12/03/1992 00:00,196,165,384,80,314,163
13/03/1992 00:00,202,164,359,140,328,198
14/03/1992 00:00,209,164,350,136,338,200
15/03/1992 00:00,205,167,351,125,342,223
16/03/1992 00:00,199,170,357,165,322,225
17/03/1992 00:00,192,170,378,152,331,203
18/03/1992 00:00,193,172,391,114,327,203
19/03/1992 00:00,205,167,388,149,311,203
20/03/1992 00:00,213,166,375,141,308,184
21/03/1992 00:00,220,162,366,94,321,187
22/03/1992 00:00,216,162,360,79,291,173
23/03/1992 00:00,211,163,352,75,289,167
24/03/1992 00:00,203,158,348,72,287,150
25/03/1992 00:00,194,156,344,67,284,142
26/03/1992 00:00,190,154,326,71,287,142
27/03/1992 00:00,188,152,311,70,276,136
28/03/1992 00:00,180,153,308,68,278,140
29/03/1992 00:00,173,153,308,65,272,140
30/03/1992 00:00,164,152,307,61,272,130
31/03/1992 00:00,161,152,301,64,281,130
01/04/1992 00:00,162,152,299,82,272,150
02/04/1992 00:00,164,155,295,108,279,141
03/04/1992 00:00,164,158,302,70,273,145
04/04/1992 00:00,162,154,296,68,283,130
05/04/1992 00:00,169,152,298,88,284,130
06/04/1992 00:00,173,153,299,74,308,130
07/04/1992 00:00,168,154,295,97,299,160
08/04/1992 00:00,163,159,299,101,296,178
09/04/1992 00:00,164,159,307,190,293,167
10/04/1992 00:00,164,159,315,208,283,160
11/04/1992 00:00,167,157,316,176,276,143
12/04/1992 00:00,174,152,315,119,274,140
13/04/1992 00:00,174,155,306,103,298,158
14/04/1992 00:00,175,164,303,105,286,185
15/04/1992 00:00,180,161,303,124,293,151.980295
16/04/1992 00:00,179,159,310,120,294,154.2930844
17/04/1992 00:00,174,169,322,131,301,163.74676
18/04/1992 00:00,171,180,332,125,309,193
19/04/1992 00:00,180,174,338,112,314,208
20/04/1992 00:00,195,181,346,108,341,247
21/04/1992 00:00,202,196,365,121,327,265
22/04/1992 00:00,214,185,394,193,321,222
23/04/1992 00:00,212,175,435,178,329,230
24/04/1992 00:00,223,179,433,144,337,251
25/04/1992 00:00,245,198,431,123,345,263
26/04/1992 00:00,256,199,437,161,335,249
27/04/1992 00:00,267,197,441,187,322,256
28/04/1992 00:00,268,198,443,149,334,263
29/04/1992 00:00,269,202,450,120,355,248
30/04/1992 00:00,275,213,454,105,366,258
01/05/1992 00:00,284,221,434,109,345,256
02/05/1992 00:00,292,222,444,101,333,241
03/05/1992 00:00,294,228,459,144,353,252
04/05/1992 00:00,300,232,459,107,373,292
05/05/1992 00:00,306,239,451,110,356,274
06/05/1992 00:00,312,235,463,97,363,290
07/05/1992 00:00,314,231,500,109,397,328
08/05/1992 00:00,313,232,503,93,407,358
09/05/1992 00:00,323,236,519,84,434,352
10/05/1992 00:00,332,235,552,70,420,361
11/05/1992 00:00,342,231,559,87,368,335
12/05/1992 00:00,354,252,559,71,352,316
13/05/1992 00:00,361,264,557,79,366,260
14/05/1992 00:00,362,271,538,89,358,272
15/05/1992 00:00,366,281,523,124,349,257
16/05/1992 00:00,368,292,527,120,339,244
17/05/1992 00:00,368,308,521,90,346,235
18/05/1992 00:00,370,312,515,83,370,230
19/05/1992 00:00,376,314,508,98,364,243
20/05/1992 00:00,380,295,507,115,360,267
21/05/1992 00:00,376,320,520,145,364,277
22/05/1992 00:00,376,347,527,141,370,285
23/05/1992 00:00,384,364,533,124,395,288
24/05/1992 00:00,393,376,540,113,389,311
25/05/1992 00:00,401,371,550,112,403,311
26/05/1992 00:00,408,366,551,90,372,303
27/05/1992 00:00,413,361,555,94,357,302
28/05/1992 00:00,419,352,558,85,357,297
29/05/1992 00:00,420,349,556,97,367,307
30/05/1992 00:00,424,354,552,100,383,311
31/05/1992 00:00,428,353,559,111,384,285.3888672
01/06/1992 00:00,430,351,567,154,431,332
02/06/1992 00:00,433,352,572,163,398,342
03/06/1992 00:00,436,356,584,192,414,309
04/06/1992 00:00,440,370,592,163,403,329
05/06/1992 00:00,444,381,589,131,368,320
06/06/1992 00:00,449,380,594,109,365,262
07/06/1992 00:00,454,355,589,91,353,260
08/06/1992 00:00,455,338,583,88,353,249
09/06/1992 00:00,453,332,575,101,360,252
10/06/1992 00:00,456,356,564,107,353,256
11/06/1992 00:00,454,357,552,165,351,263
12/06/1992 00:00,453,338,548,219,339,269
13/06/1992 00:00,454,330,547,236,323,236
14/06/1992 00:00,452,323,544,214,313,207
15/06/1992 00:00,448,309,535,167,322,192
16/06/1992 00:00,444,284,515,130,326,188
17/06/1992 00:00,440,250,497,110,311,185
18/06/1992 00:00,433,235,482,106,314,189
19/06/1992 00:00,415,266,477,115,315,196
20/06/1992 00:00,407,277,469,144,326,214
21/06/1992 00:00,404,289,472,185,347,259
22/06/1992 00:00,404,295,488,163,326,245
23/06/1992 00:00,407,278,521,152,330,212
24/06/1992 00:00,411,261,524,123,326,210
25/06/1992 00:00,414,258,500,105,307,206
26/06/1992 00:00,411,252,486,94,309,177
27/06/1992 00:00,406,238,482,86,315,177
28/06/1992 00:00,397,281,467,89,311,190
29/06/1992 00:00,390,230,460,113,295,201
30/06/1992 00:00,387,237,461,104,289,177
01/07/1992 00:00,386,244,463,80,291,165
02/07/1992 00:00,380,248,451,85,318,159
03/07/1992 00:00,374,252,436,190,302,187
04/07/1992 00:00,367,250,429,197,289,191
05/07/1992 00:00,358,237,438,193,289,187
06/07/1992 00:00,351,256,446,163,323,179
07/07/1992 00:00,348,283,433,183,315,183
08/07/1992 00:00,346,293,426,185,304,176
09/07/1992 00:00,347,311,433,251,307,169
10/07/1992 00:00,351,318,447,199,316,168
11/07/1992 00:00,362,323,444,168,314,176
12/07/1992 00:00,369,329,442,137,326,177
13/07/1992 00:00,370,368,448,151,334,199
14/07/1992 00:00,372,386,458,150,334,224
15/07/1992 00:00,380,311,466,126,326,247
16/07/1992 00:00,392,317,478,131,345,232
17/07/1992 00:00,403,332,488,195,332,213
18/07/1992 00:00,412,353,483,150,339,210
19/07/1992 00:00,417,373,479,161,332,223
20/07/1992 00:00,421,381,476,284,324,203
21/07/1992 00:00,420,355,472,241,306,192
22/07/1992 00:00,415,338,464,200,300,178
23/07/1992 00:00,408,333,455,297,317,174
24/07/1992 00:00,403,330,452,262,338,193
25/07/1992 00:00,402,328,457,186,363,219
26/07/1992 00:00,393,327,459,148,373,236
27/07/1992 00:00,390,325,460,142,342,248
28/07/1992 00:00,385,329,465,193,338,221
29/07/1992 00:00,388,343,483,198,324,207
30/07/1992 00:00,385,369,478,160,318,200
31/07/1992 00:00,403,374,467,152,332,202
01/08/1992 00:00,408,292,463,140,333,220
02/08/1992 00:00,409,305,457,229,348,226
03/08/1992 00:00,413,314,459,213,344,225
04/08/1992 00:00,419,317,477,173,335,203
05/08/1992 00:00,428,317,487,238,348,215
06/08/1992 00:00,433,314,490,379,334,203
07/08/1992 00:00,438,307,481,264,332,204
08/08/1992 00:00,443,304,478,210,343,205
09/08/1992 00:00,444,304,472,169,355,212
10/08/1992 00:00,443,305,471,191,353,222
11/08/1992 00:00,444,309,474,161,365,234
12/08/1992 00:00,447,311,481,165,364,251
13/08/1992 00:00,450,303,488,155,345,256
14/08/1992 00:00,452,304,496,163,341,241
15/08/1992 00:00,454,302,502,134,361,244.2670795
16/08/1992 00:00,455,300,501,165,346,226.1034081
17/08/1992 00:00,462,294,503,153,344,240
18/08/1992 00:00,464,289,503,193,347,235
19/08/1992 00:00,463,279,501,164,359,225
20/08/1992 00:00,461,273,494,137,373,246
21/08/1992 00:00,460,265,506,127,357,252
22/08/1992 00:00,456,261,508,119,357,256
23/08/1992 00:00,453,258,508,210,366,252
24/08/1992 00:00,452,255,503,184,347,255
25/08/1992 00:00,451,264,503,162,340,224
26/08/1992 00:00,449,264,499,140,320,210
27/08/1992 00:00,450,260,495,126,300,199
28/08/1992 00:00,451,256,486,133,321,193
29/08/1992 00:00,448,256,479,144,331,203
30/08/1992 00:00,442,271,466,134,355,215
31/08/1992 00:00,441,277,454,115,365,243
01/09/1992 00:00,440,285,468,107,357,267
02/09/1992 00:00,443,290,487,99,342,252
03/09/1992 00:00,449,285,499,96,334,227
04/09/1992 00:00,455,283,511,95,338,211
05/09/1992 00:00,457,279,500,118,310,216
06/09/1992 00:00,459,273,489,103,301,196
07/09/1992 00:00,459,273,482,127,313,192
08/09/1992 00:00,459,283,472,178,312,211
09/09/1992 00:00,457,293,463,161,303,225
10/09/1992 00:00,457,307,467,130,330,233
11/09/1992 00:00,457,317,479,110,325,262
12/09/1992 00:00,460,348,488,102,304,240
13/09/1992 00:00,467,363,494,90,310,211
14/09/1992 00:00,462,368,496,114,321,219
15/09/1992 00:00,463,365,482,130,340,240
16/09/1992 00:00,463,363,480,134,356,278
17/09/1992 00:00,461,370,494,123,361,283
18/09/1992 00:00,460,373,507,117,362,278
19/09/1992 00:00,461,377,517,117,377,272
20/09/1992 00:00,466,367,527,105,358,313
21/09/1992 00:00,471,382,531,111,353,273
22/09/1992 00:00,477,385,543,98,362,292
23/09/1992 00:00,482,389,552,110,343,280
24/09/1992 00:00,486,397,559,144,354,249
25/09/1992 00:00,489,403,567,125,371,280
26/09/1992 00:00,494,413,576,102,368,305
27/09/1992 00:00,498,424,575,152,370,291
28/09/1992 00:00,501,429,575,152,390,289
29/09/1992 00:00,508,437,577,125,381,295
30/09/1992 00:00,514,448,580,129,357,273
01/10/1992 00:00,517,425,589,104,337,249
02/10/1992 00:00,521,413,586,93,349,231
03/10/1992 00:00,524,355,580,94,351,244
04/10/1992 00:00,524,326,577,92,328,235
05/10/1992 00:00,528,336,572,86,348,220
06/10/1992 00:00,529,360,572,88,369,269
07/10/1992 00:00,526,409,569,83,336,273
08/10/1992 00:00,524,411,573,84,329,228
09/10/1992 00:00,525,427,582,97,341,269
10/10/1992 00:00,530,429,581,108,364,266
11/10/1992 00:00,531,427,577,131,371,308
12/10/1992 00:00,532,424,585,110,383,308
13/10/1992 00:00,532,411,595,132,390,314
14/10/1992 00:00,533,404,608,181,358,258.0047138
15/10/1992 00:00,533,369,622,138,343,245.0121992
16/10/1992 00:00,534,345,621,106,331,262
17/10/1992 00:00,533,321,600,97,331,241
18/10/1992 00:00,533,318,579,91,331,223
19/10/1992 00:00,528,318,560,92,327,227
20/10/1992 00:00,523,326,547,89,346,226
21/10/1992 00:00,519,335,551,95,326,235
22/10/1992 00:00,516,345,558,97,313,227
23/10/1992 00:00,515,339,557,88,328,225
24/10/1992 00:00,516,333,553,105,333,270
25/10/1992 00:00,517,348,554,135,327,240
26/10/1992 00:00,515,362,559,114,341,265
27/10/1992 00:00,513,377,569,96,344,269
28/10/1992 00:00,514,368,572,109,356,282
29/10/1992 00:00,517,357,575,133,344,284
30/10/1992 00:00,518,336,572,113,347,290
31/10/1992 00:00,516,319,575,99,377,307
01/11/1992 00:00,517,314,578,90,357,305
02/11/1992 00:00,521,306,583,83,342,293
03/11/1992 00:00,524,290,586,72,338,246
04/11/1992 00:00,524,282,579,74,353,246
05/11/1992 00:00,529,283,564,74,357,252
06/11/1992 00:00,529,289,558,113,355,257
07/11/1992 00:00,526,296,561,99,335,262
08/11/1992 00:00,524,286,564,77,330,249
09/11/1992 00:00,525,278,563,71,345,226
10/11/1992 00:00,530,270,559,84,334,234
11/11/1992 00:00,531,269,541,72,328,223
12/11/1992 00:00,532,267,534,68,334,227
13/11/1992 00:00,535,283,527,70,340,225
14/11/1992 00:00,533,290,524,84,334,242
15/11/1992 00:00,533,300,529,104,333,242
16/11/1992 00:00,534,308,541,115,342,237
17/11/1992 00:00,533,329,547,118,360,242
18/11/1992 00:00,532,344,551,193,393,289
19/11/1992 00:00,528,350,556,123,374,301
20/11/1992 00:00,523,353,561,106,417,279
21/11/1992 00:00,519,347,566,90,383,310
22/11/1992 00:00,516,343,565,88,388,309
23/11/1992 00:00,515,349,573,114,407,308
24/11/1992 00:00,516,359,583,100,460,358
25/11/1992 00:00,517,364,593,85,412,380
26/11/1992 00:00,515,373,606,83,413,320
27/11/1992 00:00,513,385,613,112,414,334
28/11/1992 00:00,514,392,616,155,417,329
29/11/1992 00:00,517,397,621,139,416,353
30/11/1992 00:00,518,403,623,114,451,371
01/12/1992 00:00,517,412,630,134,447,392
02/12/1992 00:00,522,419,647,135,430,367
03/12/1992 00:00,527,424,655,125,422,354
04/12/1992 00:00,533,429,659,128,428,365
05/12/1992 00:00,537,444,664,129,458,350
06/12/1992 00:00,540,449,668,115,478,382
07/12/1992 00:00,545,445,671,110,466,391
08/12/1992 00:00,549,438,676,101,422,376
09/12/1992 00:00,551,440,679,98,426,322
10/12/1992 00:00,553,478,682,93,412,330
11/12/1992 00:00,555,449,683,136,429,319
12/12/1992 00:00,556,396,680,175,448,332
13/12/1992 00:00,556,389,679,141,433,368
14/12/1992 00:00,557,383,675,107,440,342
15/12/1992 00:00,558,382,686,93,457,340
16/12/1992 00:00,559,356,687,85,404,332
17/12/1992 00:00,558,358,684,102,403,310
18/12/1992 00:00,557,339,683,84,398,318
19/12/1992 00:00,555,332,672,80,379,300
20/12/1992 00:00,554,317,663,87,355,269
21/12/1992 00:00,552,285,644,84,338,235
22/12/1992 00:00,549,276,630,84,331,211
23/12/1992 00:00,545,256,607,88,322,199
24/12/1992 00:00,538,244,588,79,318,193
25/12/1992 00:00,528,231,573,78,317,182
26/12/1992 00:00,524,226,543,77,316,181
27/12/1992 00:00,508,216,526,72,317,179
28/12/1992 00:00,495,207,515,72,335,186
29/12/1992 00:00,482,211,506,84,327,194
30/12/1992 00:00,468,216,502,82,323,188
31/12/1992 00:00,456,218,508,78,331,190
01/01/1993 00:00,445,215,510,75,359,199
02/01/1993 00:00,439,217,511,114,343,221.8036237
03/01/1993 00:00,433,214,512,110,345,224.475975
04/01/1993 00:00,426,216,514,90,332,198
05/01/1993 00:00,422,219,517,85,362,194
06/01/1993 00:00,419,240,516,95,351,209
07/01/1993 00:00,418,258,512,116,342,218
08/01/1993 00:00,422,260,522,112,361,283
09/01/1993 00:00,424,259,530,87,378,264
10/01/1993 00:00,425,256,542,76,362,253.9202252
11/01/1993 00:00,426,257,553,74,334,227.4126705
12/01/1993 00:00,428,253,546,72,320,211.7279254
13/01/1993 00:00,431,246,532,90,326,199
14/01/1993 00:00,429,240,506,102,319,193
15/01/1993 00:00,421,236,486,126,332,187
16/01/1993 00:00,413,236,469,109,361,195
17/01/1993 00:00,403,291,462,94,357,245
18/01/1993 00:00,393,312,461,99,360,264
19/01/1993 00:00,382,327,479,92,340,253
20/01/1993 00:00,387,309,500,77,337,218
21/01/1993 00:00,393,270,499,71,335,213
22/01/1993 00:00,397,243,491,69,334,208
23/01/1993 00:00,394,242,481,70,329,205
24/01/1993 00:00,386,242,466,62,337,202
25/01/1993 00:00,376,233,457,62,328,197
26/01/1993 00:00,366,220,449,60,311,184
27/01/1993 00:00,356,215,446,58,304,172
28/01/1993 00:00,347,230,439,62,312,167
29/01/1993 00:00,338,245,423,72,305,169
30/01/1993 00:00,330,263,421,99,328,183
31/01/1993 00:00,330,238,420,73,335,192
01/02/1993 00:00,328,229,419,94,340,229
02/02/1993 00:00,322,215,421,149,340,228
03/02/1993 00:00,318,207,443,195,342,272
04/02/1993 00:00,309,207,457,139,354,243
05/02/1993 00:00,312,204,466,106,380,222
06/02/1993 00:00,318,207,475,92,411,304
07/02/1993 00:00,323,209,468,90,388,303
08/02/1993 00:00,327,206,471,88,374,276
09/02/1993 00:00,327,202,485,81,383,247
10/02/1993 00:00,324,218,489,78,385,261
11/02/1993 00:00,326,214,480,71,362,271
12/02/1993 00:00,328,212,484,66,349,238
13/02/1993 00:00,327,213,477,63,346,226
14/02/1993 00:00,325,211,472,61,334,200
15/02/1993 00:00,322,209,463,60,329,212.6092776
16/02/1993 00:00,319,205,452,71,329,209.8324473
17/02/1993 00:00,310,200,443,64,312,171
18/02/1993 00:00,301,198,432,66,303,170
19/02/1993 00:00,295,195,410,63,298,167
20/02/1993 00:00,281,193,391,64,304,166
21/02/1993 00:00,269,193,376,66,308,162
22/02/1993 00:00,256,193,362,67,296,157
23/02/1993 00:00,248,190,354,84,291,145
24/02/1993 00:00,243,188,353,73,285,142
25/02/1993 00:00,232,191,347,116,304,140
26/02/1993 00:00,226,195,337,97,301,152
27/02/1993 00:00,221,192,345,91,295,192
28/02/1993 00:00,217,189,359,93,324,177
01/03/1993 00:00,214,187,373,99,330,202
02/03/1993 00:00,212,189,365,96,323,206
03/03/1993 00:00,219,187,360,97,348,196
04/03/1993 00:00,223,189,371,86,353,206
05/03/1993 00:00,222,186,376,98,332,234
06/03/1993 00:00,224,189,374,117,377,251
07/03/1993 00:00,225,192,382,127,444,282
08/03/1993 00:00,227,194,383,133,392,327
09/03/1993 00:00,233,199,391,128,396,292
10/03/1993 00:00,238,195,452,175,390,254
11/03/1993 00:00,245,194,457,147,358,229
12/03/1993 00:00,260,203,445,177,374,222
13/03/1993 00:00,272,205,444,154,362,243
14/03/1993 00:00,287,202,432,239,342,225
15/03/1993 00:00,285,204,420,213,335,209
16/03/1993 00:00,274,205,418,150,335,200
17/03/1993 00:00,269,205,406,116,339,197
18/03/1993 00:00,270,205,394,123,360,220
19/03/1993 00:00,266,207,394,144,362,290
20/03/1993 00:00,257,209,413,104,353,231
21/03/1993 00:00,265,212,430,126,370,241
22/03/1993 00:00,283,212,459,139,376,268
23/03/1993 00:00,295,212,456,120,397,274
24/03/1993 00:00,302,216,449,154,393,294
25/03/1993 00:00,306,223,469,115,397,292
26/03/1993 00:00,307,231,490,181,422,333
27/03/1993 00:00,311,251,514,187,408,339
28/03/1993 00:00,324,275,529,184,437,342
29/03/1993 00:00,343,274,538,148,425,348
30/03/1993 00:00,358,283,538,145,432,339
31/03/1993 00:00,366,275,545,180,403,343
01/04/1993 00:00,371,269,546,157,400,302
02/04/1993 00:00,373,262,547,121,393,306
03/04/1993 00:00,375,257,540,128,391,294
04/04/1993 00:00,377,249,537,119,375,281
05/04/1993 00:00,375,253,533,104,351,264
06/04/1993 00:00,372,275,527,94,363,247
07/04/1993 00:00,371,292,520,112,354,291
08/04/1993 00:00,370,331,526,99,369,265
09/04/1993 00:00,373,355,530,110,372,308
10/04/1993 00:00,378,378,534,126,357,279
11/04/1993 00:00,387,369,537,149,361,257
12/04/1993 00:00,395,357,539,131,411,310.9489174
13/04/1993 00:00,400,349,539,101,406,341
14/04/1993 00:00,403,348,547,106,368,320
15/04/1993 00:00,405,350,563,195,381,308
16/04/1993 00:00,408,351,569,155,370,305
17/04/1993 00:00,414,353,567,208,420,285
18/04/1993 00:00,418,352,568,166,458,365
19/04/1993 00:00,419,341,569,174,484,402
20/04/1993 00:00,421,362,584,158,482,400
21/04/1993 00:00,424,375,596,157,500,398
22/04/1993 00:00,428,389,609,216,490,404
23/04/1993 00:00,438,401,628,211,482,398
24/04/1993 00:00,448,391,640,173,473,399
25/04/1993 00:00,455,387,645,149,462,373
26/04/1993 00:00,460,384,647,135,424,381
27/04/1993 00:00,465,385,648,122,415,342
28/04/1993 00:00,469,383,654,218,423,365
29/04/1993 00:00,474,386,656,169,431,390
30/04/1993 00:00,475,391,659,142,467,392
01/05/1993 00:00,487,395,666,120,480,382
02/05/1993 00:00,485,396,671,115,438,399
03/05/1993 00:00,490,400,674,116,470,359
04/05/1993 00:00,495,398,680,101,484,385
05/05/1993 00:00,500,410,684,126,503,388
06/05/1993 00:00,504,418,689,121,528,411
07/05/1993 00:00,509,421,694,138,488,434
08/05/1993 00:00,512,439,698,109,506,419
09/05/1993 00:00,515,466,707,180,514,420
10/05/1993 00:00,525,492,716,174,458,414
11/05/1993 00:00,531,468,718,128,476,424
12/05/1993 00:00,537,471,720,103,426,421
13/05/1993 00:00,543,477,731,100,432,385
14/05/1993 00:00,551,478,737,152,461,410
15/05/1993 00:00,556,481,740,124,436,406
16/05/1993 00:00,562,483,744,134,427,368
17/05/1993 00:00,566,480,749,169,414,322
18/05/1993 00:00,571,476,751,182,406,318
19/05/1993 00:00,576,469,753,196,399,341
20/05/1993 00:00,580,462,754,177,410,346
21/05/1993 00:00,583,468,758,124,440,360
22/05/1993 00:00,586,469,757,110,457,391
23/05/1993 00:00,590,473,758,108,462,367
24/05/1993 00:00,594,475,760,108,454,403
25/05/1993 00:00,596,477,763,143,460,377
26/05/1993 00:00,600,480,769,211,478,418
27/05/1993 00:00,602,481,775,141,538,432
28/05/1993 00:00,605,482,779,132,543,441
29/05/1993 00:00,610,484,786,255,522,441
30/05/1993 00:00,612,485,787,232,483,434
31/05/1993 00:00,615,483,793,166,472,418
01/06/1993 00:00,620,601.4385558,797,191,457,432
02/06/1993 00:00,623,631.5809135,799,241,422,393
03/06/1993 00:00,626,585.692415,802,180,415,340
04/06/1993 00:00,630,544.95016,804,160,409,274
05/06/1993 00:00,630,572.2035805,805,145,393,300
06/06/1993 00:00,631,620.7302041,805,259,379,289
07/06/1993 00:00,631,600.4440677,803,185,367,283
08/06/1993 00:00,631,576.9460288,799,148,371,278
09/06/1993 00:00,632,587.8691924,787,150,364,305.1501883
10/06/1993 00:00,632,600.4680955,774,203,361,297.0172116
11/06/1993 00:00,633,629.6107279,761,326,351,272
12/06/1993 00:00,632,604.3665713,747,268,344,271
13/06/1993 00:00,632,564.4569181,738,210,355,269
14/06/1993 00:00,631,519.5452667,728,158,375,271
15/06/1993 00:00,632,495.1909021,718,163,394,271
16/06/1993 00:00,632,387,714,145,376,285
17/06/1993 00:00,631,368,710,154,349,277
18/06/1993 00:00,628,349,707,237,346,270
19/06/1993 00:00,627,338,693,290,346,263
20/06/1993 00:00,625,334,683,266,354,254
21/06/1993 00:00,621,369,675,182,366,250
22/06/1993 00:00,615,382,667,145,366,247
23/06/1993 00:00,614,372,670,132,357,243
24/06/1993 00:00,612,392,672,175,339,235
25/06/1993 00:00,610,386,667,180,347,229
26/06/1993 00:00,609,384,656,185,339,238.1378547
27/06/1993 00:00,609,383,642,260,335,225.7106947
28/06/1993 00:00,606,383,638,194,347,242.8418503
29/06/1993 00:00,604,380,632,252,350,240.1023875
30/06/1993 00:00,603,384,622,171,337,232.3853441
01/07/1993 00:00,601,375,619,145,358,254.5993285
02/07/1993 00:00,597,402,619,142,385,285.2040992
03/07/1993 00:00,594,409,619,138,375,276.2996715
04/07/1993 00:00,597,414,639,121,355,260.7745027
05/07/1993 00:00,600,416,645,157,343,246.5854032
06/07/1993 00:00,601,423,647,167,342,245.6857657
07/07/1993 00:00,600,434,639,128,317,223.3890793
08/07/1993 00:00,600,434,633,114,327,233.7331398
09/07/1993 00:00,599,428,623,133,335,238.2321133
10/07/1993 00:00,596,410,607,245,354,244.385081
11/07/1993 00:00,593,400,600,262,345,232.0238708
12/07/1993 00:00,589,407,600,227,350,240.9297782
13/07/1993 00:00,588,400,607,222,359,250.9488361
14/07/1993 00:00,588,413,603,314,354,239.0710362
15/07/1993 00:00,588,406,594,323,340,222.0388253
16/07/1993 00:00,585,404,595,243,338,226.6839688
17/07/1993 00:00,584,405,593,170,364,258.8471797
18/07/1993 00:00,581,394,584,145,364,258.6124475
19/07/1993 00:00,577,391,577,190,340,229.5261685
20/07/1993 00:00,573,395,578,170,335,226.9297018
21/07/1993 00:00,568,398,578,205,325,214.6218086
22/07/1993 00:00,565,390,567,199,327,214.8587636
23/07/1993 00:00,562,397,562,227,316,201.5633457
24/07/1993 00:00,557,388,560,225,345,230.3343127
25/07/1993 00:00,552,383,556,246,332,214.7040602
26/07/1993 00:00,545,381,556,188,354,242.0672354
27/07/1993 00:00,542,375,562,146,359,251.122112
28/07/1993 00:00,540,372,566,132,340,233.4603066
29/07/1993 00:00,538,368,566,129,323,216.2121472
30/07/1993 00:00,534,365,567,195,328,216.1005091
31/07/1993 00:00,528,349,559,242,327,208.9061504
01/08/1993 00:00,524,338,550,233,337,224
02/08/1993 00:00,522,330,548,180,335,232
03/08/1993 00:00,517,328,540,135,331,206
04/08/1993 00:00,513,300,529,119,310,173
05/08/1993 00:00,509,282,527,115,293,167
06/08/1993 00:00,505,263,521,110,285,170
07/08/1993 00:00,496,235,509,109,293,167
08/08/1993 00:00,487,221,498,100,295,162
09/08/1993 00:00,475,219,488,103,298,169
10/08/1993 00:00,463,246,479,149,320,179
11/08/1993 00:00,452,287,471,113,305,206
12/08/1993 00:00,442,338,467,178,301,196
13/08/1993 00:00,442,371,482,283,319,177
14/08/1993 00:00,453,364,486,225,328,213
15/08/1993 00:00,463,371,489,138,311,206
16/08/1993 00:00,465,372,492,127,343,199
17/08/1993 00:00,465,385,492,128,353,222
18/08/1993 00:00,467,394,490,193,344,260
19/08/1993 00:00,472,396,511,165,355,238
20/08/1993 00:00,477,395,521,136,344,245
21/08/1993 00:00,483,389,520,123,348,231
22/08/1993 00:00,488,370,520,157,336,238
23/08/1993 00:00,486,343,518,157,342,242
24/08/1993 00:00,483,347,516,271,336,248
25/08/1993 00:00,481,353,516,250,318,244
26/08/1993 00:00,481,354,521,212,343,237
27/08/1993 00:00,483,365,522,185,348,236
28/08/1993 00:00,488,388,523,166,327,241
29/08/1993 00:00,489,399,524,181,341,209
30/08/1993 00:00,493,395,524,133,314,224
31/08/1993 00:00,498,391,525,119,316,202
01/09/1993 00:00,497,389,523,112,322,204
02/09/1993 00:00,494,381,517,122,297,214
03/09/1993 00:00,492,366,509,186,289,206
04/09/1993 00:00,489,370,503,148,295,191
05/09/1993 00:00,487,380,499,150,314,203
06/09/1993 00:00,489,394,497,286,354,269
07/09/1993 00:00,491,414,506,188,418,302
08/09/1993 00:00,495,387,524,143,393,387
09/09/1993 00:00,497,424,555,126,392,310
10/09/1993 00:00,506,402,587,141,375,314
11/09/1993 00:00,515,391,624,157,377,313
12/09/1993 00:00,523,416,662,124,366,306
13/09/1993 00:00,530,425,682,115,378,303
14/09/1993 00:00,537,475,687,129,383,312
15/09/1993 00:00,539,492.1447765,696,163,451,388
16/09/1993 00:00,545,531.0982262,688,148,421,421
17/09/1993 00:00,551,509.1552048,674,127,400,381
18/09/1993 00:00,559,487.0890873,666,128,383,327
19/09/1993 00:00,565,470.5046246,657,142,399,328
20/09/1993 00:00,572,478.5429912,649,116,373,324
21/09/1993 00:00,579,449.9648308,644,103,376,296
22/09/1993 00:00,583,443.6727464,641,99,375,290
23/09/1993 00:00,586,453.0195269,636,99,360,287
24/09/1993 00:00,590,455.4769635,636,105,363,292
25/09/1993 00:00,593,471.8419805,638,102,357,308
26/09/1993 00:00,596,455.5669895,639,93,349,273
27/09/1993 00:00,598,423.5019076,639,91,377,267
28/09/1993 00:00,600,436.3314952,634,88,385,308
29/09/1993 00:00,602,466.0686091,634,109,369,318
30/09/1993 00:00,603,479.3556466,636,138,364,312
01/10/1993 00:00,603,467.5338569,638,131,373,309
02/10/1993 00:00,604,453.3233625,640,140,396,315
03/10/1993 00:00,607,459.2195424,640,111,387,327
04/10/1993 00:00,609,447.2963853,641,100,382,305
05/10/1993 00:00,605,457.2722276,644,90,354,279
06/10/1993 00:00,604,452.2662059,645,84,345,259
07/10/1993 00:00,603,449.2530722,636,100,344,254
08/10/1993 00:00,604,441.0317107,622,101,351,268
09/10/1993 00:00,603,438.1693354,618,101,354,273
10/10/1993 00:00,601,404.1024753,616,88,406,311
11/10/1993 00:00,599,464.4708546,617,137,402,372
12/10/1993 00:00,598,483.9915734,624,151,370,336
13/10/1993 00:00,599,471.5441525,635,107,342,284
14/10/1993 00:00,603,469.6110116,638,160,347,254
15/10/1993 00:00,605,441.5867155,629,106,345,248
16/10/1993 00:00,605,431.6195015,619,132,354,243
17/10/1993 00:00,605,446.0328813,610,133,372,305
18/10/1993 00:00,605,449.3782625,610,137,355,281
19/10/1993 00:00,604,459.1685565,615,170,366,289
20/10/1993 00:00,605,462.6417559,620,168,380,312
21/10/1993 00:00,605,437.6898839,620,164,400,306
22/10/1993 00:00,603,454.576713,625,122,390,336
23/10/1993 00:00,604,438.8376498,630,113,402,329
24/10/1993 00:00,605,404.653475,639,106,434,340.6216026
25/10/1993 00:00,607,435.1685198,647,101,428,351
26/10/1993 00:00,609,424.3090154,651,93,441,354
27/10/1993 00:00,613,485.6072589,655,87,395,378
28/10/1993 00:00,614,464.648657,658,87,377,312
29/10/1993 00:00,616,466.3960014,661,90,373,303
30/10/1993 00:00,617,465.4580353,656,89,373,308
31/10/1993 00:00,618,498.373329,659,138,355,300
01/11/1993 00:00,619,502.6070024,661,208,373,292
02/11/1993 00:00,621,477.346998,661,198,405,308
03/11/1993 00:00,625,470.5732633,658,178,425,344
04/11/1993 00:00,627,476.5704693,662,163,441,383
05/11/1993 00:00,629,484.7871659,666,178,457,408
06/11/1993 00:00,631,487.7192381,672,136,440,403
07/11/1993 00:00,634,436.09148,678,121,458,350
08/11/1993 00:00,636,463.6493827,683,131,459,384
09/11/1993 00:00,637,488.8070816,684,136,428,371
10/11/1993 00:00,638,477.6318592,684,152,427,342
11/11/1993 00:00,639,436.2307197,688,120,457,337
12/11/1993 00:00,641,509.9701366,690,156,445,413
13/11/1993 00:00,641,498.9644357,692,184,434,359
14/11/1993 00:00,642,493.0502757,697,186,464,390
15/11/1993 00:00,644,502,702,169,473,411
16/11/1993 00:00,645,505,703,149,482,410
17/11/1993 00:00,647,509,705,117,460,412
18/11/1993 00:00,648,513,709,111,475,394
19/11/1993 00:00,650,512,715,108,476,401
20/11/1993 00:00,653,511,719,116,449,404
21/11/1993 00:00,654,524,726,114,442,400
22/11/1993 00:00,656,530,729,109,493,382
23/11/1993 00:00,659,535,733,115,471,400
24/11/1993 00:00,661,538,738,105,435,392
25/11/1993 00:00,664,539,739,97,486,391
26/11/1993 00:00,669,547,744,102,477,417
27/11/1993 00:00,672,545,746,169,429,421
28/11/1993 00:00,674,547,751,164,432,375
29/11/1993 00:00,676,548,753,170,462,362
30/11/1993 00:00,678,551,757,136,510,417
01/12/1993 00:00,680,555,761,138,543,426
02/12/1993 00:00,682,558,762,171,545,443
03/12/1993 00:00,683,561,764,181,530,448
04/12/1993 00:00,686,567,767,154,499,445
05/12/1993 00:00,688,569,768,132,509,444
06/12/1993 00:00,689,569,771,178,497,435
07/12/1993 00:00,691,569,775,183,484,416
08/12/1993 00:00,693,566,776,147,445,393
09/12/1993 00:00,694,560,780,121,434,361
10/12/1993 00:00,696,550,780,156,436,361
11/12/1993 00:00,699,538,780,133,449,363
12/12/1993 00:00,701,525,783,214,447,343
13/12/1993 00:00,703,517,784,155,441,365
14/12/1993 00:00,705,509,785,133,429,347
15/12/1993 00:00,707,516,784,171,476,369
16/12/1993 00:00,709,527,783,138,462,409
17/12/1993 00:00,713,533,780,139,462,389
18/12/1993 00:00,715,540,781,128,444,369
19/12/1993 00:00,718,541,782,154,426,366
20/12/1993 00:00,720,544,780,140,434,342
21/12/1993 00:00,721,544,779,113,431,334
22/12/1993 00:00,722,552,775,104,408,308
23/12/1993 00:00,723,535,770,97,410,291
24/12/1993 00:00,724,513,762,92,384,279
25/12/1993 00:00,723,489,749,89,366,265
26/12/1993 00:00,723,472,738,99,350,228
27/12/1993 00:00,723,450,722,112,347,216
28/12/1993 00:00,722,429,700,95,348,222
29/12/1993 00:00,721,406,678,91,352,214
30/12/1993 00:00,720,401,661,95,353,223
31/12/1993 00:00,717,401,648,88,341,212
01/01/1994 00:00,712,432.2446755,632,84,322,200
02/01/1994 00:00,708,431.7253897,615,80,305,195
03/01/1994 00:00,705,415.418774,598,78,306,192
04/01/1994 00:00,699,380.7604922,570,85,318,185
05/01/1994 00:00,693,392.4751812,568,117,320,191
06/01/1994 00:00,675,390.4105912,560,114,315,192
07/01/1994 00:00,666,372.7852781,558,96,320,185
08/01/1994 00:00,655,366.8528887,551,97,322,187
09/01/1994 00:00,645,364.7254432,547,128,336,193
10/01/1994 00:00,638,363.6739924,542,142,342,199
11/01/1994 00:00,631,369.8061899,540,179,359,217
12/01/1994 00:00,625,356.5087299,552,130,367,223
13/01/1994 00:00,614,358.9545888,560,103,364,229
14/01/1994 00:00,607,361.5168666,564,97,367,237
15/01/1994 00:00,602,363.8152633,566,110,384,258
16/01/1994 00:00,598,389.555427,566,128,394,305
17/01/1994 00:00,591,392.3779279,572,152,403,303
18/01/1994 00:00,586,409.0960484,589,172,396,287
19/01/1994 00:00,583,416.69287,594,127,371,280
20/01/1994 00:00,580,398.1971893,593,119,379,269
21/01/1994 00:00,576,388.4848637,585,99,364,251
22/01/1994 00:00,571,370.5473166,574,90,366,244
23/01/1994 00:00,563,370.7632994,559,85,348,237
24/01/1994 00:00,556,358.5873731,545,82,334,214
25/01/1994 00:00,548,346.6881656,534,79,332,207
26/01/1994 00:00,538,343.7396353,521,77,321,202
27/01/1994 00:00,530,327.9874727,506,76,320,194
28/01/1994 00:00,519,303.7494151,495,77,335,192
29/01/1994 00:00,507,301.4580076,490,92,350,210
30/01/1994 00:00,495,327.9631067,480,149,335,208
31/01/1994 00:00,481,332.8735317,479,198,350,213
01/02/1994 00:00,465,316.7225578,490,186,386,239
02/02/1994 00:00,455,346.0642792,491,174,363,256
03/02/1994 00:00,451,338.3190819,500,194,371,234
04/02/1994 00:00,449,317.4686678,511,161,385,229
05/02/1994 00:00,447,313.0075498,515,160,399,240
06/02/1994 00:00,447,333.9149954,518,175,407,274
07/02/1994 00:00,446,373.329768,522,170,389,307
08/02/1994 00:00,444,346.8253144,528,125,393,290
09/02/1994 00:00,442,344.1441908,533,108,390,285
10/02/1994 00:00,442,336.153626,524,100,367,251
11/02/1994 00:00,442,328.1346746,522,94,367,244
12/02/1994 00:00,436,337.668029,513,92,366,270
13/02/1994 00:00,430,323.9895764,503,94,354,240
14/02/1994 00:00,423,315.2193179,496,87,346,226
15/02/1994 00:00,415,310.1351791,489,83,341,221
16/02/1994 00:00,405,301.3836591,481,81,339,215
17/02/1994 00:00,397,281.0596939,473,80,346,204
18/02/1994 00:00,388,292.6465828,469,80,336,212
19/02/1994 00:00,380,297.6857526,472,81,332,210
20/02/1994 00:00,373,301.2370157,477,86,330,204
21/02/1994 00:00,367,293.0479156,476,119,352,208
22/02/1994 00:00,363,305.6752759,468,110,370,272
23/02/1994 00:00,359,312.1403244,462,97,349,264
24/02/1994 00:00,354,320.5018335,486,126,354,240
25/02/1994 00:00,352,328.6827968,494,140,387,288
26/02/1994 00:00,354,350.1991646,499,140,381,307
27/02/1994 00:00,359,325.5488158,511,134,406,296
28/02/1994 00:00,362,297.595863,519,115,451,324
01/03/1994 00:00,362,321.9656394,524,130,457,358
02/03/1994 00:00,367,343.5528202,535,110,440,364
03/03/1994 00:00,377,346.5371285,549,121,450,361
04/03/1994 00:00,389,418.4515798,561,194,428,384
05/03/1994 00:00,399,452.7950953,574,207,405,379
06/03/1994 00:00,405,423.9727825,588,151,401,342
07/03/1994 00:00,410,391.6880449,588,151,420,320
08/03/1994 00:00,412,403.6306273,578,154,389,300
09/03/1994 00:00,415,357.1595972,568,118,399,274
10/03/1994 00:00,414,364.753263,560,106,406,314
11/03/1994 00:00,410,370.377706,553,106,388,303
12/03/1994 00:00,406,349.5634025,552,98,409,309
13/03/1994 00:00,404,366.4531556,554,100,401,320
14/03/1994 00:00,401,372.8439717,554,156,427,339
15/03/1994 00:00,401,363.0514111,555,148,441,349
16/03/1994 00:00,399,362.024629,563,125,437,345
17/03/1994 00:00,400,346.3980486,572,118,452,337
18/03/1994 00:00,403,359.7097472,581,108,448,347
19/03/1994 00:00,409,393.7022797,590,117,422,344
20/03/1994 00:00,412,398.6910214,595,102,409,334
21/03/1994 00:00,415,406.4077477,597,118,398,317
22/03/1994 00:00,418,435.8089992,598,152,403,351
23/03/1994 00:00,423,379.6295719,599,120,432,324
24/03/1994 00:00,425,393.9930396,596,144,404,292
25/03/1994 00:00,429,387.781513,594,126,396,282
26/03/1994 00:00,432,369.7171414,586,106,401,282
27/03/1994 00:00,430,355.9324706,586,104,411,277
28/03/1994 00:00,427,370.835388,587,123,413,292
29/03/1994 00:00,426,426.0536954,589,161,399,334
30/03/1994 00:00,425,406.1878755,591,169,421,330
31/03/1994 00:00,427,407.6216671,597,200,450,353
01/04/1994 00:00,432,423.2969557,607,208,463,382
02/04/1994 00:00,437,428.5925838,615,331,511,385
03/04/1994 00:00,445,381.8202405,621,202,542,427
04/04/1994 00:00,453,386.4117499,640,153,537,432
05/04/1994 00:00,460,384.8732387,651,144,545,434
06/04/1994 00:00,467,402.5652157,660,166,551,448
07/04/1994 00:00,474,407.7598514,668,208,575,460
08/04/1994 00:00,480,419.1940579,674,225,570,453
09/04/1994 00:00,485,459.775151,680,168,512,452
10/04/1994 00:00,489,445.2871702,687,148,514,435
11/04/1994 00:00,494,447.1661331,684,160,505,420
12/04/1994 00:00,496,407.7829104,693,148,546,418
13/04/1994 00:00,500,438.222479,697,166,530,426
14/04/1994 00:00,501,482.4548529,700,155,486,430
15/04/1994 00:00,504,456.4074622,705,140,500,413
16/04/1994 00:00,509,463.5279919,708,127,481,398
17/04/1994 00:00,514,480.7472957,713,141,467,389
18/04/1994 00:00,519,505.5160564,715,135,437,382
19/04/1994 00:00,524,502.2611961,716,138,431,364
20/04/1994 00:00,527,579.5929699,717,330,435,381
21/04/1994 00:00,528,536.7161988,715,194,413,359
22/04/1994 00:00,531,479.8353996,714,143,431,327
23/04/1994 00:00,533,494.7586116,710,176,427,330
24/04/1994 00:00,534,518.8466394,706,229,411,317
25/04/1994 00:00,535,495.6415409,708,180,423,325
26/04/1994 00:00,535,455.4592448,705,144,445,320
27/04/1994 00:00,537,464.1094697,706,131,470,380
28/04/1994 00:00,542,497.4545139,711,137,460,408
29/04/1994 00:00,544,468.0512401,715,153,505,418
30/04/1994 00:00,548,496.8773006,721,222,504,415
01/05/1994 00:00,553,458,724,181,505,439
02/05/1994 00:00,559,478,728,173,524,438
03/05/1994 00:00,565,484,734,154,521,438
04/05/1994 00:00,570,478,739,173,480,437
05/05/1994 00:00,572,473,745,354,457,409
06/05/1994 00:00,576,472,748,301,422,339
07/05/1994 00:00,581,477,751,301,444,331
08/05/1994 00:00,584,459,752,200,453,363
09/05/1994 00:00,587,460,754,182,484,361
10/05/1994 00:00,589,472,758,177,498,405
11/05/1994 00:00,595,462,760,248,515,399
12/05/1994 00:00,600,456,762,220,468,387
13/05/1994 00:00,602,449,766,180,470,364
14/05/1994 00:00,603,445,768,240,474,406
15/05/1994 00:00,606,424,771,194,448,379
16/05/1994 00:00,608,434,773,167,433,354
17/05/1994 00:00,610,427,776,173,436,351
18/05/1994 00:00,612,423,779,175,456,359
19/05/1994 00:00,615,432,782,165,486,392
20/05/1994 00:00,617,437,785,193,502,410
21/05/1994 00:00,624,444,787,150,497,410
22/05/1994 00:00,624,433,788,139,492,387
23/05/1994 00:00,627,422,788,181,443,336
24/05/1994 00:00,628,437,793,155,421,331
25/05/1994 00:00,630,454,792,172,422,304
26/05/1994 00:00,632,463,794,288,471,312
27/05/1994 00:00,636,470,794,177,509,320
28/05/1994 00:00,639,469,794,175,513,341
29/05/1994 00:00,641,481,794,169,512,408
30/05/1994 00:00,641,485,794,168,483,405
31/05/1994 00:00,643,474,794,180,477,398
01/06/1994 00:00,645,472,802,213,478,387
02/06/1994 00:00,648,483,802,210,491,383
03/06/1994 00:00,650,489,803,355,469,376
04/06/1994 00:00,653,489,805,225,471,364
05/06/1994 00:00,655,503,805,193,454,372
06/06/1994 00:00,657,520,805,168,461,363
07/06/1994 00:00,659,529,807,147,481,362
08/06/1994 00:00,663,530,806,225,467,366
09/06/1994 00:00,666,525,804,259,443,365
10/06/1994 00:00,667,523,801,262,442,332
11/06/1994 00:00,668,512,800,211,422,322
12/06/1994 00:00,670,488,791,199,402,305
13/06/1994 00:00,670,471,786,174,409,296
14/06/1994 00:00,671,452,775,178,412,308
15/06/1994 00:00,672,451,769,275,410,300
16/06/1994 00:00,673,463,764,261,405,308
17/06/1994 00:00,673,457,759,180,388,310
18/06/1994 00:00,674,451,753,184,398,287
19/06/1994 00:00,674,448,747,254,406,314
20/06/1994 00:00,674,439,740,185,398,297
21/06/1994 00:00,674,432,740,157,385,286
22/06/1994 00:00,674,426,738,152,386,296
23/06/1994 00:00,675,428,733,152,377,297
24/06/1994 00:00,675,419,732,148,375,285
25/06/1994 00:00,675,407,723,134,383,272
26/06/1994 00:00,674,399,707,225,380,267
27/06/1994 00:00,671,388,689,308,391,262
28/06/1994 00:00,667,392,682,220,399,271
29/06/1994 00:00,664,407,675,205,410,279
30/06/1994 00:00,661,409,672,183,422,286
01/07/1994 00:00,659,421,672,145,410,296
02/07/1994 00:00,656,428,677,204,377,307
03/07/1994 00:00,655,426,678,205,357,294
04/07/1994 00:00,656,420,669,205,343,277
05/07/1994 00:00,657,432,664,190,376,232
06/07/1994 00:00,655,458,659,188,370,251
07/07/1994 00:00,654,488,672,175,399,239
08/07/1994 00:00,655,494,679,204,417,383
09/07/1994 00:00,656,496,683,385,368,376
10/07/1994 00:00,657,469,679,350,356,271
11/07/1994 00:00,657,450,684,245,367,262
12/07/1994 00:00,655,409,670,185,393,269
13/07/1994 00:00,653,382,655,172,430,284
14/07/1994 00:00,648,356,641,150,444,311
15/07/1994 00:00,642,327,647,138,440,320
16/07/1994 00:00,636,320,654,150,401,311
17/07/1994 00:00,629,307,660,185,370,354
18/07/1994 00:00,624,303,656,203,357,308
19/07/1994 00:00,623,307,639,160,356,254
20/07/1994 00:00,619,306,618,159,343,217
21/07/1994 00:00,612,315,606,142,356,219
22/07/1994 00:00,605,329,593,128,379,220
23/07/1994 00:00,599,338,588,138,352,231
24/07/1994 00:00,593,335,594,219,338,215
25/07/1994 00:00,587,329,595,171,331,206
26/07/1994 00:00,582,324,581,168,341,198
27/07/1994 00:00,578,325,566,161,324,193
28/07/1994 00:00,571,314,554,164,330,188
29/07/1994 00:00,562,309,548,188,336,197
30/07/1994 00:00,554,299,539,262,342,204
31/07/1994 00:00,546,289,540,248,329,217
01/08/1994 00:00,539,280,542,196,325,217
02/08/1994 00:00,533,267,543,168,321,199
03/08/1994 00:00,528,274,538,161,340,192
04/08/1994 00:00,521,301,537,190,328,215
05/08/1994 00:00,517,302,531,178,320,204
06/08/1994 00:00,515,304,535,247,317,197
07/08/1994 00:00,513,355,528,281,317,209
08/08/1994 00:00,513,387,525,199,320,203
09/08/1994 00:00,516,413,529,156,324,216
10/08/1994 00:00,521,423,535,152,328,221
11/08/1994 00:00,525,404,536,181,357,226
12/08/1994 00:00,528,405,537,318,352,267
13/08/1994 00:00,525,398,540,223,340,268
14/08/1994 00:00,526,414,556,176,339,242
15/08/1994 00:00,528,425,557,161,368,233
16/08/1994 00:00,530,461,558,208,364,262
17/08/1994 00:00,534,482,557,176,341,236
18/08/1994 00:00,536,462,553,163,332,213
19/08/1994 00:00,540,455,553,139,335,218
20/08/1994 00:00,544,453,547,200,324,214
21/08/1994 00:00,541,452,542,301,320,212
22/08/1994 00:00,539,454,538,248,317,204
23/08/1994 00:00,540,441,534,249,325,202
24/08/1994 00:00,539,433,528,203,323,218
25/08/1994 00:00,538,442,525,176,357,221
26/08/1994 00:00,537,475,519,152,371,283
27/08/1994 00:00,536,474,521,137,341,268
28/08/1994 00:00,538,464,525,136,333,274
29/08/1994 00:00,539,444,533,138,321,261
30/08/1994 00:00,536,426,527,144,317,221
31/08/1994 00:00,535,426,521,146,319,208
01/09/1994 00:00,533,429,517,130,338,203
02/09/1994 00:00,530,448,523,118,323,213
03/09/1994 00:00,529,451,526,124,339,222
04/09/1994 00:00,530,447,534,195,320,271
05/09/1994 00:00,530,446,530,210,299,246
06/09/1994 00:00,531,439,539,151,289,208
07/09/1994 00:00,532,421,537,131,293,197
08/09/1994 00:00,530,400,528,129,304,226
09/09/1994 00:00,530,381,522,136,318,239
10/09/1994 00:00,527,372,522,140,318,235
11/09/1994 00:00,523,376,528,118,295,225
12/09/1994 00:00,519,368,531,129,275,209
13/09/1994 00:00,518,367,528,141,274,186
14/09/1994 00:00,515,361,525,131,274,173
15/09/1994 00:00,514,342,506,128,271,174
16/09/1994 00:00,511,329,496,146,280,163
17/09/1994 00:00,507,339,494,154,269,171
18/09/1994 00:00,502,333,493,185,259,168
19/09/1994 00:00,495,325,499,203,262,174
20/09/1994 00:00,492,330,494,178,271,184
21/09/1994 00:00,490,326,482,136,282,192
22/09/1994 00:00,487,333,480,118,312,223
23/09/1994 00:00,484,345,490,111,305,270
24/09/1994 00:00,484,364,507,153,304,248
25/09/1994 00:00,484,381,527,152,309,303
26/09/1994 00:00,486,406,540,204,320,310
27/09/1994 00:00,494,419,584,281,341,320
28/09/1994 00:00,503,430,596,303,347,330
29/09/1994 00:00,513,455,597,192,373,319
30/09/1994 00:00,525,472,610,145,412,343
01/10/1994 00:00,533,483,610,142,420,348
02/10/1994 00:00,538,475,607,141,395,337
03/10/1994 00:00,543,457,618,139,374,310
04/10/1994 00:00,545,418,621,140,362,285
05/10/1994 00:00,549,413,614,125,340,269
06/10/1994 00:00,552,413,607,134,345,251
07/10/1994 00:00,553,428,608,115,383,250
08/10/1994 00:00,555,433,613,209,390,343
09/10/1994 00:00,558,458,617,154,378,358
10/10/1994 00:00,562,481,626,123,392,387
11/10/1994 00:00,567,496,641,112,394,349
12/10/1994 00:00,573,497,658,105,391,333
13/10/1994 00:00,582,454,658,153,409,339
14/10/1994 00:00,589,513,659,150,395,357
15/10/1994 00:00,594,530,664,151,423,331
16/10/1994 00:00,601,547,675,140,391,339
17/10/1994 00:00,607,530,679,115,384,322
18/10/1994 00:00,611,506,682,124,382,298
19/10/1994 00:00,616,479,683,161,363,325
20/10/1994 00:00,619,489,685,142,388,293
21/10/1994 00:00,621,507,689,149,379,313
22/10/1994 00:00,625,520,689,116,369,331
23/10/1994 00:00,628,525,690,136,374,342
24/10/1994 00:00,632,530,691,224,416,359
25/10/1994 00:00,635,548,703,167,456,400
26/10/1994 00:00,637,561,711,149,454,448
27/10/1994 00:00,641,569,724,121,447,427
28/10/1994 00:00,645,572,731,111,444,408
29/10/1994 00:00,652,422,737,111,437,397
30/10/1994 00:00,655,566,742,117,434,388
31/10/1994 00:00,657,561,743,108,420,338
01/11/1994 00:00,660,537,745,152,413,333
02/11/1994 00:00,662,527,748,155,404,345
03/11/1994 00:00,664,526,749,120,419,380
04/11/1994 00:00,668,530,753,123,440,353
05/11/1994 00:00,670,534,756,134,430,346
06/11/1994 00:00,674,549,761,144,437,428
07/11/1994 00:00,677,557,759,142,490,443
08/11/1994 00:00,680,563,768,123,492,445
09/11/1994 00:00,683,566,770,144,465,448
10/11/1994 00:00,684,569,771,144,469,423
11/11/1994 00:00,686,573,777,205,465,406
12/11/1994 00:00,688,575,785,178,484,391
13/11/1994 00:00,691,575,790,130,433,370
14/11/1994 00:00,693,572,791,115,417,350
15/11/1994 00:00,695,571,795,107,431,353
16/11/1994 00:00,696,568,799,103,434,357
17/11/1994 00:00,697,565,801,101,432,353
18/11/1994 00:00,699,563,802,104,398,358
19/11/1994 00:00,700,553,800,104,385,323
20/11/1994 00:00,701,550,798,116,383,315
21/11/1994 00:00,703,530,794,144,408,312
22/11/1994 00:00,706,517,785,152,402,318
23/11/1994 00:00,709,523,782,221,420,307
24/11/1994 00:00,714,533,780,168,433,368
25/11/1994 00:00,715,551,784,135,451,412
26/11/1994 00:00,717,570,785,155,481,442
27/11/1994 00:00,721,575,794,162,534,446
28/11/1994 00:00,724,580,798,190,529,453
29/11/1994 00:00,726,582,800,167,500,461
30/11/1994 00:00,727,582,801,138,515,444
01/12/1994 00:00,728,580,803,125,492,441
02/12/1994 00:00,728,572,804,119,485,434
03/12/1994 00:00,729,563,806,111,470,419
04/12/1994 00:00,730,552,808,118,463,396
05/12/1994 00:00,732,547,810,117,449,383
06/12/1994 00:00,734,529,809,109,439,369
07/12/1994 00:00,735,509,810,109,426,353
08/12/1994 00:00,736,481,809,264,412,321
09/12/1994 00:00,736,471,805,166,392,290
10/12/1994 00:00,737,460,799,151,378,278
11/12/1994 00:00,737,451,787,216,377,291.4989918
12/12/1994 00:00,737,439,774,157,352,267.7005102
13/12/1994 00:00,737,423,758,122,352,266.4607708
14/12/1994 00:00,737,490,740,127,355,272.8841585
15/12/1994 00:00,737,376,720,120,350,254.0230162
16/12/1994 00:00,737,368,708,125,375,276.3211251
17/12/1994 00:00,735,450,702,108,380,290.0638491
18/12/1994 00:00,732,337,696,102,354,252.3290804
19/12/1994 00:00,729,327,687,105,363,259.0549881
20/12/1994 00:00,726,318,676,113,384,277.3377678
21/12/1994 00:00,723,309,660,142,390,277.9155356
22/12/1994 00:00,717,329,664,158,386,275.612449
23/12/1994 00:00,711,338,674,137,376,270.0757374
24/12/1994 00:00,707,319,666,164,345,233.6137045
25/12/1994 00:00,703,310,655,209,339,221.5757809
26/12/1994 00:00,697,291,643,173,336,218.1606783
27/12/1994 00:00,690,286,636,132,332,216.3732065
28/12/1994 00:00,682,281,630,117,361,246.1956374
29/12/1994 00:00,675,287,626,109,353,239.2262055
30/12/1994 00:00,667,283,618,106,338,223.2143953
31/12/1994 00:00,658,276,608,101,320,203.7887348
01/01/1995 00:00,649,260,594,92,308,189.2637912
02/01/1995 00:00,641,247,582,84,293,172.1455382
03/01/1995 00:00,633,231,573,81,296,173.0601836
04/01/1995 00:00,621,226,549,79,286,159.7458757
05/01/1995 00:00,609,221,528,77,281,151.9741544
06/01/1995 00:00,594,217,517,76,277,147.0269424
07/01/1995 00:00,581,211,505,77,278,146.4851855
08/01/1995 00:00,568,205,492,75,273,139.9420753
09/01/1995 00:00,547,202,484,88,266,131.840934
10/01/1995 00:00,533,209,476,86,266,132.509806
11/01/1995 00:00,518,214,467,96,271,137.002218
12/01/1995 00:00,502,206,457,85,266,131.6897622
13/01/1995 00:00,486,199,447,111,264,126.5199972
14/01/1995 00:00,471,194,442,86,259,123.34359
15/01/1995 00:00,459,186,440,87,265,129.1656042
16/01/1995 00:00,445,181,435,85,268,132.1657414
17/01/1995 00:00,432,188,427,92,279,143.1903823
18/01/1995 00:00,423,189,423,86,272,136.7336198
19/01/1995 00:00,414,177,423,88,280,144.1938272
20/01/1995 00:00,403,176,430,93,285,150.6971381
21/01/1995 00:00,395,170,429,169,285,144.3981637
22/01/1995 00:00,390,167,427,194,267,123.8797511
23/01/1995 00:00,386,160,428,147,262,122.3889995
24/01/1995 00:00,384,151,428,115,267,129.3232091
25/01/1995 00:00,380,156,419,99,269,132.040349
26/01/1995 00:00,373,161,406,91,272,134.727032
27/01/1995 00:00,366,167,398,88,260,122.6679736
28/01/1995 00:00,359,175,393,91,268,131.0826096
29/01/1995 00:00,347,181,388,87,268,132.1316188
30/01/1995 00:00,340,187,385,84,269,134.0455017
31/01/1995 00:00,323,185,384,82,298,164.5777635
01/02/1995 00:00,310,174,383,83,268,133.8075118
02/02/1995 00:00,300,161,387,83,267,132.9007242
03/02/1995 00:00,297,148,407,82,259,126.9396549
04/02/1995 00:00,294,138,399,81,260,126.0285784
05/02/1995 00:00,294,124,390,83,263,126.1244828
06/02/1995 00:00,292,111,374,139,262,116.9399132
07/02/1995 00:00,282,104,364,106,260,116.0960575
08/02/1995 00:00,273,98,362,89,258,115.2279518
09/02/1995 00:00,262,99,362,80,257,115.8806535
10/02/1995 00:00,253,94,357,77,253,111.4774676
11/02/1995 00:00,249,94,352,77,247,104.912637
12/02/1995 00:00,245,89,347,75,247,104.105741
13/02/1995 00:00,240,85,343,75,243,99.40899659
14/02/1995 00:00,236,80,335,75,245,100.000301
15/02/1995 00:00,231,77,328,75,243,96.96240735
16/02/1995 00:00,225,73,324,75,240,93.35666079
17/02/1995 00:00,219,77,320,74,240,93.66405161
18/02/1995 00:00,214,75,319,74,241,94.70687871
19/02/1995 00:00,209,64,315,74,232,84.2471554
20/02/1995 00:00,203,56,309,74,230,80.94944269
21/02/1995 00:00,200,50,309,74,236,86.67560113
22/02/1995 00:00,196,53,305,91,242,91.36073442
23/02/1995 00:00,193,66,301,88,237,87.4143083
24/02/1995 00:00,192,80,308,79,256,109.9730865
25/02/1995 00:00,192,90,325,104,271,126.809609
26/02/1995 00:00,200,87,333,120,264,118.7544046
27/02/1995 00:00,208,78,333,105,256,110.3561746
28/02/1995 00:00,214,73,346,95,257,113.2640298
01/03/1995 00:00,214,68,366,95,257,115.898598
02/03/1995 00:00,214,65,360,110,252,108.3752955
03/03/1995 00:00,221,62,350,161,276,126.2001919
04/03/1995 00:00,224,59,346,163,278,126.9176895
05/03/1995 00:00,219,56,338,196,289,134.2390229
06/03/1995 00:00,214,54,337,140,279,128.6605
07/03/1995 00:00,209,57,353,103,277,153
08/03/1995 00:00,207,53,362,112,294,179
09/03/1995 00:00,210,58,369,163,280,210
10/03/1995 00:00,216,59,376,161,272,203
11/03/1995 00:00,223,57,387,135,278,208
12/03/1995 00:00,225,64,396,170,309,212
13/03/1995 00:00,227,71,405,148,341,259
14/03/1995 00:00,233,77,420,123,362,293
15/03/1995 00:00,242,82,443,92,322,287
16/03/1995 00:00,255,84,476,83,301,251
17/03/1995 00:00,268,82,488,77,285,214
18/03/1995 00:00,284,84,469,72,281,194
19/03/1995 00:00,294,88,445,70,276,179
20/03/1995 00:00,290,91,414,70,316,173
21/03/1995 00:00,278,96,394,79,301,232
22/03/1995 00:00,259,102,390,85,354,253
23/03/1995 00:00,244,110,412,95,353,282
24/03/1995 00:00,240,114,445,113,336,256
25/03/1995 00:00,250,148,477,127,364.4353536,248
26/03/1995 00:00,273,183,496,108,363.8166466,253
27/03/1995 00:00,292,189,489,109,368.2865312,263
28/03/1995 00:00,303,194,478,94,379.35425,286
29/03/1995 00:00,306,198,493,79,386.2592025,297
30/03/1995 00:00,305,205,498,76,377.5219741,284
31/03/1995 00:00,306,211,511,72,377.442172,283
01/04/1995 00:00,312,217,507,82,350,264
02/04/1995 00:00,318,225,497,82,348,259
03/04/1995 00:00,324,233,488,82,318,271
04/04/1995 00:00,324,226,483,85,315,256
05/04/1995 00:00,324,244,484,83,299,226
06/04/1995 00:00,323,208,476,93,297,203
07/04/1995 00:00,321,204,470,114,289,213
08/04/1995 00:00,317,200,453,93,301,233
09/04/1995 00:00,313,208,447,138,318,226
10/04/1995 00:00,307,216,446,143,331,244
11/04/1995 00:00,306,226,462,126,313,229
12/04/1995 00:00,311,244,472,103,315,222
13/04/1995 00:00,316,265,471,152,320,217
14/04/1995 00:00,321,261,473,138,321,227
15/04/1995 00:00,324,259,470,133,368,278
16/04/1995 00:00,321,271,476,225,369,296
17/04/1995 00:00,318,282,495,190,414,358
18/04/1995 00:00,323,291,513,188,410,384
19/04/1995 00:00,334,298,532,162,435,340
20/04/1995 00:00,348,312,562,149,433,361
21/04/1995 00:00,365,317,571,189,431,376
22/04/1995 00:00,381,326,582,247,463,371
23/04/1995 00:00,392,335,592,196,486,393
24/04/1995 00:00,401,338,600,190,474,383
25/04/1995 00:00,411,329,613,162,442.1878176,373
26/04/1995 00:00,419,322,618,163,449.7935903,383
27/04/1995 00:00,422,311,627,163,476,373
28/04/1995 00:00,428,341,633,157,475,396
29/04/1995 00:00,435,375,646,143,475,391
30/04/1995 00:00,445,392,660,135,453.9548167,398
01/05/1995 00:00,456,380,670,142,387.7636855,291
02/05/1995 00:00,466,366,676,137,470,285
03/05/1995 00:00,473,371,680,133,456,277
04/05/1995 00:00,479,375,683,123,461,269
05/05/1995 00:00,484,373,688,102,439,267
06/05/1995 00:00,487,360,689,125,414,259
07/05/1995 00:00,492,354,693,145,459,325
08/05/1995 00:00,497,382,691,144,471,388
09/05/1995 00:00,499,395,702,127,459,384
10/05/1995 00:00,504,386,713,187,431,366
11/05/1995 00:00,507,378,704,135,428,349
12/05/1995 00:00,511,371,703,137,405,342
13/05/1995 00:00,514,364,696,183,390,337
14/05/1995 00:00,516,369,690,195,411,332
15/05/1995 00:00,517,391,686,194,407,367
16/05/1995 00:00,518,402,688,167,441,356
17/05/1995 00:00,521,412,693,138,466,379
18/05/1995 00:00,523,422,697,131,461,385
19/05/1995 00:00,528,428,699,168,427,361
20/05/1995 00:00,534,437,698,158,400,342
21/05/1995 00:00,538,445,700,131,387,298
22/05/1995 00:00,542,436,700,176,393,292
23/05/1995 00:00,544,417,699,168,391,271
24/05/1995 00:00,545,387,693,148,393,257
25/05/1995 00:00,547,373,685,149,420,261
26/05/1995 00:00,546,373,685,168,442,273
27/05/1995 00:00,545,385,690,158,446,286
28/05/1995 00:00,547,388,698,134,448,308
29/05/1995 00:00,549,397,701,126,459,341
30/05/1995 00:00,551,407,703,120,472,381
31/05/1995 00:00,554,421,704,140,518,387
01/06/1995 00:00,559,435,719,129,465,392
02/06/1995 00:00,563,427,724,115,452,387
03/06/1995 00:00,568,437,728,128,428,379
04/06/1995 00:00,571,444,732,139,405,361
05/06/1995 00:00,574,454,736,113,415,343
06/06/1995 00:00,580,502.92698,741,123,431,341
07/06/1995 00:00,584,508.118829,743,127,432,346
08/06/1995 00:00,590,501.8546538,745,176,465,357
09/06/1995 00:00,593,507.9486225,748,192,496,403
10/06/1995 00:00,596,510.5796041,752,143,474,396
11/06/1995 00:00,599,532.7558718,758,125,442,384
12/06/1995 00:00,603,559.466408,761,113,401,365
13/06/1995 00:00,608,544.5904281,767,134,414,342
14/06/1995 00:00,612,548.8679421,771,129,416,350
15/06/1995 00:00,612,559.2233674,772,125,396,336
16/06/1995 00:00,614,558.1129309,774,109,384,322
17/06/1995 00:00,619,550.7679007,775,102,386,316
18/06/1995 00:00,622,540.8825053,774,113,395,309
19/06/1995 00:00,626,582.0486445,773,262,412,316
20/06/1995 00:00,629,586.3109254,777,225,411,338
21/06/1995 00:00,632,599.4594541,788,173,380,327
22/06/1995 00:00,636,607.5927693,773,236,370,305
23/06/1995 00:00,639,592.335892,771,192,354,283
24/06/1995 00:00,639,587.6753898,767,155,349,294
25/06/1995 00:00,640,574.1223743,762,169,361,289
26/06/1995 00:00,642,575.5587737,759,165,354,286
27/06/1995 00:00,643,551.4330315,753,153,367,282
28/06/1995 00:00,643,555.9554765,748,138,350,277
29/06/1995 00:00,643,547.4501603,737,181,358,264
30/06/1995 00:00,642,541.449007,732,260,390,265
01/07/1995 00:00,641,437,720,166,361,295
02/07/1995 00:00,641,449,720,158,382,280
03/07/1995 00:00,641,472,718,151,370,269
04/07/1995 00:00,641,487,704,182,355,261
05/07/1995 00:00,643,486,700,165,341,276
06/07/1995 00:00,641,484,692,157,345,275
07/07/1995 00:00,643,494,684,148,363,271
08/07/1995 00:00,644,521,680,142,369,266
09/07/1995 00:00,645,529,682,133,349,264
10/07/1995 00:00,646,514,677,138,370,279
11/07/1995 00:00,646,492,669,141,341,269
12/07/1995 00:00,644,488,666,140,319,264
13/07/1995 00:00,641,481,665,131,317,254
14/07/1995 00:00,641,456,653,125,330,250
15/07/1995 00:00,640,441,641,118,329,252
16/07/1995 00:00,639,455,640,131,321,249
17/07/1995 00:00,639,476,640,209,328,242
18/07/1995 00:00,637,490,640,149,339,240
19/07/1995 00:00,636,499,638,135,373,252
20/07/1995 00:00,636,512,636,132,371,287
21/07/1995 00:00,635,520,640,193,391,284
22/07/1995 00:00,634,527,646,190,387,317
23/07/1995 00:00,634,537,649,159,403,328
24/07/1995 00:00,635,552,657,154,416,360
25/07/1995 00:00,640,564,666,152,413,351
26/07/1995 00:00,643,572,674,151,428,349.9404009
27/07/1995 00:00,646,579,678,151,429,360
28/07/1995 00:00,655,583,682,142,446,361
29/07/1995 00:00,658,585,687,132,452,371
30/07/1995 00:00,659,585,695,123,431,370
31/07/1995 00:00,660,587,701,119,427,340
01/08/1995 00:00,662,592,702,113,441,364
02/08/1995 00:00,667,597,712,108,422,385
03/08/1995 00:00,671,593,719,105,430,343
04/08/1995 00:00,675,588,725,103,453,367
05/08/1995 00:00,678,585,729,102,449,400
06/08/1995 00:00,681,580,735,103,419,368
07/08/1995 00:00,684,578,742,100,404,336
08/08/1995 00:00,686,573,744,150,393,310
09/08/1995 00:00,688,566,746,137,363,297
10/08/1995 00:00,692,557,753,120,349,271
11/08/1995 00:00,696,554,755,109,375,261
12/08/1995 00:00,698,558,753,104,393,308
13/08/1995 00:00,701,560,754,104,382,306
14/08/1995 00:00,705,558,755,105,391,293
15/08/1995 00:00,710,555,757,103,393,300
16/08/1995 00:00,711,556,757,100,429,317
17/08/1995 00:00,713,552,760,98,400,373
18/08/1995 00:00,719,542,766,98,397,321
19/08/1995 00:00,725,531,777,97,404,309
20/08/1995 00:00,727,531,784,119,381,325
21/08/1995 00:00,730,541,785,126,400,300
22/08/1995 00:00,735,548,786,111,398,315
23/08/1995 00:00,736,552,785,100,392,297
24/08/1995 00:00,738,546,789,94,423,355
25/08/1995 00:00,740,541,790,90,385,345
26/08/1995 00:00,745,543,788,86,392,353
27/08/1995 00:00,748,552,795,83,419,382
28/08/1995 00:00,750,559,799,82,436,413
29/08/1995 00:00,752,558,804,82,403,406
30/08/1995 00:00,754,553,811,83,375,368
31/08/1995 00:00,755,550,813,93,346,310
01/09/1995 00:00,757,542,810,104,337,306
02/09/1995 00:00,758,526,807,114,327,265
03/09/1995 00:00,759,514,799,120,313,262
04/09/1995 00:00,760,485,789,117,305,248
05/09/1995 00:00,761,465,772,111,304,230
06/09/1995 00:00,761,456,760,105,300,216
07/09/1995 00:00,761,444,742,99,296,210
08/09/1995 00:00,761,437,734,95,298,203
09/09/1995 00:00,761,427,720,91,303,205
10/09/1995 00:00,760,423,714,90,299,215
11/09/1995 00:00,759,421,703,94,310,210
12/09/1995 00:00,759,430,702,98,308,209
13/09/1995 00:00,758,441,705,96,312,243
14/09/1995 00:00,758,450,707,120,344,290
15/09/1995 00:00,756,459,721,118,368,310
16/09/1995 00:00,753,470,734,124,398,325
17/09/1995 00:00,753,476,738,112,381,366
18/09/1995 00:00,751,468,742,102,350,325
19/09/1995 00:00,750,464,748,95,352,325
20/09/1995 00:00,749,456,743,92,353,293
21/09/1995 00:00,747,441,739,101,330,303
22/09/1995 00:00,746,443,738,110,340,325
23/09/1995 00:00,744,448,738,122,392,340
24/09/1995 00:00,744,444,740,121,365,378
25/09/1995 00:00,743,437,745,107,348,366
26/09/1995 00:00,741,433,753,99,378,325
27/09/1995 00:00,739,429,753,98,358,357
28/09/1995 00:00,737,425,751,93,333,303
29/09/1995 00:00,736,416,752,86,324,270
30/09/1995 00:00,736,407,745,168,344,280
01/10/1995 00:00,733,397,739,244,381,325
02/10/1995 00:00,731,392,745,160,404,338
03/10/1995 00:00,730,387,748,123,390,340
04/10/1995 00:00,728,392,747,103,364,310
05/10/1995 00:00,727,400,741,93,360,283
06/10/1995 00:00,725,409,733,99,368,308
07/10/1995 00:00,721,423,731,88,354,333
08/10/1995 00:00,720,437,745,87,391,330
09/10/1995 00:00,717,451,746,106,370,348
10/10/1995 00:00,718,468,743,104,367,340
11/10/1995 00:00,719,481,748,100,349,323
12/10/1995 00:00,720,493,750,92,371,328
13/10/1995 00:00,720,517,755,123,385,360
14/10/1995 00:00,719,530,759,112,386,370
15/10/1995 00:00,719,524,766,121,381,372
16/10/1995 00:00,721,525,771,142,409,358
17/10/1995 00:00,725,533,777,141,407,400
18/10/1995 00:00,730,539,784,162,422,375
19/10/1995 00:00,733,543,789,110,397,380
20/10/1995 00:00,736,554,793,112,387,373
21/10/1995 00:00,737,565,802,104,390,368
22/10/1995 00:00,738,576,805,94,408,383
23/10/1995 00:00,741,584,808,102,414,390
24/10/1995 00:00,742,585,811,106,419,385
25/10/1995 00:00,742,588,816,115,415,383
26/10/1995 00:00,743,591,820,109,382,371
27/10/1995 00:00,745,596,828,105,408,365
28/10/1995 00:00,746,597,829,123,428,375
29/10/1995 00:00,748,598,830,108,457,393
30/10/1995 00:00,749,598,832,94,426,420
31/10/1995 00:00,750,598,830,146,416,373
01/11/1995 00:00,742.362522,593,831,164,448,395
02/11/1995 00:00,743.0337694,586,832,111,436,410
03/11/1995 00:00,755.6027733,573,832,125,403,388
04/11/1995 00:00,749.0404074,572,832,130,436,388
05/11/1995 00:00,753.201542,561,833,136,432,380
06/11/1995 00:00,751.6239066,550,832,141,443,373
07/11/1995 00:00,747.4955701,540,830,130,444,378
08/11/1995 00:00,745.4339101,535,834,135,447,398
09/11/1995 00:00,748.8860482,531,833,140,426,395
10/11/1995 00:00,753.6709288,535,833,130,415,388
11/11/1995 00:00,764.9676932,541,833,128,410,356
12/11/1995 00:00,758.3666654,538,830,152,421,355
13/11/1995 00:00,740.9595832,535,830,152,437,400
14/11/1995 00:00,741.962121,537,828,116,419,404
15/11/1995 00:00,778,542,827,118,446,375
16/11/1995 00:00,780,549,825,105,438,390
17/11/1995 00:00,782,547,822,113,459,358
18/11/1995 00:00,784,542,821,117,455,405
19/11/1995 00:00,785,539,819,132,436,385
20/11/1995 00:00,785,524,818,203,406,360
21/11/1995 00:00,786,498,817,127,394,315
22/11/1995 00:00,787,478,815,109,446,338
23/11/1995 00:00,787,471,808,135,466,390
24/11/1995 00:00,787,466,805,121,435,395
25/11/1995 00:00,787,456,807,105,429,393
26/11/1995 00:00,787,458,811,107,454,395
27/11/1995 00:00,787,455,808,112,419,393
28/11/1995 00:00,787,456,808,97,409,348
29/11/1995 00:00,786,446,805,89,369,311
30/11/1995 00:00,753.7897265,433,797,85,359,275
01/12/1995 00:00,784,424,782,82,368,263
02/12/1995 00:00,781,410,762,81,355,265
03/12/1995 00:00,780,386,748,80,367,252
04/12/1995 00:00,778,391,731,80,427,279
05/12/1995 00:00,776,417,718,81,404,370
06/12/1995 00:00,773,434,728,81,432,345
07/12/1995 00:00,770,450,742,79,445,383
08/12/1995 00:00,769,456,741,79,403,380
09/12/1995 00:00,768,450,740,90,380,340
10/12/1995 00:00,765,439,736,82,359,290
11/12/1995 00:00,762,421,728,84,360,273
12/12/1995 00:00,758,415,713,114,396,315
13/12/1995 00:00,754,428,705,103,424,360
14/12/1995 00:00,751,443,714,99,451,358
15/12/1995 00:00,747,449,715,131,451,393
16/12/1995 00:00,744,452,719,116,442,400
17/12/1995 00:00,742,446,721,100,444,368
18/12/1995 00:00,739,431,721,92,444,368
19/12/1995 00:00,735,435,722,91,421,383
20/12/1995 00:00,731,423,717,86,425,333
21/12/1995 00:00,728,414,717,81,411,343
22/12/1995 00:00,724,426,712,101,392,328
23/12/1995 00:00,721,421,705,121,404,345
24/12/1995 00:00,718,426,700,159,412,310
25/12/1995 00:00,716,433,697,134,395,361
26/12/1995 00:00,713,428,696,130,407,325
27/12/1995 00:00,710,417,696,110,424,358
28/12/1995 00:00,706,410,688,96,392,345
29/12/1995 00:00,702,393,688,84,384,298
30/12/1995 00:00,697,372,684,93,404,313
31/12/1995 00:00,693,352,673,90,384,325
01/01/1996 00:00,689,342,666,87,372,293
02/01/1996 00:00,684,336,658,77,347,275
03/01/1996 00:00,679,330,647,85,333,245
04/01/1996 00:00,672,322,630,120,327,230
05/01/1996 00:00,664,316,609,105,344,220
06/01/1996 00:00,655,306,596,97,348,250
07/01/1996 00:00,644,306,589,83,346,250
08/01/1996 00:00,634,297,584,77,348,243
09/01/1996 00:00,623,292,575,72,339,260
10/01/1996 00:00,612,299,567,69,330,248
11/01/1996 00:00,603,281,562,68,329,240
12/01/1996 00:00,592,270,558,65,320,230
13/01/1996 00:00,582,257,550,67,324,223
14/01/1996 00:00,572,264,546,88,349,255
15/01/1996 00:00,562,276,543,81,342,283
16/01/1996 00:00,554,298,557,78,362,265
17/01/1996 00:00,546,304,571,82,366,278
18/01/1996 00:00,543,293,568,94,358,278
19/01/1996 00:00,543,303,566,97,351,273
20/01/1996 00:00,541,316,565,90,361,288
21/01/1996 00:00,538,327,561,101,365,278
22/01/1996 00:00,534,326,558,147,351,270
23/01/1996 00:00,530,334,555,122,355,270
24/01/1996 00:00,527,356,554,114,367,268
25/01/1996 00:00,525,355,552,165,368,273
26/01/1996 00:00,521,346,546,175,361,278
27/01/1996 00:00,517,340,545,115,376,280
28/01/1996 00:00,511,336,542,107,386,288
29/01/1996 00:00,505,325,536,139,360,285
30/01/1996 00:00,501,307,531,166,336,255
31/01/1996 00:00,493,294,536,147,325,228
01/02/1996 00:00,486,298,524,132,330,218
02/02/1996 00:00,481,286,504,145,358,223
03/02/1996 00:00,473,282,488,137,375,255
04/02/1996 00:00,463,281,491,123,385,270
05/02/1996 00:00,452,301,498,146,397,300
06/02/1996 00:00,445,338,508,185,364,320
07/02/1996 00:00,446,336,520,196,360,283
08/02/1996 00:00,451,335,530,166,372,278
09/02/1996 00:00,454,366,528,153,423,310
10/02/1996 00:00,457,392,530,179,447,353
11/02/1996 00:00,463,398,541,190,457,358
12/02/1996 00:00,468,389,552,200,435,373
13/02/1996 00:00,470,385,561,194,429,335
14/02/1996 00:00,472,387,577,193,410,338
15/02/1996 00:00,476,387,574,152,397,313
16/02/1996 00:00,477,376,567,124,401,308
17/02/1996 00:00,477,364,563,127,393,303
18/02/1996 00:00,477,368,562,230,412,335
19/02/1996 00:00,476,396,567,156,381,330
20/02/1996 00:00,474,403,566,126,364,275
21/02/1996 00:00,476,389,572,111,379,260
22/02/1996 00:00,477,381,565,113,379,280
23/02/1996 00:00,476,369,552,127,371,275
24/02/1996 00:00,472,349,546,113,342,268
25/02/1996 00:00,467,329,547,105,362,235
26/02/1996 00:00,462,316,541,117,369,258
27/02/1996 00:00,457,311,528,145,365,265
28/02/1996 00:00,451,306,522,116,363,275
29/02/1996 00:00,443,326,524,114,381,280
01/03/1996 00:00,440,346,533,147,421,295
02/03/1996 00:00,442,385,537,160,410,348
03/03/1996 00:00,445,409,540,147,430,340
04/03/1996 00:00,449,421,565,130,427,378
05/03/1996 00:00,457,422,578,122,425,353
06/03/1996 00:00,464,416,592,125,447,353
07/03/1996 00:00,469,425,594,197,455,400
08/03/1996 00:00,473,439,598,195,489,393
09/03/1996 00:00,478,457,615,164,488,423
10/03/1996 00:00,484,468,630,129,496,415
11/03/1996 00:00,495,468,649,122,534,435
12/03/1996 00:00,506,480,652,139,543,453
13/03/1996 00:00,509,504,662,140,510,463
14/03/1996 00:00,516,519,671,117,493,465
15/03/1996 00:00,526,535,678,128,450,455
16/03/1996 00:00,533,545,688,154,446,433
17/03/1996 00:00,540,545,697,201,429,418
18/03/1996 00:00,546,546,703,134,441,393
19/03/1996 00:00,552,540,705,118,444,383
20/03/1996 00:00,558,537,711,110,438,368
21/03/1996 00:00,564,532,711,125,414,348
22/03/1996 00:00,569,526,715,138,418,338
23/03/1996 00:00,572,519,711,121,424,340
24/03/1996 00:00,576,509,706,106,444,355
25/03/1996 00:00,578,497,705,99,418,348
26/03/1996 00:00,579,474,702,98,416,325
27/03/1996 00:00,580,479,700,115,429,353
28/03/1996 00:00,580,478,696,98,379,313
29/03/1996 00:00,580,462,696,96,381,283
30/03/1996 00:00,581,452,691,100,363,303
31/03/1996 00:00,580,441,686,108,370,295
01/04/1996 00:00,581,423,683,94,386,285
02/04/1996 00:00,580,411,677,92,410,338
03/04/1996 00:00,578,451,675,110,422,333
04/04/1996 00:00,577,414,681,121,395,375
05/04/1996 00:00,577,418,682,98,380,320
06/04/1996 00:00,577,433,682,120,383,345
07/04/1996 00:00,578,451,683,101,365,303
08/04/1996 00:00,579,453,680,95,349,278
09/04/1996 00:00,579,446,672,146,365,258
10/04/1996 00:00,578,441,664,145,376,305
11/04/1996 00:00,575,441,659,173,388,333
12/04/1996 00:00,575,450,665,126,386,323
13/04/1996 00:00,575,458,667,107,390,350
14/04/1996 00:00,575,466,667,134,384,328
15/04/1996 00:00,575,460,667,137,398,315
16/04/1996 00:00,576,443,664,184,426,363
17/04/1996 00:00,575,420,660,197,398,363
18/04/1996 00:00,573,406,662,140,362,310
19/04/1996 00:00,571,395,659,133,376,280
20/04/1996 00:00,570,381,649,128,352,295
21/04/1996 00:00,567,367,641,111,386,288
22/04/1996 00:00,564,355,634,102,413,320
23/04/1996 00:00,559,366,629,99,408,368
24/04/1996 00:00,554,383,630,136,415,345
25/04/1996 00:00,552,391,650,148,418,355
26/04/1996 00:00,554,398,654,125,460,350
27/04/1996 00:00,555,404,655,160,461,400
28/04/1996 00:00,555,410,657,190,424,390
29/04/1996 00:00,554,434,657,164,446,375
30/04/1996 00:00,554,446,669,135,463,390
01/05/1996 00:00,550,459,672,190,461,396
02/05/1996 00:00,558,480,679,128,459,403
03/05/1996 00:00,562,484,684,123,435,380
04/05/1996 00:00,565,489,687,116,408,353
05/05/1996 00:00,566,474,689,125,404,318
06/05/1996 00:00,568,459,686,135,455,330
07/05/1996 00:00,570,454,682,114,468,375
08/05/1996 00:00,572,475,685,110,488,400
09/05/1996 00:00,574,490,692,150,494,418
10/05/1996 00:00,576,516,698,170,460,415
11/05/1996 00:00,581,524,703,203,446,385
12/05/1996 00:00,586,521,707,210,438,383
13/05/1996 00:00,590,517,711,175,476,405
14/05/1996 00:00,592,526,714,260,435,430
15/05/1996 00:00,594,537,715,183,446,403
16/05/1996 00:00,598,544,718,145,470,413
17/05/1996 00:00,602,545,724,153,490,425
18/05/1996 00:00,606,554,731,165,477,438
19/05/1996 00:00,611,548,737,140,442,420
20/05/1996 00:00,615,547,742,190,448,383
21/05/1996 00:00,617,547,747,180,488,370
22/05/1996 00:00,621,551,753,145,492,413
23/05/1996 00:00,623,550,757,125,509,415
24/05/1996 00:00,627,554,765,126,485,435
25/05/1996 00:00,631,548,768,117,476,432
26/05/1996 00:00,636,552,771,128,445,425
27/05/1996 00:00,641,553,775,145,489,415
28/05/1996 00:00,644,554,779,145,524,425
29/05/1996 00:00,646,557,782,120,511,435
30/05/1996 00:00,651,566,787,120,479,438
31/05/1996 00:00,656,579,790,140,514,418
01/06/1996 00:00,661,587,791,130,521,433
02/06/1996 00:00,664,594,800,132,500,438
03/06/1996 00:00,666,546.6728863,805,115,497,440
04/06/1996 00:00,669,549.8994586,808,143,502,433
05/06/1996 00:00,672,561.3371019,812,185,509,433
06/06/1996 00:00,674,588.7743212,816,140,469,435
07/06/1996 00:00,679,583.8316604,818,125,445,395
08/06/1996 00:00,684,593.0808419,821,117,415,363
09/06/1996 00:00,686,606.3901027,823,140,399,343
10/06/1996 00:00,688,598.7547337,827,165,397,308
11/06/1996 00:00,689,588.4824064,830,145,391,290
12/06/1996 00:00,691,582,830,138,376,300
13/06/1996 00:00,694,559,830,130,359,273
14/06/1996 00:00,697,543,825,132,407,280
15/06/1996 00:00,700,540,815,125,412,333
16/06/1996 00:00,702,537,809,188,402,328
17/06/1996 00:00,705,536,811,157,396,328
18/06/1996 00:00,708,536,811,162,388,325
19/06/1996 00:00,711,545,811,141,395,363
20/06/1996 00:00,713,553,809,142,383,310
21/06/1996 00:00,715,561,811,150,403,325
22/06/1996 00:00,718,573,808,238,393,328
23/06/1996 00:00,719,576,807,238,378,310
24/06/1996 00:00,721,584,807,206,356,285
25/06/1996 00:00,723,583,803,233,394,268
26/06/1996 00:00,724,575,800,175,426,335
27/06/1996 00:00,727,570,794,201,412,380
28/06/1996 00:00,729,579,803,170,427,363
29/06/1996 00:00,731,586,812,183,487,408
30/06/1996 00:00,733,591,816,213,478,420
01/07/1996 00:00,736,596,817,182,460,413
02/07/1996 00:00,740,611.2236384,822,192,447,395
03/07/1996 00:00,745,594.367923,825,153,454,398
04/07/1996 00:00,746,608.4791817,829,132,430,390
05/07/1996 00:00,748,620.7261966,831,178,416,358
06/07/1996 00:00,749,630.8768258,833,225,412,338
07/07/1996 00:00,751,604.1281733,834,152,413,338
08/07/1996 00:00,753,611.6328581,835,125,412,363
09/07/1996 00:00,756,621.9823659,837,113,405,373
10/07/1996 00:00,758,591.0498325,837,109,411,335
11/07/1996 00:00,761,606.3982618,840,180,429,343
12/07/1996 00:00,765,642.7456307,840,257,427,353
13/07/1996 00:00,768,598,840,214,390,340
14/07/1996 00:00,772,596,840,138,383,318
15/07/1996 00:00,776,594,837,110,375,315
16/07/1996 00:00,779,588,837,268,378,290
17/07/1996 00:00,781,585,830,299,367,295
18/07/1996 00:00,785,580,824,257,385,285
19/07/1996 00:00,788,572,816,271,403,293
20/07/1996 00:00,791,565,806,331,377,305
21/07/1996 00:00,793,564,798,280,419,290
22/07/1996 00:00,795,555,793,290,422,338
23/07/1996 00:00,798,541,790,219,431,320
24/07/1996 00:00,799,525,791,175,436,328
25/07/1996 00:00,801,514,786,156,430,330
26/07/1996 00:00,803,491,780,145,409,328
27/07/1996 00:00,805,486,785,138,377,305
28/07/1996 00:00,805,503,786,134,377,293
29/07/1996 00:00,806,515,775,152,377,293
30/07/1996 00:00,806,516,769,246,357,275
31/07/1996 00:00,805,505,759,256,342,250
01/08/1996 00:00,804,492,748,220,334,238
02/08/1996 00:00,803,477,732,175,356,240
03/08/1996 00:00,802,466,719,145,361,255
04/08/1996 00:00,801,474,715,140,372,273
05/08/1996 00:00,799,490,714,135,362,273
06/08/1996 00:00,797,508,715,166,353,273
07/08/1996 00:00,797,534,715,221,328,260
08/08/1996 00:00,796,544,715,167,331,235
09/08/1996 00:00,793,554,711,144,340,233
10/08/1996 00:00,791,559,698,165,357,255
11/08/1996 00:00,791,566,693,155,359,265
12/08/1996 00:00,789,570,695,124,357,260
13/08/1996 00:00,787,574,696,110,348,255
14/08/1996 00:00,785,569,694,94,312,233
15/08/1996 00:00,783,556,688,114,321,205
16/08/1996 00:00,781,544,672,131,326,225
17/08/1996 00:00,779,534,660,153,300,213
18/08/1996 00:00,779,540,651,142,305,185
19/08/1996 00:00,776,552,647,122,301,220
20/08/1996 00:00,773,554,638,113,304,200
21/08/1996 00:00,772,546,640,110,287,205
22/08/1996 00:00,769,541,644,122,312,195
23/08/1996 00:00,766,548,642,126,316,220
24/08/1996 00:00,764,551,637,125,314,230
25/08/1996 00:00,761,556,637,124,342,230
26/08/1996 00:00,760,556,649,119,351,283
27/08/1996 00:00,759,556,656,127,372,300
28/08/1996 00:00,759,552,674,141,376,315
29/08/1996 00:00,757,546,684,133,354,300
30/08/1996 00:00,756,537,691,127,345,275
31/08/1996 00:00,756,542,694,123,332,288
01/09/1996 00:00,755,539,694,166,334,260
02/09/1996 00:00,754,534,695,189,328,278
03/09/1996 00:00,754,535,694,197,325,280
04/09/1996 00:00,753,541,698,144,316,273
05/09/1996 00:00,752,541,699,119,339,273
06/09/1996 00:00,752,538,693,115,363,270
07/09/1996 00:00,751,530,698,104,356,310
08/09/1996 00:00,750,525,698,100,327,288
09/09/1996 00:00,750,520,702,96,308,285
10/09/1996 00:00,750,510,708,97,296,243
11/09/1996 00:00,750,487,699,102,304,223
12/09/1996 00:00,749,476,688,121,318,250
13/09/1996 00:00,750,471,681,137,312,240
14/09/1996 00:00,750,470,677,108,312,243
15/09/1996 00:00,749,458,667,103,310,238
16/09/1996 00:00,747,443,661,130,284,250
17/09/1996 00:00,745,444,659,150,276,220
18/09/1996 00:00,744,449,660,110,284,210
19/09/1996 00:00,742,451,647,96,280,200
20/09/1996 00:00,740,455,636,93,309,233
21/09/1996 00:00,740,470,635,206,316,273
22/09/1996 00:00,738,482,649,152,320,253
23/09/1996 00:00,735,484,661,123,320,238
24/09/1996 00:00,735,475,659,99,329,238
25/09/1996 00:00,735,473,650,92,326,280
26/09/1996 00:00,733,484,646,143,333,265
27/09/1996 00:00,730,488,656,147,350,265
28/09/1996 00:00,727,493,658,116,377,298
29/09/1996 00:00,726,497,663,110,356,355
30/09/1996 00:00,725,499,675,170,368,313
01/10/1996 00:00,724,504,686,185,376,345
02/10/1996 00:00,723,513,695,144,366,343
03/10/1996 00:00,721,521,704,111,389,313
04/10/1996 00:00,721,526,711,140,406,400
05/10/1996 00:00,721,541,717,150,363,353
06/10/1996 00:00,721,547,725,205,354,323
07/10/1996 00:00,723,550,726,140,346,290
08/10/1996 00:00,724,546,724,165,377,288
09/10/1996 00:00,724,537,724,130,388,338
10/10/1996 00:00,725,532,724,153,385,333
11/10/1996 00:00,725,521,732,124,383,338
12/10/1996 00:00,725,507,741,120,422,348
13/10/1996 00:00,724,504,745,109,399,423
14/10/1996 00:00,724,510,751,116,405,393
15/10/1996 00:00,724,521,761,199,449,408
16/10/1996 00:00,725,531,767,220,457,433
17/10/1996 00:00,726,538,772,193,427,428
18/10/1996 00:00,728,543,780,166,485,418
19/10/1996 00:00,731,546,785,138,506,448
20/10/1996 00:00,731,554,792,131,466,463
21/10/1996 00:00,733,559,797,145,458,448
22/10/1996 00:00,734,563,801,185,438,433
23/10/1996 00:00,735,565,806,155,438,408
24/10/1996 00:00,736,563,810,121,409,380
25/10/1996 00:00,737,556,814,120,419,355
26/10/1996 00:00,738,541,819,118,408,368
27/10/1996 00:00,739,530,823,124,401,333
28/10/1996 00:00,740,520,829,111,384,330
29/10/1996 00:00,742,507,834,152,408,355
30/10/1996 00:00,743,497,835,165,397,345
31/10/1996 00:00,744,486,835,135,397,328
01/11/1996 00:00,745,492,832,118,442,328
02/11/1996 00:00,747,505,830,107,421,398
03/11/1996 00:00,748,510,829,107,410,353
04/11/1996 00:00,750,516,829,103,403,340
05/11/1996 00:00,751,523,829,96,376,323
06/11/1996 00:00,752,529,826,90,359,285
07/11/1996 00:00,753,534,818,88,344,265
08/11/1996 00:00,753,526,807,90,329,248
09/11/1996 00:00,754,518,797,96,355,295
10/11/1996 00:00,755,506,790,145,341,338
11/11/1996 00:00,755,497,791,134,347,283
12/11/1996 00:00,756,484,794,165,379,308
13/11/1996 00:00,757,477,779,155,372,308
14/11/1996 00:00,758,471,779,136,385,320
15/11/1996 00:00,760,465,788,150,421,368
16/11/1996 00:00,761,459,794,122,436,415
17/11/1996 00:00,763,469,798,100,428,408
18/11/1996 00:00,762,483,798,91,415,405
19/11/1996 00:00,762,491,806,86,407,400
20/11/1996 00:00,762,496,805,82,368,370
21/11/1996 00:00,762,691,810,79,354,310
22/11/1996 00:00,760,485,807,77,345,303
23/11/1996 00:00,759,481,794,85,335,278
24/11/1996 00:00,758,480,792,79,325,263
25/11/1996 00:00,756,464,783,80,326,243
26/11/1996 00:00,755,455,769,86,313,238
27/11/1996 00:00,754,447,753,84,310,220
28/11/1996 00:00,753,439,739,90,329,220
29/11/1996 00:00,750,430,721,195,361,263
30/11/1996 00:00,750,421,713,153,389,303
01/12/1996 00:00,748,407,723,144,436,330
02/12/1996 00:00,746,407,732,138,397,358
03/12/1996 00:00,745,410,739,122,413,310
04/12/1996 00:00,743,422,746,108,389,338
05/12/1996 00:00,740,431,739,140,411,333
06/12/1996 00:00,739,445,738,144,410,350
07/12/1996 00:00,737,454,739,118,451,353
08/12/1996 00:00,735,461,743,100,458,370
09/12/1996 00:00,733,467,741,95,464,385
10/12/1996 00:00,730,464,743,119,455,420
11/12/1996 00:00,728,456,748,135,444,383
12/12/1996 00:00,725,452,753,151,445,375
13/12/1996 00:00,722,452,752,130,438,380
14/12/1996 00:00,721,451,749,132,440,368
15/12/1996 00:00,720,440,750,171,426,370
16/12/1996 00:00,718,430,751,174,400,360
17/12/1996 00:00,715,424,751,125,360,303
18/12/1996 00:00,712,417,748,111,355,255
19/12/1996 00:00,710,413,741,130,361,255
20/12/1996 00:00,706,409,733,145,340,255
21/12/1996 00:00,702,403,698,110,333,230
22/12/1996 00:00,698,395,689,101,332,223
23/12/1996 00:00,693,384,676,92,322,223
24/12/1996 00:00,688,375,668,88,322,213
25/12/1996 00:00,680,366,645,84,323,210
26/12/1996 00:00,672,357,628,86,315,205
27/12/1996 00:00,664,331,616,84,327,200
28/12/1996 00:00,654,340,602,86,323,208
29/12/1996 00:00,644,334,593,94,306,205
30/12/1996 00:00,632,275,589,111,305,195
31/12/1996 00:00,620,315,585,141,308,190
01/01/1997 00:00,608,307,574,134,314,195
02/01/1997 00:00,596,300,559,143,323,203
03/01/1997 00:00,584,292,550,145,316,215
04/01/1997 00:00,573,297,546,122,316,208
05/01/1997 00:00,563,309,544,120,318,205
06/01/1997 00:00,556,315,542,129,308,208
07/01/1997 00:00,550,318,540,113,295,190
08/01/1997 00:00,543,311,536,106,289,180
09/01/1997 00:00,535,303,524,94,288,173
10/01/1997 00:00,527,294,514,109,305,180
11/01/1997 00:00,517,291,513,150,305,220
12/01/1997 00:00,508,300,512,164,331,240
13/01/1997 00:00,500,307,516,143,335,253
14/01/1997 00:00,496,311,538,122,324,238
15/01/1997 00:00,496,308,549,111,315,220
16/01/1997 00:00,496,304,542,127,331,213
17/01/1997 00:00,496,301,539,168,348,243
18/01/1997 00:00,494,308,541,139,343,293
19/01/1997 00:00,490,313,553,160,357,265
20/01/1997 00:00,484,317,557,206,362,290
21/01/1997 00:00,479,313,555,232,373,269
22/01/1997 00:00,479,307,557,203,373,275
23/01/1997 00:00,482,310,555,177,395,268
24/01/1997 00:00,482,319,550,171,416,303
25/01/1997 00:00,479,328,552,144,427,318
26/01/1997 00:00,476,339,553,153,447,343
27/01/1997 00:00,475,351,555,134,417,353
28/01/1997 00:00,476,360,558,133,420,320
29/01/1997 00:00,477,369,563,117,414,328
30/01/1997 00:00,479,367,572,126,406,308
31/01/1997 00:00,482,363,571,141,383,300
01/02/1997 00:00,481,361,567,154,372,273
02/02/1997 00:00,478,365,561,121,356,263
03/02/1997 00:00,475,362,556,108,341,258
04/02/1997 00:00,474,365,548,105,340,228
05/02/1997 00:00,474,362,543,107,349,260
06/02/1997 00:00,473,366,531,120,342,258
07/02/1997 00:00,468,363,530,103,344,255
08/02/1997 00:00,464,367,535,135,380,260
09/02/1997 00:00,461,375,531,171,348,283
10/02/1997 00:00,459,383,531,186,367,248
11/02/1997 00:00,456,390,538,202,375,290
12/02/1997 00:00,454,397,536,207,382,305
13/02/1997 00:00,455,406,539,169,402,335
14/02/1997 00:00,456,431,547,184,394,330
15/02/1997 00:00,461,427,562,184,363,298
16/02/1997 00:00,466,412,569,152,367,265
17/02/1997 00:00,466,386,568,138,399,283
18/02/1997 00:00,466,383,557,142,404,348
19/02/1997 00:00,463,396,557,125,401,338
20/02/1997 00:00,460,387,565,109,393,310
21/02/1997 00:00,461,379,576,101,375,325
22/02/1997 00:00,461,369,574,97,368,280
23/02/1997 00:00,461,360,571,124,378,275
24/02/1997 00:00,460,354,566,170,360,290
25/02/1997 00:00,457,347,559,169,335,260
26/02/1997 00:00,453,338,558,172,324,233
27/02/1997 00:00,448,326,552,188,308,208
28/02/1997 00:00,444,312,538,158,306,195
01/03/1997 00:00,439,293,522,117,304,195
02/03/1997 00:00,431,275,503,105,311,200
03/03/1997 00:00,420,263,494,116,304,208
04/03/1997 00:00,407,251,486,168,296,195
05/03/1997 00:00,394,232,482,126,298,185
06/03/1997 00:00,382,222,474,105,302,183
07/03/1997 00:00,372,214,458,92,292,190
08/03/1997 00:00,361,217,451,89,281,178
09/03/1997 00:00,350,217,445,100,278,165
10/03/1997 00:00,340,220,438,143,288,168
11/03/1997 00:00,333,221,429,139,305,180
12/03/1997 00:00,326,223,419,143,319,203
13/03/1997 00:00,319,225,418,197,334,220
14/03/1997 00:00,313,227,432,187,366,258
15/03/1997 00:00,310,221,448,133,330,280
16/03/1997 00:00,312,220,469,146,317,235
17/03/1997 00:00,319,213,491,124,349,230
18/03/1997 00:00,328,205,478,165,347,273
19/03/1997 00:00,333,207,471,173,330,268
20/03/1997 00:00,337,213,490,145,368,278
21/03/1997 00:00,347,218,507,136,370,290
22/03/1997 00:00,362,225,513,124,376,285
23/03/1997 00:00,372,230,519,108,332,283
24/03/1997 00:00,379,237,522,102,328,238
25/03/1997 00:00,379,241,516,97,315,235
26/03/1997 00:00,378,248,499,97,290,213
27/03/1997 00:00,373,254,483,93,274,185
28/03/1997 00:00,365,265,468,92,275,185
29/03/1997 00:00,356,264,449,106,297,208
30/03/1997 00:00,344,258,443,100,289,210
31/03/1997 00:00,331,239,452,91,283,200
01/04/1997 00:00,319,235,445,89,288,198
02/04/1997 00:00,314,231,440,97,299,210
03/04/1997 00:00,309,223,429,95,341,230
04/04/1997 00:00,304,219,438,105,345,278
05/04/1997 00:00,300,235,453,97,361,290
06/04/1997 00:00,302,231,470,91,351,308
07/04/1997 00:00,308,236,492,114,354,273
08/04/1997 00:00,319,246,507,102,326,288
09/04/1997 00:00,332,249,503,134,325,238
10/04/1997 00:00,341,238,500,141,362,285
11/04/1997 00:00,345,231,499,122,346,288
12/04/1997 00:00,343,225,504,149,387,288
13/04/1997 00:00,340,220,517,196,340,313
14/04/1997 00:00,343,215,519,126,339,258
15/04/1997 00:00,350,211,529,109,339,270
16/04/1997 00:00,354,216,521,117,319,260
17/04/1997 00:00,355,225,513,101,315,245
18/04/1997 00:00,355,235,511,182,350,258
19/04/1997 00:00,352,242,510,145,367,285
20/04/1997 00:00,352,260,510,129,348,300
21/04/1997 00:00,356,290,522,167,369,290
22/04/1997 00:00,363,344,538,134,386,348
23/04/1997 00:00,375,370,556,122,410,355
24/04/1997 00:00,393,383,585,138,399,370
25/04/1997 00:00,410,398,602,224,391,338
26/04/1997 00:00,430,396,604,159,400,348
27/04/1997 00:00,441,390,605,148,422,343
28/04/1997 00:00,448,383,605,133,429,368
29/04/1997 00:00,448,375,607,147,391,360
30/04/1997 00:00,448,373,615,121,370,318
01/05/1997 00:00,452,341,615,106,366,285
02/05/1997 00:00,454,320,605,147,340,248
03/05/1997 00:00,455,314,594,215,337,255
04/05/1997 00:00,453,306,587,287,314,265
05/05/1997 00:00,447,295,578,202,322,245
06/05/1997 00:00,441,288,568,215,340,250
07/05/1997 00:00,437,287,561,216,354,278
08/05/1997 00:00,433,285,564,190,334,288
09/05/1997 00:00,428,280,569,157,333,258
10/05/1997 00:00,427,276,567,190,331,288
11/05/1997 00:00,426,287,565,273,346,303
12/05/1997 00:00,426,304,565,204,355,315
13/05/1997 00:00,429,334,574,220,373,290
14/05/1997 00:00,434,326,580,179,391,320
15/05/1997 00:00,439,320,587,185,389,328
16/05/1997 00:00,442,314,601,142,384,324
17/05/1997 00:00,443,308,606,127,348,313
18/05/1997 00:00,445,295,608,149,341,290
19/05/1997 00:00,446,284,608,159,319,265
20/05/1997 00:00,442,275,604,249,318,245
21/05/1997 00:00,441,269,598,197,314,240
22/05/1997 00:00,439,266,579,206,327,235
23/05/1997 00:00,436,254,568,177,370,260
24/05/1997 00:00,430,270,564,146,359,295
25/05/1997 00:00,425,264,565,242,351,288
26/05/1997 00:00,422,276,574,222,342,300
27/05/1997 00:00,420,291,581,256,386,295
28/05/1997 00:00,423,303,585,249,378,345
29/05/1997 00:00,429,309,590,308,396,318
30/05/1997 00:00,434,314,602,315,356,333
31/05/1997 00:00,439,318,601,200,343,290
01/06/1997 00:00,443,324,603,170,366,300
02/06/1997 00:00,447,338,601,156,355,308
03/06/1997 00:00,448,329,601,143,328,285
04/06/1997 00:00,451,327,602,141,335,278
05/06/1997 00:00,456,334,602,150,351,298
06/06/1997 00:00,458,354,601,148,353,290
07/06/1997 00:00,461,378,606,162,366,310
08/06/1997 00:00,465,400,611,152,401,348
09/06/1997 00:00,471,413,617,155,397,383
10/06/1997 00:00,477,433,628,144,395,340
11/06/1997 00:00,483,437,634,138,395,358
12/06/1997 00:00,491,444,634,146,407,345
13/06/1997 00:00,499,456,638,135,406,345
14/06/1997 00:00,506,468,648,126,375,343
15/06/1997 00:00,509,505,652,119,354,320
16/06/1997 00:00,515,504,653,114,353,278
17/06/1997 00:00,521,492,648,110,338,280
18/06/1997 00:00,524,472,641,100,327,260
19/06/1997 00:00,524,458,635,183,355,275
20/06/1997 00:00,523,453,633,205,351,315
21/06/1997 00:00,522,467,630,149,362,293
22/06/1997 00:00,524,453,633,117,348,300
23/06/1997 00:00,525,447,634,113,328,270
24/06/1997 00:00,526,436,629,135,308,250
25/06/1997 00:00,524,417,625,185,301,243
26/06/1997 00:00,522,416,612,196,318,243
27/06/1997 00:00,520,425,603,140,325,253
28/06/1997 00:00,520,424,602,120,328,245
29/06/1997 00:00,520,406,608,111,326,255
30/06/1997 00:00,520,390,610,110,310,263
01/07/1997 00:00,520,377,607,351,312,258
02/07/1997 00:00,518,369,607,233,298,233
03/07/1997 00:00,516,361,602,154,294,215
04/07/1997 00:00,515,344,599,195,351,210
05/07/1997 00:00,513,336,586,246,306,258
06/07/1997 00:00,512,297,574,324,312,205
07/07/1997 00:00,507,308,579,347,326,218
08/07/1997 00:00,500,329,574,340,329,230
09/07/1997 00:00,495,345,559,246,351,230
10/07/1997 00:00,488,359,562,173,393,265
11/07/1997 00:00,482,377,567,224,406,310
12/07/1997 00:00,480,385,579,272,405,308
13/07/1997 00:00,483,452.2810227,590,197,367,300
14/07/1997 00:00,487,429.0090982,591,178,353,250
15/07/1997 00:00,488,423.5300866,592,245,384,250
16/07/1997 00:00,488,457.530071,582,237,358,280
17/07/1997 00:00,484,431.5692077,574,220,353,250
18/07/1997 00:00,479,434.7290443,579,182,335,243
19/07/1997 00:00,475,411.7209004,568,170,331,220
20/07/1997 00:00,472,404.9022011,559,154,322,215
21/07/1997 00:00,467,393.3329552,549,152,319,205
22/07/1997 00:00,459,404.3099313,536,188,313,208
23/07/1997 00:00,455,399.9965194,523,198,308,203
24/07/1997 00:00,444,418.7986497,516,298,312,190
25/07/1997 00:00,436,415.6367559,508,309,318,198
26/07/1997 00:00,427,378.5818612,499,228,323,205
27/07/1997 00:00,417,360.3515384,495,225,337,205
28/07/1997 00:00,406,354.1614153,491,200,342,223
29/07/1997 00:00,396,340.918258,487,156,339,228
30/07/1997 00:00,389,357.0081473,493,137,320,228
31/07/1997 00:00,384,326.8056496,494,127,333,205
01/08/1997 00:00,386,338.7754263,497,131,336,223
02/08/1997 00:00,391,353.490039,492,125,326,240
03/08/1997 00:00,394,358.7268811,488,141,313,223
04/08/1997 00:00,390,368.6983081,498,143,306,215
05/08/1997 00:00,391,371.2057944,500,169,302,195
06/08/1997 00:00,395,391.7700276,495,231,296,188
07/08/1997 00:00,394,373.3045907,481,226,296,178
08/08/1997 00:00,388,371.5288178,466,238,292,180
09/08/1997 00:00,378,381.0385095,454,255,273,170
10/08/1997 00:00,368,356.8390596,446,208,260,148
11/08/1997 00:00,358,319.7665877,438,151,262,135
12/08/1997 00:00,352,280.9327543,426,129,289,143
13/08/1997 00:00,346,281.6057932,417,125,300,175
14/08/1997 00:00,341,295.6556593,405,161,293,180
15/08/1997 00:00,342,309.2148545,413,174,292,183
16/08/1997 00:00,345,306.4474428,425,157,292,174
17/08/1997 00:00,354,294.4545514,432,151,310,178
18/08/1997 00:00,363,327.1448076,429,143,289,205
19/08/1997 00:00,363,315.8426278,422,134,273,175
20/08/1997 00:00,357,323.6315452,430,157,275,168
21/08/1997 00:00,351,344.9173678,433,132,257,185
22/08/1997 00:00,350,318.849536,422,181,273,153
23/08/1997 00:00,354,375.8074887,428,186,225,158
24/08/1997 00:00,355,320.5781927,422,133,255,155
25/08/1997 00:00,357,282.2386308,409,116,286,168
26/08/1997 00:00,358,322.4941615,411,155,275,190
27/08/1997 00:00,358,352.7816779,411,230,255,163
28/08/1997 00:00,353,344.7004996,421,170,239,148
29/08/1997 00:00,347,304.6059847,422,134,248,118
30/08/1997 00:00,348,282.7875359,406,116,259,130
31/08/1997 00:00,348,285.9740257,395,106,252,143
01/09/1997 00:00,336,278.8281383,389,99,253,145
02/09/1997 00:00,321,265.9696826,379,97,256,143
03/09/1997 00:00,310,298.6926743,379,110,238,160
04/09/1997 00:00,311,297.8192829,384,107,251,175
05/09/1997 00:00,314,270.5322236,395,107,270,148
06/09/1997 00:00,314,268.9862738,408,96,293,173
07/09/1997 00:00,315,274.1516889,405,100,304,200
08/09/1997 00:00,320,271.4925552,403,104,315,213
09/09/1997 00:00,325,304.5773262,423,99,315,245
10/09/1997 00:00,329,320.164105,448,92,303,225
11/09/1997 00:00,340,319.2110986,470,85,312,215
12/09/1997 00:00,358,345.0435575,479,103,303,220
13/09/1997 00:00,375,389.8272203,475,119,258,215
14/09/1997 00:00,381,300,474,102,247,170
15/09/1997 00:00,381,288,466,92,243,158
16/09/1997 00:00,379,278,456,89,285,153
17/09/1997 00:00,374,271,437,114,225,140
18/09/1997 00:00,367,252,417,93,221,133
19/09/1997 00:00,357,228,404,84,241,125
20/09/1997 00:00,342,242,391,89,255,163
21/09/1997 00:00,330,274,395,83,248,225
22/09/1997 00:00,321,303,413,84,288,195
23/09/1997 00:00,324,334,449,86,319,240
24/09/1997 00:00,338,362,472,115,338,333
25/09/1997 00:00,360,373,501,141,316,315
26/09/1997 00:00,385,387,563,145,364,300
27/09/1997 00:00,403,410,575,115,390,335
28/09/1997 00:00,434,404,575,118,353,340
29/09/1997 00:00,447,394,582,107,316,280
30/09/1997 00:00,454,390,589,90,296,250
01/10/1997 00:00,457,402,565,83,283,225
02/10/1997 00:00,461,414,553,82,298,213
03/10/1997 00:00,463,423,536,84,320,258
04/10/1997 00:00,459,418,532,95,306,265
05/10/1997 00:00,455,410,548,82,305,238
06/10/1997 00:00,454,399,556,78,303,230
07/10/1997 00:00,457,390,547,81,290,225
08/10/1997 00:00,462,382,537,82,279,208
09/10/1997 00:00,463,396,529,81,265,200
10/10/1997 00:00,459,410,520,81,264,190
11/10/1997 00:00,453,418,495,81,305,208
12/10/1997 00:00,447,424,495,81,323,258
13/10/1997 00:00,440,430,493,75,316,268
14/10/1997 00:00,437,437,524,84,379,290
15/10/1997 00:00,442,444,539,81,358,323
16/10/1997 00:00,457,451,557,103,352,285
17/10/1997 00:00,465,463,574,113,320,258
18/10/1997 00:00,472,470,569,118,385,298
19/10/1997 00:00,480,479,564,146,381,328
20/10/1997 00:00,483,487,572,101,383,363
21/10/1997 00:00,484,495,588,116,383,316
22/10/1997 00:00,486,497,597,147,420,313
23/10/1997 00:00,489,488,595,94,379,348
24/10/1997 00:00,494,478,596,83,370,305
25/10/1997 00:00,495,471,603,81,329,280
26/10/1997 00:00,498,462,601,81,305,245
27/10/1997 00:00,499,454,593,86,329,245
28/10/1997 00:00,497,431,576,88,318,240
29/10/1997 00:00,494,438,561,105,332,230
30/10/1997 00:00,491,426,554,107,314,245
31/10/1997 00:00,478,429,535,133,319,233
01/11/1997 00:00,472,441,534,110,333,233
02/11/1997 00:00,463,451,530,124,327,268
03/11/1997 00:00,456,462,530,99,298,238
04/11/1997 00:00,450,474,535,89,353,220
05/11/1997 00:00,446,486,533,86,320,275
06/11/1997 00:00,440,491,523,110,308,240
07/11/1997 00:00,438,497,544,105,326,223
08/11/1997 00:00,439,508,546,130,397,298
09/11/1997 00:00,445,515,542,137,387,380
10/11/1997 00:00,453,521,569,113,441,378
11/11/1997 00:00,463,531,608,94,460,405
12/11/1997 00:00,476,541,631,88,414,380
13/11/1997 00:00,490,557,648,111,404,348
14/11/1997 00:00,506,570,653,117,388,363
15/11/1997 00:00,518,581,653,118,405,375
16/11/1997 00:00,526,588,660,106,427,400
17/11/1997 00:00,532,575,663,92,393,375
18/11/1997 00:00,541,559,671,100,380,333
19/11/1997 00:00,547,539,671,87,391,338
20/11/1997 00:00,552,524,664,92,384,333
21/11/1997 00:00,556,513,666,110,409,350
22/11/1997 00:00,560,501,672,97,393,340
23/11/1997 00:00,562,491,673,94,370,303
24/11/1997 00:00,564,484,674,81,376,293
25/11/1997 00:00,564,472,661,81,355,295
26/11/1997 00:00,565,464,660,109,340,270
27/11/1997 00:00,565,456,659,94,348,270
28/11/1997 00:00,564,447,653,80,342,278
29/11/1997 00:00,563,440,647,82,337,253
30/11/1997 00:00,563,430,641,100,320,235
01/12/1997 00:00,561,424,633,127,322,243
02/12/1997 00:00,557,416,614,130,341,263
03/12/1997 00:00,554,409,612,138,344,253
04/12/1997 00:00,552,404,625,97,353,260
05/12/1997 00:00,550,395,616,82,327,248
06/12/1997 00:00,548,387,608,78,325,228
07/12/1997 00:00,544,378,598,81,299,213
08/12/1997 00:00,539,369,588,81,301,193
09/12/1997 00:00,533,367,569,82,282,195
10/12/1997 00:00,525,374,550,73,296,175
11/12/1997 00:00,516,369,538,71,270,190
12/12/1997 00:00,504,372,524,71,272,163
13/12/1997 00:00,493,376,518,66,272,160
14/12/1997 00:00,480,368,501,62,280,168
15/12/1997 00:00,467,351,489,120,282,168
16/12/1997 00:00,451,335,481,91,301,178
17/12/1997 00:00,435,322,479,82,301.2423614,193
18/12/1997 00:00,421,304,474,78,286.3414538,168
19/12/1997 00:00,409,291,469,72,290.0134657,173
20/12/1997 00:00,397,271,460,64,293.6820587,178
21/12/1997 00:00,387,260,460,62,298.1202267,183
22/12/1997 00:00,378,255,454,70,293.8354284,175
23/12/1997 00:00,368,260,457,68,286.0904016,163
24/12/1997 00:00,359,259,450,63,272.2071408,143
25/12/1997 00:00,353,268,434,67,263.4924462,133
26/12/1997 00:00,343,269,419,64,259.6199899,130
27/12/1997 00:00,332,254,403,58,258.8750752,130
28/12/1997 00:00,318,242,389,55,255.2615908,125
29/12/1997 00:00,305,221,383,54,260.1545147,130
30/12/1997 00:00,293,210,377,69,262.4440217,130
31/12/1997 00:00,283,198,376,69,276.7352614,150
01/01/1998 00:00,274,184,376,77,284.404412,158
02/01/1998 00:00,269,176,378,58,286,160
03/01/1998 00:00,269,166,381,55,257,158
04/01/1998 00:00,267,157,389,53,260,143
05/01/1998 00:00,265,264.3094684,388,71,253,143
06/01/1998 00:00,262,278.3181258,383,61,225,133
07/01/1998 00:00,258,252.5603105,370,56,228,115
08/01/1998 00:00,251,227.5299972,357,85,254,115
09/01/1998 00:00,244,251.726155,354,69,240,145
10/01/1998 00:00,236,228.8931862,352,56,249,133
11/01/1998 00:00,229,215.822123,349,54,259,133
12/01/1998 00:00,224,202.1208499,347,52,278,145
13/01/1998 00:00,220,206.9389484,346,56,280,155
14/01/1998 00:00,217,231.0759008,343,55,256,160
15/01/1998 00:00,214,193.2859173,353,52,293,148
16/01/1998 00:00,215,237.5722698,366,52,280,183
17/01/1998 00:00,215,219.6544131,367,50,295,178
18/01/1998 00:00,216,256.8735295,373,50,260,175
19/01/1998 00:00,218,245.4743991,380,50,258,145
20/01/1998 00:00,220,251.0774343,377,50,247,140
21/01/1998 00:00,223,221.4031949,362,48,267,143
22/01/1998 00:00,223,216.903296,344,48,275,170
23/01/1998 00:00,216,231.5701937,346,48,252,155
24/01/1998 00:00,209,206.5510742,347,48,264,133
25/01/1998 00:00,202,186.6940969,347,48,287,138
26/01/1998 00:00,197,230.0939068,349,48,257,158
27/01/1998 00:00,197,220.4927748,342,46,245,133
28/01/1998 00:00,195,195.7800105,333,46,255,120
29/01/1998 00:00,191,215.8099495,339,46,263,158
30/01/1998 00:00,190,205.6444956,329,44,265,158
31/01/1998 00:00,190,216.1062999,334,44,250,145
01/02/1998 00:00,189,216.7372087,337,47,242,128
02/02/1998 00:00,188,185.5258021,342,52,276,123
03/02/1998 00:00,189,206.3188971,333,63,268,148
04/02/1998 00:00,190,192.4264641,318,50,261,140
05/02/1998 00:00,188,216.3518862,322,48,261,175
06/02/1998 00:00,180,226.9699512,335,44,252,165
07/02/1998 00:00,178,223.7245482,340,44,242,138
08/02/1998 00:00,184,216.8221686,356,47,273,155
09/02/1998 00:00,191,250.0811646,365,150,344,250
10/02/1998 00:00,204,282.2522535,389,128,374,333
11/02/1998 00:00,228,352.8690503,477,119,358,320
12/02/1998 00:00,260,400.5324332,532,155,334,270
13/02/1998 00:00,299,400.9578631,538,121,308,240
14/02/1998 00:00,326,356.2159833,515,93,314,220
15/02/1998 00:00,330,312.4831743,485,86,332,218
16/02/1998 00:00,318,327.2807821,478,130,337,233
17/02/1998 00:00,304,325.7222716,465,102,313,225
18/02/1998 00:00,293,307.4111192,470,75,308,198
19/02/1998 00:00,286,294.9355695,463,70,307,188
20/02/1998 00:00,281,307.2133434,448,122,296,178
21/02/1998 00:00,276,273.8576687,437,113,318,178
22/02/1998 00:00,265,264.759093,411,73,302,193
23/02/1998 00:00,253,253.4719817,405,62,290,170
24/02/1998 00:00,242,247.0669188,403,56,288,163
25/02/1998 00:00,234,247.0213068,398,63,291,170
26/02/1998 00:00,230,227.7901887,384,55,300,175
27/02/1998 00:00,227,246.0411467,381,49,282,183
28/02/1998 00:00,224,249.8178929,384,45,260,153
01/03/1998 00:00,219,260.4146101,381,125,265,135
02/03/1998 00:00,216,261.8212353,378,141,269,138
03/03/1998 00:00,214,236.1518613,353,124,273,143
04/03/1998 00:00,210,229.8968963,341,117,272,150
05/03/1998 00:00,200,199.4100616,340,113,294,140
06/03/1998 00:00,189,238.6409457,347,114,269,155
07/03/1998 00:00,184,242.3825625,346,117,261,148
08/03/1998 00:00,184,244.5744249,350,158,275,145
09/03/1998 00:00,184,223.3924269,355,119,294,158
10/03/1998 00:00,190,236.6073262,351,118,285,170
11/03/1998 00:00,199,251.8098112,359,141,280,163
12/03/1998 00:00,205,257.2083484,375,120,274,155
13/03/1998 00:00,209,258.9082694,381,114,281,165
14/03/1998 00:00,212,203.13401,375,129,331,153
15/03/1998 00:00,214,279.7816392,374,156,291,198
16/03/1998 00:00,211,239.8556888,370,165,314,170
17/03/1998 00:00,207,269.6042966,369,180,303,193
18/03/1998 00:00,204,261.2573027,385,134,297,178
19/03/1998 00:00,200,295.195673,376,132,250,170
20/03/1998 00:00,202,268.8515397,373,90,259,170
21/03/1998 00:00,202,218.7243222,370,74,311,185
22/03/1998 00:00,202,234.6804221,366,72,293,188
23/03/1998 00:00,200,234.7153574,372,74,295,183
24/03/1998 00:00,198,223.5094483,383,73,328,205
25/03/1998 00:00,200,256.3624787,406,82,328,225
26/03/1998 00:00,211,286.7020675,416,78,310,235
27/03/1998 00:00,226,288.0057423,433,82,314,220
28/03/1998 00:00,243,316.8531853,445,91,304,230
29/03/1998 00:00,252,356.9789081,449,179,301,233
30/03/1998 00:00,258,116,456,115,331,238
31/03/1998 00:00,266,127,464,93,353,275
01/04/1998 00:00,273,141,476,149,366,285
02/04/1998 00:00,280,160,494,142,385,295
03/04/1998 00:00,290,169,522,134,423,365
04/04/1998 00:00,304,165,531,176,411,363
05/04/1998 00:00,318,158,568,143,393,330
06/04/1998 00:00,329,177,590,113,418,323
07/04/1998 00:00,343,178,592,109,443,368
08/04/1998 00:00,359,181,593,145,417,380
09/04/1998 00:00,365,190,609,127,389,328
10/04/1998 00:00,367,203,627,133,390,308
11/04/1998 00:00,377,208,615,95,375,308
12/04/1998 00:00,386,216,598,92,360,293
13/04/1998 00:00,388,222,590,124,382,295
14/04/1998 00:00,388,241,593,152,412,340
15/04/1998 00:00,387,272,605,108,415,360
16/04/1998 00:00,388,296,622,85,432,348
17/04/1998 00:00,394,322,634,77,409,360
18/04/1998 00:00,413,331,636,85,427,340
19/04/1998 00:00,425,320,642,131,421,370
20/04/1998 00:00,432,314,647,140,441,363
21/04/1998 00:00,437,309,649,155,437,390
22/04/1998 00:00,443,310,655,155,432,393
23/04/1998 00:00,449,312,660,191,445,390
24/04/1998 00:00,453,340,670,153,435,388
25/04/1998 00:00,459,357,674,117,399,380
26/04/1998 00:00,467,364,676,108,412,358
27/04/1998 00:00,473,368,677,112,431,380
28/04/1998 00:00,476,368,677,93,421,375
29/04/1998 00:00,482,359,680,129,392,338
30/04/1998 00:00,486,332,680,146,427,320
01/05/1998 00:00,489,315,677,106,430,365
02/05/1998 00:00,489,331,673,117,450,380
03/05/1998 00:00,490,363,680,139,413,413
04/05/1998 00:00,494,399,693,144,437,360
05/05/1998 00:00,500,449,705,131,476,418
06/05/1998 00:00,510,480,711,154,506,438
07/05/1998 00:00,524,498,720,114,499,451
08/05/1998 00:00,534,515,725,101,495,443
09/05/1998 00:00,541,525,731,99,496,455
10/05/1998 00:00,548,536,738,126,457,433
11/05/1998 00:00,554,542,743,125,475,400
12/05/1998 00:00,562,552,749,102,447,415
13/05/1998 00:00,568,551,754,111,455,395
14/05/1998 00:00,573,549,759,108,429,378
15/05/1998 00:00,578,540,762,152,405,340
16/05/1998 00:00,583,516,763,135,390,330
17/05/1998 00:00,586,490,766,139,384,300
18/05/1998 00:00,588,476,762,176,388,295
19/05/1998 00:00,590,466,761,135,363,298
20/05/1998 00:00,593,474,758,104,359,273
21/05/1998 00:00,594,462,753,89,360,280
22/05/1998 00:00,594,445,744,81,350,263
23/05/1998 00:00,594,428,737,78,335,260
24/05/1998 00:00,592,412,726,78,324,233
25/05/1998 00:00,590,390,713,101,332,220
26/05/1998 00:00,589,414,705,95,351,238
27/05/1998 00:00,590,429,696,122,384,290
28/05/1998 00:00,591,443,700,160,428,315
29/05/1998 00:00,593,499,724,268,469,398
30/05/1998 00:00,598,519,742,148,477,408
31/05/1998 00:00,604,535,748,184,461,395
01/06/1998 00:00,610,548,755,230,419,380
02/06/1998 00:00,614,557,757,229,394,358
03/06/1998 00:00,616,560,766,375,389,315
04/06/1998 00:00,620,554,769,368,409,325
05/06/1998 00:00,624,546,770,282,405,328
06/06/1998 00:00,628,533,769,222,409,323
07/06/1998 00:00,631,516,771,154,394,328
08/06/1998 00:00,633,515,775,141,415,305
09/06/1998 00:00,637,517,774,185,410,330
10/06/1998 00:00,639,521,771,139,390,320
11/06/1998 00:00,640,526,769,143,393,308
12/06/1998 00:00,642,515,766,302,377,293
13/06/1998 00:00,643,496,758,160,365,293
14/06/1998 00:00,644,485,748,157,357,275
15/06/1998 00:00,645,474,742,215,362,265
16/06/1998 00:00,646,470,738,182,359,298
17/06/1998 00:00,648,476,737,131,357,278
18/06/1998 00:00,650,473,739,126,392,280
19/06/1998 00:00,651,475,735,128,387,315
20/06/1998 00:00,652,473,726,131,389,308
21/06/1998 00:00,652,472,728,128,368,323
22/06/1998 00:00,653,482,728,199,374,303
23/06/1998 00:00,655,500,731,250,392,313
24/06/1998 00:00,657,510,727,182,382,310
25/06/1998 00:00,657,508,724,142,384,308
26/06/1998 00:00,658,502,722,160,373,288
27/06/1998 00:00,658,490,713,208,364,273
28/06/1998 00:00,657,477,707,241,365,250
29/06/1998 00:00,657,470,695,253,356,263
30/06/1998 00:00,658,465,686,196,382,258
01/07/1998 00:00,658,453,684,159,389,283
02/07/1998 00:00,658,438,679,152,362,283
03/07/1998 00:00,658,425,674,218,343,243
04/07/1998 00:00,655,418,670,192,339,233
05/07/1998 00:00,655,424,662,170,366,245
06/07/1998 00:00,657,435,652,178,399,293
07/07/1998 00:00,659,476,656,146,395,318
08/07/1998 00:00,661,498,672,134,397,313
09/07/1998 00:00,664,515,689,134,380,308
10/07/1998 00:00,667,530,690,168,370,293
11/07/1998 00:00,670,545,690,198,372,283
12/07/1998 00:00,673,555,685,297,376,283
13/07/1998 00:00,675,562,681,271,366,288
14/07/1998 00:00,676,561,678,175,350,280
15/07/1998 00:00,677,555,674,155,352,258
16/07/1998 00:00,677,547,667,136,357,270
17/07/1998 00:00,677,540,661,152,360,288
18/07/1998 00:00,678,534,662,163,361,288
19/07/1998 00:00,679,529,672,250,376,315
20/07/1998 00:00,679,524,678,218,415,318
21/07/1998 00:00,679,528,679,189,406,345
22/07/1998 00:00,679,534,681,187,413,333
23/07/1998 00:00,679,540,686,177,394,333
24/07/1998 00:00,680,547,686,210,389,300
25/07/1998 00:00,682,551,683,252,393,318
26/07/1998 00:00,683,555,679,209,362,315
27/07/1998 00:00,684,556,677,184,380,285
28/07/1998 00:00,685,551,677,149,387,318
29/07/1998 00:00,684,540,671,148,404,310
30/07/1998 00:00,684,528,675,215,402,328
31/07/1998 00:00,684,518,674,175,370,303
01/08/1998 00:00,684,505,675,156,376,275
02/08/1998 00:00,684,496,669,144,398,285
03/08/1998 00:00,684,465,661,176,356,290
04/08/1998 00:00,682,440,655,159,338,250
05/08/1998 00:00,680,422,654,195,319,235
06/08/1998 00:00,677,408,638,203,329,215
07/08/1998 00:00,674,408,627,175,390,248
08/08/1998 00:00,672,427,615,145,364,310
09/08/1998 00:00,669,429,613,148,394,283
10/08/1998 00:00,667,425,636,127,370,298
11/08/1998 00:00,664,418,632,205,348,288
12/08/1998 00:00,661,410,626,168,329,255
13/08/1998 00:00,659,404,627,153,335,235
14/08/1998 00:00,656,395,615,136,347,238
15/08/1998 00:00,652,406,609,150,367,245
16/08/1998 00:00,649,429,608,129,353,280
17/08/1998 00:00,647,448,616,127,338,253
18/08/1998 00:00,645,444,621,125,316,233
19/08/1998 00:00,645,436,619,118,338,238
20/08/1998 00:00,642,437,611,111,337,290
21/08/1998 00:00,640,459,613,111,330,295
22/08/1998 00:00,639,473,628,97,346,305
23/08/1998 00:00,640,479,638,150,320,275
24/08/1998 00:00,643,481,644,117,305,250
25/08/1998 00:00,644,473,644,103,313,235
26/08/1998 00:00,645,476,631,145,329,253
27/08/1998 00:00,645,496,630,170,357,283
28/08/1998 00:00,643,507,634,175,361,275
29/08/1998 00:00,644,512,638,165,336,268
30/08/1998 00:00,647,510,637,169,325,251
31/08/1998 00:00,651,504,637,180,323,260
01/09/1998 00:00,652,499,636,154,291,250
02/09/1998 00:00,653,496,633,115,313,225
03/09/1998 00:00,654,486,634,102,366,250
04/09/1998 00:00,655,486,628,99,381,318
05/09/1998 00:00,655,493,631,128,331,318
06/09/1998 00:00,654,457,645,105,366,300
07/09/1998 00:00,652,464,649,99,348,288
08/09/1998 00:00,651,459,651,94,382,285
09/09/1998 00:00,658,490,649,115,449,310
10/09/1998 00:00,657,476,645,165,366,352
11/09/1998 00:00,657,477,652,141,363,295
12/09/1998 00:00,658,485,660,122,366,305
13/09/1998 00:00,660,497,663,131,411,297
14/09/1998 00:00,663,500,666,119,367,333
15/09/1998 00:00,665,513,667,106,409,308
16/09/1998 00:00,664,521,671,98,392,335
17/09/1998 00:00,664,526,677,88,394,333
18/09/1998 00:00,665,529,687,85,360,315
19/09/1998 00:00,666,518,693,85,364,315
20/09/1998 00:00,667,508,694,90,317,280
21/09/1998 00:00,669,500,694,133,330,248
22/09/1998 00:00,670,491,693,148,345,260
23/09/1998 00:00,672,480,685,125,355,280
24/09/1998 00:00,677,484,681,111,390,293
25/09/1998 00:00,678,496,684,95,398,335
26/09/1998 00:00,679,507,692,88,400,333
27/09/1998 00:00,682,514,701,88,400,348
28/09/1998 00:00,685,524,709,82,412,365
29/09/1998 00:00,690,536,711,79,386,345
30/09/1998 00:00,692,541,716,79,380,323
01/10/1998 00:00,694,542,719,88,364,305
02/10/1998 00:00,695,533,715,162,351,288
03/10/1998 00:00,696,515,713,128,341,265
04/10/1998 00:00,697,505,706,103,364,248
05/10/1998 00:00,697,599,692,88,375,300
06/10/1998 00:00,697,521,684,84,406,305
07/10/1998 00:00,697,507,700,93,418,348
08/10/1998 00:00,698,514,708,130,430,360
09/10/1998 00:00,699,518,720,138,467,383
10/10/1998 00:00,699,522,725,140,435,423
11/10/1998 00:00,699,525,729,99,391,378
12/10/1998 00:00,700,521,734,94,357,330
13/10/1998 00:00,701,517,738,88,374,303
14/10/1998 00:00,702,505,738,84,423,373
15/10/1998 00:00,703,488,739,82,386,365
16/10/1998 00:00,703,479,740,129,397,320
17/10/1998 00:00,703,478,746,130,411,373
18/10/1998 00:00,703,480,749,135,423,350
19/10/1998 00:00,703,475,750,108,434,408
20/10/1998 00:00,704,479,760,157,410,375
21/10/1998 00:00,708,477,760,115,418,370
22/10/1998 00:00,710,464,763,124,399,375
23/10/1998 00:00,710,454,766,118,390,365
24/10/1998 00:00,710,448,770,120,424,368
25/10/1998 00:00,710,450,771,131,473,408
26/10/1998 00:00,710,467,775,145,515,428
27/10/1998 00:00,710,488,779,150,499,433
28/10/1998 00:00,711,495,783,143,488,433
29/10/1998 00:00,713,504,787,130,465,423
30/10/1998 00:00,714,513,791,125,460,408
31/10/1998 00:00,714,520,797,155,480,408
01/11/1998 00:00,715,523,802,130,513,420
02/11/1998 00:00,716,527,806,109,473,440
03/11/1998 00:00,717,525,810,97,441,410
04/11/1998 00:00,718,516,813,104,421,378
05/11/1998 00:00,720,507,817,103,463,358
06/11/1998 00:00,721,507,824,143,473,410
07/11/1998 00:00,722,516,826,150,463,415
08/11/1998 00:00,724,527,831,120,475,398
09/11/1998 00:00,725,534,833,115,452,395
10/11/1998 00:00,726,533,834,120,442,370
11/11/1998 00:00,726,529,838,119,497,378
12/11/1998 00:00,727,533,838,120,506,395
13/11/1998 00:00,728,538,837,137,497,410
14/11/1998 00:00,729,542,837,148,493,410
15/11/1998 00:00,730,538,839,160,498,408
16/11/1998 00:00,731,541,838,141,501,405
17/11/1998 00:00,733,546,837,150,506,410
18/11/1998 00:00,735,550,837,152,476,415
19/11/1998 00:00,737,553,837,128,442,410
20/11/1998 00:00,739,555,836,181,461,393
21/11/1998 00:00,740,557,835,139,453,418
22/11/1998 00:00,742,562,836,170,477,400
23/11/1998 00:00,744,569,840,148,488,423
24/11/1998 00:00,745,573,841,113,485,428
25/11/1998 00:00,746,571,840,111,487,410
26/11/1998 00:00,748,569,840,107,438,398
27/11/1998 00:00,749,567,842,118,431,363
28/11/1998 00:00,751,564,842,129,420,358
29/11/1998 00:00,753,564,840,112,435,343
30/11/1998 00:00,754,567,835,115,426,353
01/12/1998 00:00,756,552,830,109,439,355
02/12/1998 00:00,758,556,829,107,418,360
03/12/1998 00:00,759,564,829,96,418,340
04/12/1998 00:00,760,568,826,96,427,353
05/12/1998 00:00,762,577,822,98,455,350
06/12/1998 00:00,764,574,819,109,457,378
07/12/1998 00:00,767,586,820,123,500,383
08/12/1998 00:00,771,582,820,120,530,423
09/12/1998 00:00,773,599,825,110,542,425
10/12/1998 00:00,774,541.4359435,828,102,514,433
11/12/1998 00:00,776,568.492376,829,116,497,440
12/12/1998 00:00,778,573.0942105,830,140,502,440
13/12/1998 00:00,779,559.787327,831,137,512,435
14/12/1998 00:00,779,567.6023095,832,151,510,435
15/12/1998 00:00,779,578.074599,833,173,507,433
16/12/1998 00:00,780,588.7473019,833,148,482,425
17/12/1998 00:00,781,597,835,113,477,405
18/12/1998 00:00,782,595,835,113,443,400
19/12/1998 00:00,783,592,833,118,437,375
20/12/1998 00:00,783,589,832,101,457,365
21/12/1998 00:00,783,586,830,91,458,368
22/12/1998 00:00,783,581,825,87,476,395
23/12/1998 00:00,783,575,823,87,439,390
24/12/1998 00:00,784,566,820,96,410,345
25/12/1998 00:00,784,562,813,90,405,318
26/12/1998 00:00,784,555,809,106,421,310
27/12/1998 00:00,784,550,800,89,422,328
28/12/1998 00:00,783,545,789,85,414,325
29/12/1998 00:00,783,534,787,84,415,330
30/12/1998 00:00,782,414,782,99,430,328
31/12/1998 00:00,781,419,777,150,387,328
01/01/1999 00:00,780,478,771,124,367,293
02/01/1999 00:00,779,475,756,118,379,280
03/01/1999 00:00,777,471,744,103,391,298
04/01/1999 00:00,775,482,733,115,390,300
05/01/1999 00:00,773,461,730,116,377,300
06/01/1999 00:00,771,472,726,121,366,285
07/01/1999 00:00,768,479,719,139,375,275
08/01/1999 00:00,764,483,705,158,371,275
09/01/1999 00:00,760,475,688,139,413,270
10/01/1999 00:00,756,465,679,129,453,333
11/01/1999 00:00,752,462,680,165,442,350
12/01/1999 00:00,748,472,697,128,459,348
13/01/1999 00:00,744,482,710,158,469,365
14/01/1999 00:00,740,481,713,139,474,368
15/01/1999 00:00,736,474,715,111,431,358
16/01/1999 00:00,732,467,712,99,424,328
17/01/1999 00:00,728,464,708,127,418,323
18/01/1999 00:00,724,454,704,138,407,315
19/01/1999 00:00,720,447,690,156,397,303
20/01/1999 00:00,714,434,681,175,399,295
21/01/1999 00:00,708,428,665,145,412,305
22/01/1999 00:00,703,418,659,159,417,318
23/01/1999 00:00,698,411,657,184,411,315
24/01/1999 00:00,690,494,656,200,407,313
25/01/1999 00:00,684,417,656,174,421,318
26/01/1999 00:00,678,423,656,218,429,360
27/01/1999 00:00,673,460,657,210,404,330
28/01/1999 00:00,668,497,666,168,442,310
29/01/1999 00:00,662,495,666,194,448,340
30/01/1999 00:00,657,493,656,151,441,338
31/01/1999 00:00,651,490,653,127,418,328
01/02/1999 00:00,645,488,654,118,427,318
02/02/1999 00:00,640,486,651,133,440,323
03/02/1999 00:00,634,484,648,139,423,328
04/02/1999 00:00,629,481,640,150,467,333
05/02/1999 00:00,623,479,641,127,447,355
06/02/1999 00:00,616,477,643,116,457,343
07/02/1999 00:00,610,474,645,130,437,343
08/02/1999 00:00,603,479,647,123,445,335
09/02/1999 00:00,603,484,645,106,450,340
10/02/1999 00:00,601,491,643,130,445,340
11/02/1999 00:00,599,405,646,178,440,345
12/02/1999 00:00,597,407,644,151,433,335
13/02/1999 00:00,595,416,644,151,466,348
14/02/1999 00:00,593,420,645,146,460,375
15/02/1999 00:00,592,423,647,145,448,355
16/02/1999 00:00,592,436,654,138,483,383
17/02/1999 00:00,591,452,657,193,496,410
18/02/1999 00:00,591,467,667,187,481,400
19/02/1999 00:00,592,477,677,201,515,408
20/02/1999 00:00,594,485,682,181,515,420
21/02/1999 00:00,598,499,690,185,521,430
22/02/1999 00:00,601,512,696,202,530,438
23/02/1999 00:00,603,522,702,205,558,448
24/02/1999 00:00,607,527,708,279,545,458
25/02/1999 00:00,610,533,714,203,555,471
26/02/1999 00:00,612,539,717,164,557,475
27/02/1999 00:00,614,544,725,154,551,481
28/02/1999 00:00,616,546,729,154,561,484
01/03/1999 00:00,619,552,737,152,567,486
02/03/1999 00:00,621,558,739,138,564,493
03/03/1999 00:00,623,564,745,138,554,489
04/03/1999 00:00,631,574,746,140,541,484
05/03/1999 00:00,629,581,755,127,527,476
06/03/1999 00:00,631,576,757,119,518,468
07/03/1999 00:00,634,582,761,113,456,458
08/03/1999 00:00,636,577,765,108,431,428
09/03/1999 00:00,638,574,768,104,420,388
10/03/1999 00:00,640,563,771,101,425,360
11/03/1999 00:00,642,553,774,98,440,355
12/03/1999 00:00,644,545,775,97,427,355
13/03/1999 00:00,646,523,776,99,410,335
14/03/1999 00:00,648,516,777,105,376,320
15/03/1999 00:00,650,508,778,102,378,313
16/03/1999 00:00,651,529,783,106,395,308
17/03/1999 00:00,652,527,781,105,399,328
18/03/1999 00:00,654,524,781,112,445,320
19/03/1999 00:00,655,521,779,111,432,353
20/03/1999 00:00,655,517,776,109,449,358
21/03/1999 00:00,656,513,775,112,422,350
22/03/1999 00:00,658,506,775,111,418,338
23/03/1999 00:00,659,507,772,104,421,338
24/03/1999 00:00,659,499,770,99,428,333
25/03/1999 00:00,659,491,769,96,424,338
26/03/1999 00:00,659,485,765,100,416,333
27/03/1999 00:00,657,479,759,99,394,318
28/03/1999 00:00,656,473,756,111,390,303
29/03/1999 00:00,656,468,751,140,411,333
30/03/1999 00:00,655,474,748,134,417,348
31/03/1999 00:00,655,469,747,140,421,325
01/04/1999 00:00,653,465,746,123,414,358
02/04/1999 00:00,652,461,745,112,411,320
03/04/1999 00:00,651,465,741,122,433,368
04/04/1999 00:00,650,465,739,129,397,345
05/04/1999 00:00,651,466,740,200,437,378
06/04/1999 00:00,651,473,738,176,430,378
07/04/1999 00:00,652,486,739,155,464,353
08/04/1999 00:00,653,497,740,127,480,378
09/04/1999 00:00,653,527,741,149,495,415
10/04/1999 00:00,654,532,744,284,502,410
11/04/1999 00:00,657,541,746,305,515,418
12/04/1999 00:00,659,546,751,183,533,440
13/04/1999 00:00,660,556,754,184,559,445
14/04/1999 00:00,662,563,757,160,543,453
15/04/1999 00:00,663,571,759,180,528,455
16/04/1999 00:00,664,576,764,209,502,453
17/04/1999 00:00,665,580,766,165,486,443
18/04/1999 00:00,667,585,768,180,469,415
19/04/1999 00:00,668,513,771,218,431,390
20/04/1999 00:00,668,493,775,246,418,358
21/04/1999 00:00,669,486,777,230,401,345
22/04/1999 00:00,669,476,776,266,398,313
23/04/1999 00:00,670,464,775,263,408,305
24/04/1999 00:00,673,454,774,220,397,325
25/04/1999 00:00,674,447,773,179,435,310
26/04/1999 00:00,675,436,773,157,450,370
27/04/1999 00:00,676,523,770,168,482,380
28/04/1999 00:00,677,535,771,178,510,413
29/04/1999 00:00,678,546,774,177,497,420
30/04/1999 00:00,679,550,776,187,483,430
01/05/1999 00:00,680,566,778,173,463,430
02/05/1999 00:00,681,567,780,159,457,425
03/05/1999 00:00,682,577,784,211,455,423
04/05/1999 00:00,683,584,786,155,445,408
05/05/1999 00:00,684,591,789,132,439,408
06/05/1999 00:00,685,598,793,159,437,393
07/05/1999 00:00,686,616,796,152,427,385
08/05/1999 00:00,687,616,801,140,458,385
09/05/1999 00:00,689,623,803,157,456,400
10/05/1999 00:00,692,627,806,145,469,423
11/05/1999 00:00,694,627,811,150,462,435
12/05/1999 00:00,696,636,814,150,453,438
13/05/1999 00:00,698,640,816,135,495,445
14/05/1999 00:00,701,644,820,144,502,453
15/05/1999 00:00,703,647,823,141,490,458
16/05/1999 00:00,705,651,826,160,490,460
17/05/1999 00:00,708,635,831,136,450,450
18/05/1999 00:00,709,654,833,135,429,420
19/05/1999 00:00,711,638,837,152,429,393
20/05/1999 00:00,712,634,840,248,412,375
21/05/1999 00:00,714,627,843,184,398,353
22/05/1999 00:00,716,617,846,152,400,335
23/05/1999 00:00,718,597,848,139,425,323
24/05/1999 00:00,720,583,851,153,395,350
25/05/1999 00:00,723,576,851,135,389,330
26/05/1999 00:00,725,564,851,124,377,333
27/05/1999 00:00,726,557,850,112,371,313
28/05/1999 00:00,728,545,846,118,370,300
29/05/1999 00:00,729,537,837,275,362,285
30/05/1999 00:00,730,525,829,201,363,280
31/05/1999 00:00,732,534,824,175,369,298
01/06/1999 00:00,734,543,814,138,390,295
02/06/1999 00:00,736,545,809,176,366,300
03/06/1999 00:00,737,541,799,202,370,280
04/06/1999 00:00,738,537,793,145,388,280
05/06/1999 00:00,740,534,781,142,381,308
06/06/1999 00:00,740,533,780,147,354,290
07/06/1999 00:00,742,537,779,130,365,253
08/06/1999 00:00,744,540,778,143,384,288
09/06/1999 00:00,745,543,777,170,391,300
10/06/1999 00:00,745,546,774,162,433,315
11/06/1999 00:00,744,549,772,182,410,338
12/06/1999 00:00,744,554,774,149,408,320
13/06/1999 00:00,744,557,780,201,409,355
14/06/1999 00:00,745,561,781,182,401,320
15/06/1999 00:00,747,565,784,154,409,323
16/06/1999 00:00,748,570,781,141,407,328
17/06/1999 00:00,748,574,776,216,401,340
18/06/1999 00:00,748,581,777,172,418,363
19/06/1999 00:00,748,584,787,152,419,378
20/06/1999 00:00,749,590,786,182,405,350
21/06/1999 00:00,750,593,791,248,433,353
22/06/1999 00:00,750,596,790,248,432,370
23/06/1999 00:00,751,598,792,181,420,355
24/06/1999 00:00,753,605,795,161,404,345
25/06/1999 00:00,756,616,795,149,384,333
26/06/1999 00:00,757,620,790,137,384,308
27/06/1999 00:00,759,622,790,139,428,343
28/06/1999 00:00,761,625,790,137,473,375
29/06/1999 00:00,764,628,793,134,494,388
30/06/1999 00:00,765,630,798,133,463,368
01/07/1999 00:00,766,631,801,134,472,408
02/07/1999 00:00,767,635,803,127,444,408
03/07/1999 00:00,768,638,805,127,429,380
04/07/1999 00:00,769,637,807,132,419,373
05/07/1999 00:00,769,632,807,124,421,355
06/07/1999 00:00,769,630,807,120,420,343
07/07/1999 00:00,770,626,810,124,386,338
08/07/1999 00:00,772,622,810,141,363,318
09/07/1999 00:00,774,618,810,123,350,305
10/07/1999 00:00,776,614,805,110,349,285
11/07/1999 00:00,779,605,802,102,340,260
12/07/1999 00:00,780,597,793,99,322,255
13/07/1999 00:00,780,591,784,98,324,258
14/07/1999 00:00,781,581,775,116,312,233
15/07/1999 00:00,783,572,765,110,306,238
16/07/1999 00:00,784,566,753,106,304,238
17/07/1999 00:00,784,561,743,104,306,215
18/07/1999 00:00,784,557,736,103,307,215
19/07/1999 00:00,784,553,723,101,307,225
20/07/1999 00:00,784,549,717,100,315,213
21/07/1999 00:00,783,546,712,177,316,253
22/07/1999 00:00,781,542,703,149,295,220
23/07/1999 00:00,780,533,705,165,288,193
24/07/1999 00:00,778,537,699,173,292,213
25/07/1999 00:00,773,540,688,225,307,198
26/07/1999 00:00,773,544,680,196,295,205
27/07/1999 00:00,771,547,669,173,294,188
28/07/1999 00:00,768,551,661,227,293,193
29/07/1999 00:00,766,557,651,258,280,198
30/07/1999 00:00,763,561,642,189,269,183
31/07/1999 00:00,761,565,640,211,343,215
01/08/1999 00:00,758,568,635,240,330,228
02/08/1999 00:00,754,570,644,167,316,230
03/08/1999 00:00,750,574,652,137,304,215
04/08/1999 00:00,747,577,655,123,300,250
05/08/1999 00:00,744,580,652,111,329,255
06/08/1999 00:00,742,583,662,106,321,235
07/08/1999 00:00,741,586,665,102,313,238
08/08/1999 00:00,737,589,660,102,308,255
09/08/1999 00:00,734,594,659,299,307,233
10/08/1999 00:00,731,598,662,174,306,238
11/08/1999 00:00,727,503,652,119,303,235
12/08/1999 00:00,724,507,648,105,332,230
13/08/1999 00:00,721,510,646,99,313,255
14/08/1999 00:00,717,514,646,145,312,228
15/08/1999 00:00,713,551,651,224,333,240
16/08/1999 00:00,712,528,652,231,326,268
17/08/1999 00:00,712,534,656,162,306,245
18/08/1999 00:00,712,548,663,129,308,218
19/08/1999 00:00,711,543,659,113,314,223
20/08/1999 00:00,709,558,652,104,316,235
21/08/1999 00:00,709,554,650,100,321,233
22/08/1999 00:00,709,567,651,97,348,270
23/08/1999 00:00,709,563,653,96,323,305
24/08/1999 00:00,709,579,664,94,310,253
25/08/1999 00:00,709,577,675,94,312,240
26/08/1999 00:00,709,572,673,93,371,240
27/08/1999 00:00,709,588,673,91,353,310
28/08/1999 00:00,709,585,675,90,376,278
29/08/1999 00:00,708,583,682,89,403,325
30/08/1999 00:00,706,598,684,89,356,303
31/08/1999 00:00,706,596,687,90,338,273
01/09/1999 00:00,706,592,688,89,332,245
02/09/1999 00:00,707,508,683,101,326,248
03/09/1999 00:00,708,506,675,112,343,243
04/09/1999 00:00,705,508,674,100,353,273
05/09/1999 00:00,705,519,671,105,370,268
06/09/1999 00:00,704,516,675,102,327,290
07/09/1999 00:00,704,514,675,110,322,240
08/09/1999 00:00,703,504,677,114,335,245
09/09/1999 00:00,704,497,674,98,331,268
10/09/1999 00:00,705,497,671,106,311,263
11/09/1999 00:00,705,503,674,200,349,285
12/09/1999 00:00,707,510,688,140,383,280
13/09/1999 00:00,708,517,697,122,403,323
14/09/1999 00:00,708,522,705,121,400,353
15/09/1999 00:00,709,513,723,132,401,375
16/09/1999 00:00,710,520,733,161,403,365
17/09/1999 00:00,712,529,742,219,397,350
18/09/1999 00:00,714,537,747,187,400,345
19/09/1999 00:00,716,554,755,133,387,328
20/09/1999 00:00,717,553,761,124,380,325
21/09/1999 00:00,719,568,765,123,342,305
22/09/1999 00:00,723,572,770,154,359,265
23/09/1999 00:00,727,577,771,128,367,305
24/09/1999 00:00,731,578,776,123,345,285
25/09/1999 00:00,732,584,775,112,351,293
26/09/1999 00:00,735,587,776,117,399,318
27/09/1999 00:00,737,590,789,123,377,335
28/09/1999 00:00,739,592,799,152,446,348
29/09/1999 00:00,744,598,801,170,455,380
30/09/1999 00:00,746,604,814,133,457,390
01/10/1999 00:00,748,604,821,127,433,388
02/10/1999 00:00,752,598,831,115,448,393
03/10/1999 00:00,754,593,835,108,440,405
04/10/1999 00:00,756,589,840,153,427,385
05/10/1999 00:00,759,591,846,142,406,390
06/10/1999 00:00,761,590,851,122,411,368
07/10/1999 00:00,766,584,853,115,440,385
08/10/1999 00:00,768,580,856,109,436,383
09/10/1999 00:00,771,577,857,105,454,378
10/10/1999 00:00,774,569,860,105,432,385
11/10/1999 00:00,778,565,863,100,444,385
12/10/1999 00:00,781,558,866,102,419,393
13/10/1999 00:00,784,554,865,166,395,370
14/10/1999 00:00,788,551,865,159,385,350
15/10/1999 00:00,791,548,865,129,390,343
16/10/1999 00:00,793,542,862,108,389,355
17/10/1999 00:00,795,539,860,100,391,360
18/10/1999 00:00,800,538,860,107,398,348
19/10/1999 00:00,802,540,860,146,396,348
20/10/1999 00:00,804,542,858,123,425,375
21/10/1999 00:00,807,542,858,108,434,385
22/10/1999 00:00,810,539,860,97,431,400
23/10/1999 00:00,814,538,861,99,439,403
24/10/1999 00:00,818,541,862,126,478,420
25/10/1999 00:00,820,550,864,129,497,438
26/10/1999 00:00,822,557,865,103,480,453
27/10/1999 00:00,823,563,867,107,486,460
28/10/1999 00:00,825,571,868,142,462,463
29/10/1999 00:00,829,575,871,145,468,453
30/10/1999 00:00,832,579,874,180,470,453
31/10/1999 00:00,836,584,881,145,501,460
01/11/1999 00:00,840,591,883,111,517,458
02/11/1999 00:00,842,592,884,110,536,455
03/11/1999 00:00,845,591,887,130,500,455
04/11/1999 00:00,847,587,890,148,464,443
05/11/1999 00:00,851,580,893,149,465,415
06/11/1999 00:00,853,576,895,216,478,413
07/11/1999 00:00,856,567,896,130,463,388
08/11/1999 00:00,861,561,898,137,464,378
09/11/1999 00:00,863,557,899,131,472,400
10/11/1999 00:00,864,545,901,168,453,390
11/11/1999 00:00,865,538,903,174,463,378
12/11/1999 00:00,867,534,905,168,456,385
13/11/1999 00:00,868,531,908,135,453,383
14/11/1999 00:00,870,529,908,116,474,403
15/11/1999 00:00,871,527,908,106,449,400
16/11/1999 00:00,873,523,909,112,413,400
17/11/1999 00:00,874,521,909,111,413,368
18/11/1999 00:00,875,518,911,132,462,388
19/11/1999 00:00,875,516,908,131,469,373
20/11/1999 00:00,874,518,909,112,473,393
21/11/1999 00:00,872,523,908,107,481,421.5767128
22/11/1999 00:00,872,523,906,109,431,370.3665301
23/11/1999 00:00,872,521,906,127,402,339.2836377
24/11/1999 00:00,872,524,905,138,404,340.5603079
25/11/1999 00:00,872,524,906,150,415,350.9054829
26/11/1999 00:00,872,525,903,117,437,375.5340674
27/11/1999 00:00,872,528,902,138,423,359.7646452
28/11/1999 00:00,872,530,899,202,415,346.1858716
29/11/1999 00:00,872,527,896,133,411,346.9569612
30/11/1999 00:00,871,522,891,128,401,336.0173635
01/12/1999 00:00,870,519,887,160,405,325
02/12/1999 00:00,869,515,882,173,451,365
03/12/1999 00:00,868,511,878,182,464,375
04/12/1999 00:00,868,508,876,141,437,368
05/12/1999 00:00,867,501,872,145,492,375
06/12/1999 00:00,866,498,870,147,528,405
07/12/1999 00:00,865,518,868,174,482,428
08/12/1999 00:00,863,523,866,219,449,410
09/12/1999 00:00,862,526,865,160,443,380
10/12/1999 00:00,861,522,863,132,442,363
11/12/1999 00:00,860,517,861,118,438,355
12/12/1999 00:00,858,521,860,115,461,363
13/12/1999 00:00,856,524,857,152,494,378
14/12/1999 00:00,854,525,854,165,489,413
15/12/1999 00:00,853,523,852,145,548,418
16/12/1999 00:00,851,529,850,145,576,425
17/12/1999 00:00,850,531,850,175,580,448
18/12/1999 00:00,849,534,850,172,562,458
19/12/1999 00:00,847,536,850,154,545,473
20/12/1999 00:00,846,544,850,143,530,480
21/12/1999 00:00,845,547,850,126,489,485
22/12/1999 00:00,844,546,850,138,455,478
23/12/1999 00:00,844,542,850,185,451,465
24/12/1999 00:00,843,533,850,168,452,428
25/12/1999 00:00,842,525,849,191,438,390
26/12/1999 00:00,840,522,849,140,413,365
27/12/1999 00:00,839,518,849,117,396,348
28/12/1999 00:00,837,507,853,111,385,348
29/12/1999 00:00,836,503,850,103,374,318
30/12/1999 00:00,836,498,850,100,376,288
31/12/1999 00:00,834,494,849,98,369,275
01/01/2000 00:00,832,469,843,98,338,253
02/01/2000 00:00,829,465,834,96,333,240
03/01/2000 00:00,828,462,823,89,336,233
04/01/2000 00:00,827,454,807,93,333,218
05/01/2000 00:00,825,450,793,94,332,225
06/01/2000 00:00,823,448,774,87,331,238
07/01/2000 00:00,821,447,766,131,327,215
08/01/2000 00:00,818,442,754,157,318,208
09/01/2000 00:00,814,439,737,132,323,205
10/01/2000 00:00,811,436,724,128,323,233
11/01/2000 00:00,808,432,714,135,331,220
12/01/2000 00:00,804,428,713,123,335,228
13/01/2000 00:00,800,422,697,116,339,213
14/01/2000 00:00,796,419,686,107,343,218
15/01/2000 00:00,791,421,673,102,330,215
16/01/2000 00:00,785,427,664,123,314,203
17/01/2000 00:00,779,422,657,124,302,208
18/01/2000 00:00,771,438,651,147,315,203
19/01/2000 00:00,764,428,635,121,331,205
20/01/2000 00:00,756,453,621,107,336,200
21/01/2000 00:00,746,428,611,164,344,210
22/01/2000 00:00,738,426,603,143,326,203
23/01/2000 00:00,728,424,602,113,328,215
24/01/2000 00:00,718,422,598,99,311,203
25/01/2000 00:00,706,420,594,93,309,160
26/01/2000 00:00,694,418,586,91,294,155
27/01/2000 00:00,683,425,580,102,296,243
28/01/2000 00:00,673,422,577,141,293,243
29/01/2000 00:00,663,412,588,128,302,228
30/01/2000 00:00,653,397,600,146,311,215
31/01/2000 00:00,644,397,593,181,323,195
01/02/2000 00:00,636,398,584,172,342,200
02/02/2000 00:00,627,404,570,157,357,225
03/02/2000 00:00,618,416,565,134,369,248
04/02/2000 00:00,609,406,571,148,366,245
05/02/2000 00:00,601,395,575,119,352,238
06/02/2000 00:00,595,386,580,117,365,253
07/02/2000 00:00,589,376,583,112,351,265
08/02/2000 00:00,584,342,584,98,343,235
09/02/2000 00:00,578,358,584,91,327,233
10/02/2000 00:00,572,351,578,90,310,205
11/02/2000 00:00,565,341,569,90,308,200
12/02/2000 00:00,556,330,555,84,295,185
13/02/2000 00:00,546,321,539,78,338,193
14/02/2000 00:00,535,311,530,77,338,195
15/02/2000 00:00,524,301,523,80,325,193
16/02/2000 00:00,514,296,520,80,322,183
17/02/2000 00:00,503,288,519,82,346,185
18/02/2000 00:00,493,283,513,88,333,253
19/02/2000 00:00,485,295,514,90,306,228
20/02/2000 00:00,478,304,534,88,357,205
21/02/2000 00:00,475,315,536,111,347,255
22/02/2000 00:00,476,315,526,148,351,243
23/02/2000 00:00,473,317,531,132,342,238
24/02/2000 00:00,470,307,540,134,371,260
25/02/2000 00:00,471,285,542,146,416,340
26/02/2000 00:00,478,398,560,190,418,335
27/02/2000 00:00,484,394,593,182,413,315
28/02/2000 00:00,492,394,606,166,451,388
29/02/2000 00:00,507,396,607,151,451,378
01/03/2000 00:00,517,384,631,201,437,373
02/03/2000 00:00,524,490,639,155,457,373
03/03/2000 00:00,529,495,645,162,454,370
04/03/2000 00:00,535,489,649,166,450,378
05/03/2000 00:00,539,485,652,165,453,368
06/03/2000 00:00,541,482,651,143,453,363
07/03/2000 00:00,544,478,653,145,453,353
08/03/2000 00:00,546,475,653,144,451,378
09/03/2000 00:00,547,469,654,127,439,375
10/03/2000 00:00,548,466,658,121,428,348
11/03/2000 00:00,550,463,658,112,417,340
12/03/2000 00:00,551,458,655,103,410,310
13/03/2000 00:00,551,454,652,103,399,300
14/03/2000 00:00,549,450,645,100,395,303
15/03/2000 00:00,547,446,642,116,416,295
16/03/2000 00:00,545,444,641,98,419,303
17/03/2000 00:00,543,439,639,92,404,290
18/03/2000 00:00,541,436,641,90,411,328
19/03/2000 00:00,540,433,637,96,394,295
20/03/2000 00:00,538,431,633,105,379,273
21/03/2000 00:00,537,428,636,99,367,265
22/03/2000 00:00,534,424,636,91,366,248
23/03/2000 00:00,528,421,619,90,390,253
24/03/2000 00:00,522,418,605,120,391,265
25/03/2000 00:00,516,415,601,224,406,303
26/03/2000 00:00,510,413,607,190,423,300
27/03/2000 00:00,503,410,616,126,445,308
28/03/2000 00:00,500,406,620,199,459,348
29/03/2000 00:00,501,386,622,161,430,333
30/03/2000 00:00,502,384,627,140,477,333
31/03/2000 00:00,499,382,633,154,459,368
01/04/2000 00:00,497,319,635,123,422,345
02/04/2000 00:00,497,315,642,110,411,320
03/04/2000 00:00,497,406,645,103,415,305
04/04/2000 00:00,496,497,642,105,406,303
05/04/2000 00:00,496,444,640,174,379,323
06/04/2000 00:00,495,396,644,148,419,348
07/04/2000 00:00,495,355,650,128,452,338
08/04/2000 00:00,495,358,656,134,422,353
09/04/2000 00:00,497,362,655,128,388,323
10/04/2000 00:00,501,418,657,122,379,293
11/04/2000 00:00,501,416,656,107,379,290
12/04/2000 00:00,501,416,655,109,406,308
13/04/2000 00:00,498,417,646,180,410,348
14/04/2000 00:00,495,410,646,164,423,330
15/04/2000 00:00,496,403,652,152,423,358
16/04/2000 00:00,498,405,653,174,427,340
17/04/2000 00:00,501,406,661,157,423,338
18/04/2000 00:00,508,407,663,139,433,375
19/04/2000 00:00,509,422,669,186,435,378
20/04/2000 00:00,511,433,677,189,428,368
21/04/2000 00:00,516,439,683,142,435,398
22/04/2000 00:00,518,441,688,135,446,378
23/04/2000 00:00,521,445,690,129,424,383
24/04/2000 00:00,528,448,696,141,421,358
25/04/2000 00:00,531,450,699,135,423,353
26/04/2000 00:00,533,456,703,142,420,358
27/04/2000 00:00,536,462,702,154,407,333
28/04/2000 00:00,539,458,701,125,385,315
29/04/2000 00:00,541,447,699,188,372,308
30/04/2000 00:00,543,443,698,171,361,305
01/05/2000 00:00,544,439,698,146,363,293
02/05/2000 00:00,545,438,695,135,377,298
03/05/2000 00:00,546,435,693,138,378,290
04/05/2000 00:00,548,431,692,214,413,303
05/05/2000 00:00,549,444,689,191,420,325
06/05/2000 00:00,550,458,691,160,439,325
07/05/2000 00:00,552,467,692,155,451,373
08/05/2000 00:00,554,470,693,158,468,378
09/05/2000 00:00,556,475,699,159,468,413
10/05/2000 00:00,563,479,703,178,463,390
11/05/2000 00:00,570,484,711,203,424,395
12/05/2000 00:00,571,496,715,160,403,360
13/05/2000 00:00,574,494,720,155,415,345
14/05/2000 00:00,577,482,722,142,437,353
15/05/2000 00:00,580,486,727,172,435,408
16/05/2000 00:00,582,489,728,139,459,398
17/05/2000 00:00,588,491,735,137,470,408
18/05/2000 00:00,591,495,740,259,468,428
19/05/2000 00:00,594,500,744,250,493,398
20/05/2000 00:00,597,504,751,185,509,415
21/05/2000 00:00,602,509,757,314,511,445
22/05/2000 00:00,605,513,761,244,502,448
23/05/2000 00:00,610,517,765,331,511,433
24/05/2000 00:00,613,520,775,341,529,430
25/05/2000 00:00,616,522,780,274,520,438
26/05/2000 00:00,619,526,784,224,539,430
27/05/2000 00:00,624,533,787,215,505,433
28/05/2000 00:00,628,535,791,290,519,420
29/05/2000 00:00,631,538,796,259,510,433
30/05/2000 00:00,634,540,799,200,500,423
31/05/2000 00:00,639,543,801,182,545,438
01/06/2000 00:00,644,552,805,200,516,440
02/06/2000 00:00,646,558,808,180,519,445
03/06/2000 00:00,650,561,808,153,500,448
04/06/2000 00:00,654,570,812,143,489,413
05/06/2000 00:00,656,575,817,142,488,405
06/06/2000 00:00,659,578,818,133,448,383
07/06/2000 00:00,663,583,823,138,456,365
08/06/2000 00:00,668,577,826,130,431,355
09/06/2000 00:00,672,567,827,143,432,338
10/06/2000 00:00,676,555,830,132,426,333
11/06/2000 00:00,680,555,830,133,432,325
12/06/2000 00:00,684,564,829,145,417,310
13/06/2000 00:00,686,573,826,140,402,298
14/06/2000 00:00,688,578,822,123,404,293
15/06/2000 00:00,690,581,815,118,429,305
16/06/2000 00:00,692,580,812,219,424,340
17/06/2000 00:00,695,575,810,350,417,313
18/06/2000 00:00,697,567,810,190,437,363
19/06/2000 00:00,699,563,810,156,471,385
20/06/2000 00:00,702,558,810,132,455,390
21/06/2000 00:00,704,554,811,153,441,355
22/06/2000 00:00,706,540,813,163,418,348
23/06/2000 00:00,707,549,812,287,435,328
24/06/2000 00:00,711,554,813,234,446,345
25/06/2000 00:00,713,560,815,201,460,370
26/06/2000 00:00,718,565,817,185,467,408
27/06/2000 00:00,719,568,817,172,443,375
28/06/2000 00:00,720,571,818,177,432,345
29/06/2000 00:00,721,574,817,147,415,338
30/06/2000 00:00,724,566,815,138,405,308
01/07/2000 00:00,725,559,811,139,404,285
02/07/2000 00:00,726,550,800,129,389,298
03/07/2000 00:00,728,542,791,136,389,293
04/07/2000 00:00,729,534,783,152,397,283
05/07/2000 00:00,730,525,776,161,393,273
06/07/2000 00:00,731,517,765,211,397,280
07/07/2000 00:00,731,510,758,161,410,283
08/07/2000 00:00,731,503,752,135,395,298
09/07/2000 00:00,732,498,749,121,409,290
10/07/2000 00:00,732,490,745,111,398,288
11/07/2000 00:00,731,483,738,105,386,280
12/07/2000 00:00,729,477,729,116,359,253
13/07/2000 00:00,727,469,717,159,358,235
14/07/2000 00:00,725,462,704,222,354,248
15/07/2000 00:00,723,457,698,210,366,233
16/07/2000 00:00,720,454,682,155,359,233
17/07/2000 00:00,717,444,679,124,370,223
18/07/2000 00:00,714,441,676,115,364,255
19/07/2000 00:00,713,447,674,127,389,278
20/07/2000 00:00,710,444,678,232,354,253
21/07/2000 00:00,708,444,689,157,355,238
22/07/2000 00:00,705,457,683,167,375,270
23/07/2000 00:00,704,465,682,148,363,265
24/07/2000 00:00,703,459,688,142,369,248
25/07/2000 00:00,700,450,683,134,378,253
26/07/2000 00:00,697,450,678,236,375,265
27/07/2000 00:00,694,455,674,204,351,253
28/07/2000 00:00,691,466,679,154,351,263
29/07/2000 00:00,690,468,680,135,358,288
30/07/2000 00:00,690,487,679,140,353,295
31/07/2000 00:00,689,492,689,125,354,288
01/08/2000 00:00,689,493,690,114,381,265
02/08/2000 00:00,690,491,689,104,397,283
03/08/2000 00:00,690,495,685,149,415,310
04/08/2000 00:00,688,499,687,222,386,293
05/08/2000 00:00,687,503,692,172,373,330
06/08/2000 00:00,688,506,695,153,378,283
07/08/2000 00:00,688,498,695,134,381,313
08/08/2000 00:00,689,496,695,142,354,278
09/08/2000 00:00,690,492,696,143,352,248
10/08/2000 00:00,689,493,696,159,358,253
11/08/2000 00:00,689,482,686,209,355,258
12/08/2000 00:00,688,469,683,155,346,228
13/08/2000 00:00,688,461,677,124,347,218
14/08/2000 00:00,685,453,666,116,344,215
15/08/2000 00:00,683,446,653,122,339,210
16/08/2000 00:00,680,439,648,254,331,193
17/08/2000 00:00,679,436,631,266,321,233
18/08/2000 00:00,677,437,623,195,306,193
19/08/2000 00:00,675,436,626,252,325,190
20/08/2000 00:00,671,426,615,199,305,203
21/08/2000 00:00,667,421,600,161,305,185
22/08/2000 00:00,663,417,597,172,303,175
23/08/2000 00:00,657,414,583,214,291,158
24/08/2000 00:00,651,309,569,193,291,153
25/08/2000 00:00,643,308,556,296,305,150
26/08/2000 00:00,636,420,549,295,308,188
27/08/2000 00:00,629,434,553,205,351,228
28/08/2000 00:00,625,443,559,242,348,200
29/08/2000 00:00,622,449,584,208,342,243
30/08/2000 00:00,621,457,580,207,384,255
31/08/2000 00:00,621,465,587,184,399,270
01/09/2000 00:00,623,473,602,262,389,285
02/09/2000 00:00,627,476,613,160,395,288
03/09/2000 00:00,630,479,619,153,411,295
04/09/2000 00:00,632,482,630,142,405,280
05/09/2000 00:00,636,486,641,188,431,365
06/09/2000 00:00,640,490,657,158,424,345
07/09/2000 00:00,644,494,681,143,397,293
08/09/2000 00:00,649,488,687,150,429,333
09/09/2000 00:00,652,486,683,128,412,303
10/09/2000 00:00,655,488,686,123,395,323
11/09/2000 00:00,657,490,697,131,408,400
12/09/2000 00:00,660,495,702,120,442,358
13/09/2000 00:00,663,501,713,120,388,338
14/09/2000 00:00,668,504,716,110,389,303
15/09/2000 00:00,671,419,719,109,413,333
16/09/2000 00:00,674,427,722,107,408,340
17/09/2000 00:00,677,438,725,110,399,335
18/09/2000 00:00,680,449,728,130,406,338
19/09/2000 00:00,682,461,728,128,400,303
20/09/2000 00:00,685,479,732,125,403,335
21/09/2000 00:00,688,486,734,108,447,355
22/09/2000 00:00,688,484,737,102,390,318
23/09/2000 00:00,689,481,742,158,401,328
24/09/2000 00:00,694,478,747,168,401,360
25/09/2000 00:00,696,480,752,145,399,383
26/09/2000 00:00,699,490,763,243,447,383
27/09/2000 00:00,701,492,769,172,433,370
28/09/2000 00:00,706,497,771,138,437,368
29/09/2000 00:00,708,504,780,121,411,375
30/09/2000 00:00,711,502,785,109,440,380
01/10/2000 00:00,714,515,790,135,456,408
02/10/2000 00:00,717,518,794,149,474,405
03/10/2000 00:00,720,521,798,125,490,410
04/10/2000 00:00,722,519,802,111,497,415
05/10/2000 00:00,726,522,808,105,488,418
06/10/2000 00:00,730,518,810,100,488,403
07/10/2000 00:00,732,515,815,110,495,393
08/10/2000 00:00,735,511,818,115,456,363
09/10/2000 00:00,737,409,823,140,430,363
10/10/2000 00:00,739,449,826,185,406,358
11/10/2000 00:00,741,497,827,188,386,313
12/10/2000 00:00,743,486,827,128,387,295
13/10/2000 00:00,745,472,825,108,361,280
14/10/2000 00:00,747,462,821,121,365,260
15/10/2000 00:00,748,454,812,164,361,255
16/10/2000 00:00,749,453,802,185,345,260
17/10/2000 00:00,751,446,793,160,345,220
18/10/2000 00:00,752,451,782,135,333,230
19/10/2000 00:00,753,448,765,153,329,215
20/10/2000 00:00,754,442,753,133,330,223
21/10/2000 00:00,755,442,740,118,344,233
22/10/2000 00:00,755,439,735,125,370,238
23/10/2000 00:00,755,436,733,110,374,290
24/10/2000 00:00,756,433,734,125,391,278
25/10/2000 00:00,756,436,742,130,383,308
26/10/2000 00:00,756,438,744,169,406,298
27/10/2000 00:00,755,440,748,263,415,345
28/10/2000 00:00,754,444,754,157,402,373
29/10/2000 00:00,754,475,762,125,395,375
30/10/2000 00:00,753,453,766,128,415,360
31/10/2000 00:00,753,456,775,149,456,395
01/11/2000 00:00,753,461,776,170,475,393
02/11/2000 00:00,753,464,780,163,505,403
03/11/2000 00:00,753,472,788,138,516,393
04/11/2000 00:00,753,481,797,108,462,428
05/11/2000 00:00,753,484,804,100,446,408
06/11/2000 00:00,753,482,805,100,406,370
07/11/2000 00:00,754,480,811,104,434,338
08/11/2000 00:00,754,477,818,105,393,343
09/11/2000 00:00,755,473,824,100,389,328
10/11/2000 00:00,755,470,830,104,396,308
11/11/2000 00:00,757,468,834,131,394,305
12/11/2000 00:00,759,465,838,132,387,295
13/11/2000 00:00,760,464,844,100,373,285
14/11/2000 00:00,760,458,845,98,350,285
15/11/2000 00:00,761,455,842,108,339,285
16/11/2000 00:00,761,449,838,195,339,280
17/11/2000 00:00,762,444,833,140,350,238
18/11/2000 00:00,762,436,827,190,397,250
19/11/2000 00:00,762,432,817,180,435,300
20/11/2000 00:00,762,438,812,195,443,325
21/11/2000 00:00,762,434,815,165,445,338
22/11/2000 00:00,761,424,817,185,476,340
23/11/2000 00:00,761,421,817,140,420,348
24/11/2000 00:00,761,419,813,120,386,308
25/11/2000 00:00,760,417,810,188,364,310
26/11/2000 00:00,759,421,800,146,358,268
27/11/2000 00:00,758,421,792,121,355,253
28/11/2000 00:00,758,417,775,110,349,255
29/11/2000 00:00,757,414,758,115,367,248
30/11/2000 00:00,755,411,756,115,358,270
01/12/2000 00:00,753,413,748,105,351,258
02/12/2000 00:00,751,414,745,113,332,243
03/12/2000 00:00,749,420,742,105,322,260
04/12/2000 00:00,749,426,735,100,338,268
05/12/2000 00:00,748,428,740,100,349,278
06/12/2000 00:00,747,433,741,107,333,253
07/12/2000 00:00,745,438,740,180,336,233
08/12/2000 00:00,744,443,731,225,368,235
09/12/2000 00:00,742,436,719,181,347,238
10/12/2000 00:00,740,427,710,161,355,218
11/12/2000 00:00,735,423,705,138,352,240
12/12/2000 00:00,733,418,693,117,389,273
13/12/2000 00:00,728,414,688,117,350,233
14/12/2000 00:00,723,407,692,107,336,218
15/12/2000 00:00,718,404,680,117,337,210
16/12/2000 00:00,713,399,672,97,350,213
17/12/2000 00:00,706,396,656,94,344,220
18/12/2000 00:00,699,393,635,105,321,193
19/12/2000 00:00,692,389,631,101,324,193
20/12/2000 00:00,684,385,618,98,315,180
21/12/2000 00:00,675,378,605,95,338,193
22/12/2000 00:00,664,374,595,91,347,198
23/12/2000 00:00,658,368,592,88,341,213
24/12/2000 00:00,651,354,590,88,310,205
25/12/2000 00:00,643,354,588,108,310,178
26/12/2000 00:00,631,363,586,127,325,208
27/12/2000 00:00,621,362,573,117,326,220
28/12/2000 00:00,613,365,571,128,345,235
29/12/2000 00:00,605,375,582,136,361,233
30/12/2000 00:00,600,373,591,145,339,280
31/12/2000 00:00,586,368,597,150,356,255
01/01/2001 00:00,592,364,613,164,337,255
02/01/2001 00:00,589,359,611,131,315,223
03/01/2001 00:00,585,354,602,103,304,195
04/01/2001 00:00,581,349,590,92,332,180
05/01/2001 00:00,574,343,574,87,301,208
06/01/2001 00:00,565,337,572,104,304,200
07/01/2001 00:00,556,326,553,95,305,198
08/01/2001 00:00,548,312,544,84,287,170
09/01/2001 00:00,536,307,539,81,287,158
10/01/2001 00:00,526,297,536,82,285,155
11/01/2001 00:00,516,283,518,99,284,188
12/01/2001 00:00,504,275,503,103,275,163
13/01/2001 00:00,491,264,497,84,273,145
14/01/2001 00:00,479,254,501,78,265,143
15/01/2001 00:00,468,247,491,75,257,143
16/01/2001 00:00,459,240,479,74,328,150
17/01/2001 00:00,442,233,469,84,331,193
18/01/2001 00:00,430,230,470,101,322,208
19/01/2001 00:00,418,231,484,130,300,190
20/01/2001 00:00,409,242,499,103,341,185
21/01/2001 00:00,407,259,496,103,333,258
22/01/2001 00:00,409,271,489,96,343,253
23/01/2001 00:00,410,277,495,116,340,238
24/01/2001 00:00,411,281,525,105,346,235
25/01/2001 00:00,417,293,523,91,360,248
26/01/2001 00:00,423,301,521,83,344,248
27/01/2001 00:00,425,292,525,78,309,210
28/01/2001 00:00,426,271,525,75,284,170
29/01/2001 00:00,422,249,516,70,281,148
30/01/2001 00:00,418,231,494,69,281,155
31/01/2001 00:00,407,221,471,69,283,138
01/02/2001 00:00,390,215,456,73,285,143
02/02/2001 00:00,371,206,449,72,280,133
03/02/2001 00:00,355,195,448,80,280,115
04/02/2001 00:00,340,187,431,80,282,125
05/02/2001 00:00,327,184,420,75,305,133
06/02/2001 00:00,316,184,418,85,291,180
07/02/2001 00:00,305,194,420,92,275,145
08/02/2001 00:00,297,191,432,136,255,125
09/02/2001 00:00,295,187,435,137,252,115
10/02/2001 00:00,296,197,418,128,254,98
11/02/2001 00:00,296,189,403,105,249,93
12/02/2001 00:00,291,180,393,85,246,93
13/02/2001 00:00,282,170,386,77,244,90
14/02/2001 00:00,265,164,383,69,254,88
15/02/2001 00:00,250,159,378,73,262,98
16/02/2001 00:00,239,156,373,61,270,113
17/02/2001 00:00,232,153,375,60,269,123
18/02/2001 00:00,228,147,379,60,259,130
19/02/2001 00:00,224,147,383,60,245,118
20/02/2001 00:00,224,154,385,60,273,103
21/02/2001 00:00,225,149,386,88,272,128
22/02/2001 00:00,227,153,375,129,275,135
23/02/2001 00:00,227,159,381,162,280,143
24/02/2001 00:00,223,155,389,145,275,145
25/02/2001 00:00,224,154,398,123,262,133
26/02/2001 00:00,229,168,398,113,281,118
27/02/2001 00:00,231,173,399,139,298,145
28/02/2001 00:00,233,182,390,160,280,178
01/03/2001 00:00,236,186,398,147,274,145
02/03/2001 00:00,240,189,418,150,278,138
03/03/2001 00:00,246,198,416,131,301,145
04/03/2001 00:00,254,195,406,148,317,170
05/03/2001 00:00,256,193,399,195,323,198
06/03/2001 00:00,251,103,412,135,325,213
07/03/2001 00:00,246,298,432,119,311,205
08/03/2001 00:00,251,284,459,126,377,205
09/03/2001 00:00,270,277,465,136,350,295
10/03/2001 00:00,299,264,468,109,324,210
11/03/2001 00:00,314,253,493,104,336,218
12/03/2001 00:00,321,246,488,90,323,240
13/03/2001 00:00,324,235,475,82,328,200
14/03/2001 00:00,330,229,486,77,304,203
15/03/2001 00:00,330,235,476,82,329,193
16/03/2001 00:00,325,243,462,108,302,208
17/03/2001 00:00,317,257,459,109,329,198
18/03/2001 00:00,309,264,460,106,331,218
19/03/2001 00:00,304,276,459,125,327,233
20/03/2001 00:00,301,282,466,131,344,230
21/03/2001 00:00,302,297,479,135,376,255
22/03/2001 00:00,309,307,492,121,427,343
23/03/2001 00:00,322,316,506,172,394,330
24/03/2001 00:00,336,314,548,139,409,288
25/03/2001 00:00,352,323,566,134,432,313
26/03/2001 00:00,373,333,562,109,413,340
27/03/2001 00:00,388,344,566,122,380,333
28/03/2001 00:00,394,341,580,101,348,278
29/03/2001 00:00,401,331,581,94,353,248
30/03/2001 00:00,408,320,570,111,372,258
31/03/2001 00:00,409,251,553,103,360,250
01/04/2001 00:00,404,205,546,102,352,240
02/04/2001 00:00,399,213,543,92,322,233
03/04/2001 00:00,394,220,536,92,314,205
04/04/2001 00:00,389,223,528,82,303,193
05/04/2001 00:00,383,226,517,78,324,185
06/04/2001 00:00,377,224,503,79,321,205
07/04/2001 00:00,367,231,493,223,340,190
08/04/2001 00:00,357,236,489,163,322,213
09/04/2001 00:00,346,239,485,123,313,195
10/04/2001 00:00,341,247,484,102,358,210
11/04/2001 00:00,339,253,485,94,339,278
12/04/2001 00:00,338,258,488,91,317,233
13/04/2001 00:00,338,269,504,258,319,220
14/04/2001 00:00,340,277,515,153,321,255
15/04/2001 00:00,349,283,514,139,321,230
16/04/2001 00:00,357,288,514,145,337,225
17/04/2001 00:00,362,292,518,177,316,243
18/04/2001 00:00,363,305,517,188,327,225
19/04/2001 00:00,368,315,520,130,327,250
20/04/2001 00:00,373,326,521,117,335,258
21/04/2001 00:00,379,330,525,110,317,243
22/04/2001 00:00,383,336,537,101,312,225
23/04/2001 00:00,387,340,532,113,306,196
24/04/2001 00:00,387,394,523,122,304,220
25/04/2001 00:00,383,349,513,120,296,198
26/04/2001 00:00,375,355,510,132,308,183
27/04/2001 00:00,365,364,505,154,317,195
28/04/2001 00:00,358,371,489,177,316,205
29/04/2001 00:00,353,376,485,184,315,205
30/04/2001 00:00,343,384,485,212,316,208
01/05/2001 00:00,334,388,484,215,309,215
02/05/2001 00:00,331,391,491,162,302,235
03/05/2001 00:00,332,395,490,129,350,213
04/05/2001 00:00,333,397,503,145,367,258
05/05/2001 00:00,336,401,505,150,376,268
06/05/2001 00:00,345,404,522,126,361,275
07/05/2001 00:00,359,408,538,119,360,253
08/05/2001 00:00,372,411,541,138,361,315
09/05/2001 00:00,384,419,548,152,396,305
10/05/2001 00:00,398,433,569,193,411,330
11/05/2001 00:00,416,444,592,158,385,358
12/05/2001 00:00,433,445,607,123,394,325
13/05/2001 00:00,445,437,610,113,375,305
14/05/2001 00:00,455,434,610,131,358,293
15/05/2001 00:00,457,427,605,122,359,273
16/05/2001 00:00,459,423,605,109,371,295
17/05/2001 00:00,460,427,605,99,388,315
18/05/2001 00:00,462,419,610,99,351,298
19/05/2001 00:00,467,408,615,117,327,260
20/05/2001 00:00,471,412,612,164,313,255
21/05/2001 00:00,473,422,607,118,332,233
22/05/2001 00:00,474,442,606,153,362,278
23/05/2001 00:00,475,439,604,124,369,295
24/05/2001 00:00,477,421,608,110,366,268
25/05/2001 00:00,479,416,613,115,357,283
26/05/2001 00:00,479,407,614,139,351,275
27/05/2001 00:00,481,404,617,123,367,278
28/05/2001 00:00,484,425,619,218,402,343
29/05/2001 00:00,486,429,626,199,421,330
30/05/2001 00:00,489,434,636,201,425,318
31/05/2001 00:00,494,441,641,202,375,333
01/06/2001 00:00,498,466,647,177,356,275
02/06/2001 00:00,505,461,654,131,375,280
03/06/2001 00:00,511,487,655,118,379,313
04/06/2001 00:00,516,492,656,121,371,305
05/06/2001 00:00,521,494,662,138,402,295
06/06/2001 00:00,525,493,666,164,381,320
07/06/2001 00:00,530,485,665,142,361,278
08/06/2001 00:00,534,482,664,162,353,260
09/06/2001 00:00,537,478,660,245,345,245
10/06/2001 00:00,538,475,657,255,338,250
11/06/2001 00:00,539,473,653,315,340,235
12/06/2001 00:00,539,471,646,237,350,250
13/06/2001 00:00,539,468,638,211,361,278
14/06/2001 00:00,537,469,639,171,362,263
15/06/2001 00:00,538,464,643,141,353,258
16/06/2001 00:00,539,453,641,141,340,263
17/06/2001 00:00,537,445,635,124,351,235
18/06/2001 00:00,537,441,629,122,357,240
19/06/2001 00:00,535,445,624,270,335,255
20/06/2001 00:00,532,428,615,361,320,240
21/06/2001 00:00,529,440,615,215,322,213
22/06/2001 00:00,529,430,608,167,334,220
23/06/2001 00:00,529,426,594,147,327,225
24/06/2001 00:00,527,420,589,150,319,203
25/06/2001 00:00,524,417,583,134,311,195
26/06/2001 00:00,519,413,569,190,304,183
27/06/2001 00:00,514,408,556,250,298,185
28/06/2001 00:00,509,405,536,333,288,170
29/06/2001 00:00,499,402,529,324,275,155
30/06/2001 00:00,487,399,521,244,277,143
01/07/2001 00:00,477,396,516,245,305,153
02/07/2001 00:00,470,392,510,204,323,195
03/07/2001 00:00,465,389,502,215,334,218
04/07/2001 00:00,465,385,512,180,334,203
05/07/2001 00:00,464,377,523,183,321,203
06/07/2001 00:00,458,366,522,312,311,200
07/07/2001 00:00,452,360,516,227,304,198
08/07/2001 00:00,448,351,509,199,314,203
09/07/2001 00:00,445,328,507,173,361,216
10/07/2001 00:00,443,323,512,165,347,273
11/07/2001 00:00,444,362,518,151,353,238
12/07/2001 00:00,446,342,536,144,352,248
13/07/2001 00:00,453,352,542,138,337,245
14/07/2001 00:00,461,362,541,148,302,230
15/07/2001 00:00,464,373,545,127,335,210
16/07/2001 00:00,464,382,543,122,343,235
17/07/2001 00:00,464,391,542,118,332,238
18/07/2001 00:00,463,399,543,115,323,220
19/07/2001 00:00,461,411,546,179,375,233
20/07/2001 00:00,458,420,543,231,378,295
21/07/2001 00:00,454,428,542,216,350,280
22/07/2001 00:00,452,429,549,191,364,255
23/07/2001 00:00,454,432,558,198,362,278
24/07/2001 00:00,455,436,560,185,349,268
25/07/2001 00:00,459,438,564,163,312,233
26/07/2001 00:00,462,447,566,141,314,200
27/07/2001 00:00,467,444,561,123,305,210
28/07/2001 00:00,469,441,553,150,333,208
29/07/2001 00:00,470,418,549,161,323,265
30/07/2001 00:00,470,413,559,133,318,223
31/07/2001 00:00,469,407,563,171,304,213
01/08/2001 00:00,469,404,561,155,306,190
02/08/2001 00:00,469,402,554,233,292,183
03/08/2001 00:00,469,399,548,251,311,168
04/08/2001 00:00,469,397,540,259,295,183
05/08/2001 00:00,470,395,535,172,310,175
06/08/2001 00:00,469,391,531,201,292,198
07/08/2001 00:00,468,387,528,197,280,165
08/08/2001 00:00,465,385,529,199,281,148
09/08/2001 00:00,464,383,521,211,276,150
10/08/2001 00:00,459,381,508,199,274,135
11/08/2001 00:00,455,379,496,246,266,135
12/08/2001 00:00,449,377,489,227,274,125
13/08/2001 00:00,435,375,476,197,264,128
14/08/2001 00:00,422,373,464,161,277,113
15/08/2001 00:00,410,370,459,149,284,130
16/08/2001 00:00,396,368,455,158,308,143
17/08/2001 00:00,388,366,445,209,297,163
18/08/2001 00:00,380,359,447,308,303,153
19/08/2001 00:00,374,362,453,297,308,155
20/08/2001 00:00,369,360,453,211,313,153
21/08/2001 00:00,366,358,449,269,310,178
22/08/2001 00:00,361,359,442,320,287,175
23/08/2001 00:00,357,342,448,214,277,143
24/08/2001 00:00,355,334,451,172,283,123
25/08/2001 00:00,357,320,448,171,307,138
26/08/2001 00:00,363,373,433,163,296,173
27/08/2001 00:00,365,383,431,152,311,160
28/08/2001 00:00,366,378,447,145,310,168
29/08/2001 00:00,364,422,452,138,294,183
30/08/2001 00:00,363,418,452,133,285,160
31/08/2001 00:00,366,414,454,109,295,145
01/09/2001 00:00,371,407,455,100,279,150
02/09/2001 00:00,372,419,448,100,249,130
03/09/2001 00:00,372,426,442,132,246,113
04/09/2001 00:00,363,430,440,125,256,108
05/09/2001 00:00,366,437,428,223,271,128
06/09/2001 00:00,374,441,424,349,269,140
07/09/2001 00:00,382,447,421,210,263,133
08/09/2001 00:00,386,452,431,144,284,148
09/09/2001 00:00,398,455,432,126,337,163
10/09/2001 00:00,404,448,443,138,296,215
11/09/2001 00:00,406,457,441,135,308,170
12/09/2001 00:00,410,443,468,129,314,203
13/09/2001 00:00,412,437,474,122,335,235
14/09/2001 00:00,417,433,474,149,368,258
15/09/2001 00:00,427,443,494,137,369,323
16/09/2001 00:00,436,444,528,149,392,288
17/09/2001 00:00,444,446,562,142,364,288
18/09/2001 00:00,455,451,566,126,330,250
19/09/2001 00:00,464,455,560,111,344,218
20/09/2001 00:00,470,450,554,115,319,253
21/09/2001 00:00,474,447,545,107,323,248
22/09/2001 00:00,475,445,550,145,312,220
23/09/2001 00:00,481,443,554,130,338,245
24/09/2001 00:00,485,441,556,139,360,295
25/09/2001 00:00,487,437,559,113,368,305
26/09/2001 00:00,492,433,572,104,362,293
27/09/2001 00:00,496,430,586,96,347,265
28/09/2001 00:00,498,426,587,112,369,288
29/09/2001 00:00,503,424,586,135,389,280
30/09/2001 00:00,507,426,594,126,358,300
01/10/2001 00:00,513,438,599,102,332,243
02/10/2001 00:00,517,442,604,95,311,210
03/10/2001 00:00,521,450,598,100,303,183
04/10/2001 00:00,526,456,583,97,302,180
05/10/2001 00:00,526,457,575,130,284,183
06/10/2001 00:00,523,464,573,105,283,175
07/10/2001 00:00,523,469,566,97,306,190
08/10/2001 00:00,523,474,559,103,290,255
09/10/2001 00:00,523,478,559,92,282,195
10/10/2001 00:00,524,480,574,83,291,180
11/10/2001 00:00,529,486,568,81,314,225
12/10/2001 00:00,531,491,555,80,335,228
13/10/2001 00:00,535,496,572,82,318,228
14/10/2001 00:00,536,495,575,99,302,205
15/10/2001 00:00,536,487,570,106,336,270
16/10/2001 00:00,537,481,569,98,330,300
17/10/2001 00:00,538,486,573,140,380,288
18/10/2001 00:00,537,491,595,122,365,325
19/10/2001 00:00,541,496,598,99,374,318
20/10/2001 00:00,548,499,614,95,373,318
21/10/2001 00:00,556,504,623,127,399,310
22/10/2001 00:00,559,507,630,122,420,353
23/10/2001 00:00,565,510,637,135,376,365
24/10/2001 00:00,570,513,654,133,387,328
25/10/2001 00:00,573,516,668,131,402,328
26/10/2001 00:00,578,519,673,103,385,335
27/10/2001 00:00,582,521,675,94,366,338
28/10/2001 00:00,585,524,679,83,363,330
29/10/2001 00:00,590,526,680,98,361,295
30/10/2001 00:00,592,529,683,87,337,300
31/10/2001 00:00,595,532,676,84,383,318
01/11/2001 00:00,598,535,685,98,376,335
02/11/2001 00:00,601,538,692,90,389,328
03/11/2001 00:00,605,541,699,84,400,378
04/11/2001 00:00,609,544,705,79,421,385
05/11/2001 00:00,612,548,714,75,415,378
06/11/2001 00:00,615,551,723,78,366,335
07/11/2001 00:00,618,553,728,99,348,285
08/11/2001 00:00,620,557,726,123,333,260
09/11/2001 00:00,623,560,722,116,328,233
10/11/2001 00:00,627,563,712,101,327,225
11/11/2001 00:00,628,565,696,94,342,220
12/11/2001 00:00,630,567,685,115,345,228
13/11/2001 00:00,630,570,678,135,398,255
14/11/2001 00:00,630,576,676,138,364,295
15/11/2001 00:00,630,577,688,122,414,340
16/11/2001 00:00,631,580,707,115,413,318
17/11/2001 00:00,636,585,713,116,407,323
18/11/2001 00:00,641,589,718,119,397,325
19/11/2001 00:00,643,591,724,120,381,318
20/11/2001 00:00,644,595,725,130,400,295
21/11/2001 00:00,646,599,726,123,412,323
22/11/2001 00:00,647,603,723,105,454,378
23/11/2001 00:00,649,605,723,110,431,400
24/11/2001 00:00,651,608,728,128,420,355
25/11/2001 00:00,653,611,741,109,421,345
26/11/2001 00:00,656,614,742,132,404,345
27/11/2001 00:00,658,611,743,165,393,333
28/11/2001 00:00,659,609,747,158,452,368
29/11/2001 00:00,661,599,748,170,458,403
30/11/2001 00:00,663,593,751,190,459,408
01/12/2001 00:00,667,584,755,164,452,393
02/12/2001 00:00,667,576,758,142,426,370
03/12/2001 00:00,669,568,760,128,431,355
04/12/2001 00:00,670,558,759,137,464,360
05/12/2001 00:00,670,551,757,147,442,373
06/12/2001 00:00,669,545,755,122,405,328
07/12/2001 00:00,669,536,752,142,398,290
08/12/2001 00:00,668,530,748,110,398,293
09/12/2001 00:00,669,524,739,113,427,310
10/12/2001 00:00,671,519,735,130,442,348
11/12/2001 00:00,668,515,734,156,433,330
12/12/2001 00:00,669,506,739,143,422,333
13/12/2001 00:00,670,497,734,118,394,313
14/12/2001 00:00,671,489,732,163,440,298
15/12/2001 00:00,670,488,722,112,414,348
16/12/2001 00:00,669,495,723,105,418,340
17/12/2001 00:00,667,493,726,108,432,315
18/12/2001 00:00,665,496,726,135,457,348
19/12/2001 00:00,664,504,723,146,429,360
20/12/2001 00:00,667,507,724,146,445,358
21/12/2001 00:00,668,511,729,114,420,348
22/12/2001 00:00,668,515,727,124,453,370
23/12/2001 00:00,666,515,728,113,422,358
24/12/2001 00:00,666,513,731,190,410,320
25/12/2001 00:00,668,511,734,143,391,290
26/12/2001 00:00,668,498,725,118,397,310
27/12/2001 00:00,668,502,720,148,415,305
28/12/2001 00:00,669,511,720,152,431,348
29/12/2001 00:00,670,508,720,142,438,333
30/12/2001 00:00,668,496,721,138,418,348
31/12/2001 00:00,668,484,723,113,387,298
01/01/2002 00:00,668,473,723,101,389,255
02/01/2002 00:00,668,467,712,104,372,265
03/01/2002 00:00,668,451,698,94,344,243
04/01/2002 00:00,667,433,686,87,335,195
05/01/2002 00:00,665,424,672,85,329,203
06/01/2002 00:00,660,415,647,81,309,178
07/01/2002 00:00,654,393,632,95,301,148
08/01/2002 00:00,649,383,617,118,299,140
09/01/2002 00:00,641,386,595,105,313,133
10/01/2002 00:00,633,393,572,111,324,180
11/01/2002 00:00,625,399,571,104,315,185
12/01/2002 00:00,617,397,570,102,311,158
13/01/2002 00:00,609,387,566,109,309,143
14/01/2002 00:00,601,389,556,104,340,140
15/01/2002 00:00,592,394,550,100,364,203
16/01/2002 00:00,578,397,544,88,354,225
17/01/2002 00:00,567,397,544,82,337,210
18/01/2002 00:00,556,390,562,76,341,188
19/01/2002 00:00,548,386,556,72,350,198
20/01/2002 00:00,540,383,545,65,336,210
21/01/2002 00:00,531,378,539,76,329,185
22/01/2002 00:00,520,375,542,73,310,170
23/01/2002 00:00,509,371,529,70,331,145
24/01/2002 00:00,496,366,517,79,331,178
25/01/2002 00:00,491,363,500,97,308,178
26/01/2002 00:00,474,360,500,81,300,143
27/01/2002 00:00,462,356,498,75,309,125
28/01/2002 00:00,452,350,485,83,305,143
29/01/2002 00:00,441,347,470,81,290,125
30/01/2002 00:00,427,344,469,85,286,110
31/01/2002 00:00,415,342,459,81,282,100
01/02/2002 00:00,404,336,451,108,299,100
02/02/2002 00:00,392,333,440,108,315,90
03/02/2002 00:00,384,330,437,82,311,113
04/02/2002 00:00,375,327,438,99,326,160
05/02/2002 00:00,364,324,450,130,327,175
06/02/2002 00:00,358,321,449,93,306,183
07/02/2002 00:00,361,319,464,79,287,160
08/02/2002 00:00,363,346,464,95,288,130
09/02/2002 00:00,361,313,465,96,292,135
10/02/2002 00:00,358,311,457,91,294,138
11/02/2002 00:00,351,307,438,99,283,135
12/02/2002 00:00,339,303,434,76,283,128
13/02/2002 00:00,328,297,441,71,300,118
14/02/2002 00:00,319,291,430,67,298,120
15/02/2002 00:00,313,285,419,65,290,118
16/02/2002 00:00,307,279,423,63,290,115
17/02/2002 00:00,299,275,425,63,300,115
18/02/2002 00:00,292,271,418,70,307,110
19/02/2002 00:00,286,268,410,71,299,125
20/02/2002 00:00,277,264,409,66,315,120
21/02/2002 00:00,268,261,414,64,303,158
22/02/2002 00:00,260,255,415,62,291,133
23/02/2002 00:00,262,252,418,62,305,120
24/02/2002 00:00,265,245,420,64,324,110
25/02/2002 00:00,265,243,413,65,318,175
26/02/2002 00:00,261,239,400,62,305,163
27/02/2002 00:00,257,236,419,69,285,145
28/02/2002 00:00,254,233,424,126,288,120
01/03/2002 00:00,254,220,419,118,285,140
02/03/2002 00:00,254,217,404,89,292,110
03/03/2002 00:00,252,212,403,89,281,110
04/03/2002 00:00,245,207,404,91,275,105
05/03/2002 00:00,238,201,397,92,269,95
06/03/2002 00:00,234,157,383,90,279,115
07/03/2002 00:00,224,162,378,89,279,120
08/03/2002 00:00,215,213,372,71,283,115
09/03/2002 00:00,211,220,382,63,276,110
10/03/2002 00:00,212,216,383,64,278,100
11/03/2002 00:00,215,204,381,63,269,90
12/03/2002 00:00,215,212,372,62,284,115
13/03/2002 00:00,213,221,372,107,288,150
14/03/2002 00:00,205,228,371,99,284,153
15/03/2002 00:00,204,234,372,77,324,125
16/03/2002 00:00,206,240,396,96,316,143
17/03/2002 00:00,214,246,406,120,318,210
18/03/2002 00:00,227,253,437,120,332,205
19/03/2002 00:00,236,262,458,153,352,220
20/03/2002 00:00,252,268,458,187,362,240
21/03/2002 00:00,269,277,471,189,384,260
22/03/2002 00:00,276,283,487,162,385,298
23/03/2002 00:00,290,291,504,122,393,280
24/03/2002 00:00,310,297,528,159,374,305
25/03/2002 00:00,327,304,540,135,387,253
26/03/2002 00:00,343,310,540,101,404,308
27/03/2002 00:00,354,315,537,88,377,280
28/03/2002 00:00,355,321,538,100,361,273
29/03/2002 00:00,356,328,546,128,354,260
30/03/2002 00:00,360,325,540,156,389,298
31/03/2002 00:00,366,314,536,127,400,298
01/04/2002 00:00,370,310,541,109,374,280
02/04/2002 00:00,376,305,546,150,369,245
03/04/2002 00:00,377,308,541,155,399,265
04/04/2002 00:00,374,311,531,155,362,278
05/04/2002 00:00,373,319,528,123,366,230
06/04/2002 00:00,373,323,534,124,345,230
07/04/2002 00:00,373,337,526,108,365,260
08/04/2002 00:00,373,346,529,148,420,328
09/04/2002 00:00,375,372,538,147,447,343
10/04/2002 00:00,383,386,564,117,448,365
11/04/2002 00:00,395,381,588,97,483,370
12/04/2002 00:00,405,388,603,93,447,395
13/04/2002 00:00,416,401,617,81,438,365
14/04/2002 00:00,426,407,624,78,451,383
15/04/2002 00:00,434,411,625,82,435,368
16/04/2002 00:00,439,411,626,92,429,340
17/04/2002 00:00,445,400,629,93,434,335
18/04/2002 00:00,446,388,628,99,459,368
19/04/2002 00:00,447,382,629,98,430,383
20/04/2002 00:00,448,375,638,183,444,380
21/04/2002 00:00,450,387,646,141,471,385
22/04/2002 00:00,455,398,649,137,512,405
23/04/2002 00:00,459,413,656,125,470,420
24/04/2002 00:00,464,425,665,100,450,390
25/04/2002 00:00,472,442,675,175,449,380
26/04/2002 00:00,480,467,680,240,507,410
27/04/2002 00:00,494,492,684,239,524,420
28/04/2002 00:00,504,508,691,189,518,440
29/04/2002 00:00,515,513,698,266,520,450
30/04/2002 00:00,521,515,703,167,508,440
01/05/2002 00:00,526,517,707,267,482,440
02/05/2002 00:00,533,514,714,224,463,415
03/05/2002 00:00,538,509,720,198,414,365
04/05/2002 00:00,545,502,725,150,387,315
05/05/2002 00:00,548,495,726,151,384,290
06/05/2002 00:00,551,487,724,156,358,265
07/05/2002 00:00,552,473,709,186,365,235
08/05/2002 00:00,552,451,695,166,345,250
09/05/2002 00:00,551,447,686,160,327,215
10/05/2002 00:00,547,443,678,163,337,208
11/05/2002 00:00,544,440,664,185,323,210
12/05/2002 00:00,540,436,647,191,329,215
13/05/2002 00:00,537,434,639,175,333,220
14/05/2002 00:00,533,430,634,199,333,195
15/05/2002 00:00,524,421,618,215,316,188
16/05/2002 00:00,518,415,608,177,322,185
17/05/2002 00:00,511,402,600,196,312,200
18/05/2002 00:00,504,398,592,153,320,205
19/05/2002 00:00,502,411,587,172,364,255
20/05/2002 00:00,496,429,594,147,358,288
21/05/2002 00:00,495,440,616,175,376,260
22/05/2002 00:00,504,446,626,168,368,293
23/05/2002 00:00,513,462,631,139,340,278
24/05/2002 00:00,517,474,636,126,340,258
25/05/2002 00:00,523,480,636,116,347,270
26/05/2002 00:00,533,484,638,164,375,335
27/05/2002 00:00,534,486,644,157,392,345
28/05/2002 00:00,535,489,662,159,427,348
29/05/2002 00:00,537,492,675,127,482,395
30/05/2002 00:00,542,496,682,112,510,425
31/05/2002 00:00,546,499,695,194,522,440
01/06/2002 00:00,552,503,707,176,508,450
02/06/2002 00:00,556,506,715,150,491,445
03/06/2002 00:00,561,515,727,151,481,435
04/06/2002 00:00,568,519,738,152,469,443
05/06/2002 00:00,577,521,745,156,456,418
06/06/2002 00:00,586,526,747,199,469,405
07/06/2002 00:00,588,530,752,207,502,420
08/06/2002 00:00,592,538,756,152,526,433
09/06/2002 00:00,598,543,761,179,544,440
10/06/2002 00:00,606,545,765,188,541,448
11/06/2002 00:00,609,555,772,258,530,450
12/06/2002 00:00,614,560,776,225,510,458
13/06/2002 00:00,617,564,781,146,475,460
14/06/2002 00:00,621,567,784,122,455,428
15/06/2002 00:00,626,571,792,170,458,395
16/06/2002 00:00,632,575,796,194,430,388
17/06/2002 00:00,637,574,799,217,398,348
18/06/2002 00:00,641,571,805,176,405,310
19/06/2002 00:00,645,569,808,173,382,318
20/06/2002 00:00,647,561,810,230,383,278
21/06/2002 00:00,651,552,810,192,375,278
22/06/2002 00:00,654,536,807,148,375,255
23/06/2002 00:00,655,519,801,133,373,255
24/06/2002 00:00,656,491,787,131,377,255
25/06/2002 00:00,656,470,778,182,378,248
26/06/2002 00:00,656,449,766,186,377,245
27/06/2002 00:00,656,437,756,139,386,248
28/06/2002 00:00,654,422,749,124,381,259
29/06/2002 00:00,651,408,742,117,370,248
30/06/2002 00:00,648,399,735,207,368,240
01/07/2002 00:00,647,397,722,191,369,245
02/07/2002 00:00,644,392,712,257,362,228
03/07/2002 00:00,642,389,703,216,314,220
04/07/2002 00:00,637,386,685,186,317,183
05/07/2002 00:00,632,383,672,179,343,185
06/07/2002 00:00,627,380,652,175,377,233
07/07/2002 00:00,623,378,647,175,400,288
08/07/2002 00:00,617,375,651,154,393,280
09/07/2002 00:00,613,373,673,128,373,265
10/07/2002 00:00,612,370,676,119,350,235
11/07/2002 00:00,608,366,665,167,330,208
12/07/2002 00:00,603,363,649,198,324,203
13/07/2002 00:00,598,357,638,249,335,190
14/07/2002 00:00,592,352,625,180,326,193
15/07/2002 00:00,584,347,605,176,292,180
16/07/2002 00:00,576,351,598,198,283,170
17/07/2002 00:00,568,355,587,197,271,155
18/07/2002 00:00,560,358,570,304,301,150
19/07/2002 00:00,550,362,564,230,300,190
20/07/2002 00:00,541,365,563,179,312,173
21/07/2002 00:00,533,370,571,165,347,203
22/07/2002 00:00,530,382,573,158,360,240
23/07/2002 00:00,530,356,576,147,319,230
24/07/2002 00:00,530,399,592,121,337,183
25/07/2002 00:00,527,369,597,145,348,243
26/07/2002 00:00,524,369,578,175,332,225
27/07/2002 00:00,522,367,584,142,325,203
28/07/2002 00:00,517,361,587,225,325,185
29/07/2002 00:00,513,353,574,156,313,193
30/07/2002 00:00,510,347,563,149,308,178
31/07/2002 00:00,505,342,555,137,311,173
01/08/2002 00:00,494,338,545,205,339,175
02/08/2002 00:00,486,335,536,199,315,198
03/08/2002 00:00,481,332,531,185,299,170
04/08/2002 00:00,475,330,535,185,280,150
05/08/2002 00:00,472,325,528,99,253,155
06/08/2002 00:00,461,320,512,148,275,130
07/08/2002 00:00,457,320,495,182,300,140
08/08/2002 00:00,451,331,482,232,280,163
09/08/2002 00:00,443,343,482,227,303,148
10/08/2002 00:00,428,356,494,157,312,208
11/08/2002 00:00,419,363,492,163,307,183
12/08/2002 00:00,420,372,506,162,317,175
13/08/2002 00:00,423,378,517,242,330,175
14/08/2002 00:00,420,384,504,252,304,188
15/08/2002 00:00,417,390,502,314,296,160
16/08/2002 00:00,412,396,500,239,296,163
17/08/2002 00:00,405,395,490,174,309,160
18/08/2002 00:00,400,393,475,158,345,150
19/08/2002 00:00,390,388,480,149,357,215
20/08/2002 00:00,380,379,481,208,341,223
21/08/2002 00:00,378,373,492,166,324,210
22/08/2002 00:00,379,367,506,214,314,195
23/08/2002 00:00,382,368,504,197,306,170
24/08/2002 00:00,370,370,498,194,300,160
25/08/2002 00:00,408,374,488,173,293,150
26/08/2002 00:00,417,377,479,176,305,168
27/08/2002 00:00,425,381,477,157,299,200
28/08/2002 00:00,422,387,471,150,302,185
29/08/2002 00:00,408,397,487,145,330,195
30/08/2002 00:00,409,413,497,134,337,255
31/08/2002 00:00,418,423,501,128,328,228
01/09/2002 00:00,426,431,520,133,319,268
02/09/2002 00:00,432,438,536,224,322,223
03/09/2002 00:00,441,447,541,175,302,230
04/09/2002 00:00,454,452,536,139,284,190
05/09/2002 00:00,455,446,531,123,300,170
06/09/2002 00:00,458,439,522,120,298,185
07/09/2002 00:00,462,427,507,116,294,180
08/09/2002 00:00,462,415,504,113,303,180
09/09/2002 00:00,450,402,500,115,293,175
10/09/2002 00:00,446,392,497,124,297,163
11/09/2002 00:00,440,380,492,120,306,178
12/09/2002 00:00,437,372,483,110,300,188
13/09/2002 00:00,433,369,484,108,292,173
14/09/2002 00:00,429,367,495,108,291,170
15/09/2002 00:00,425,364,491,109,309,180
16/09/2002 00:00,423,359,486,122,289,183
17/09/2002 00:00,419,364,484,146,268,168
18/09/2002 00:00,414,368,489,166,277,170
19/09/2002 00:00,414,372,488,146,319,190
20/09/2002 00:00,414,376,488,119,318,258
21/09/2002 00:00,414,379,489,109,304,223
22/09/2002 00:00,410,383,514,108,289,208
23/09/2002 00:00,414,391,524,108,299,190
24/09/2002 00:00,430,399,518,108,290,255
25/09/2002 00:00,441,408,514,118,309,208
26/09/2002 00:00,448,415,520,124,306,225
27/09/2002 00:00,450,425,528,130,319,248
28/09/2002 00:00,451,423,538,128,396,255
29/09/2002 00:00,451,415,555,115,393,330
30/09/2002 00:00,456,406,565,108,343,310
01/10/2002 00:00,468,424,593,107,339,263
02/10/2002 00:00,481,393,596,107,333,258
03/10/2002 00:00,487,387,585,107,296,240
04/10/2002 00:00,486,380,578,107,282,210
05/10/2002 00:00,487,375,571,107,270,170
06/10/2002 00:00,482,371,560,107,297,153
07/10/2002 00:00,478,381,545,107,295,185
08/10/2002 00:00,474,387,527,123,313,185
09/10/2002 00:00,466,393,527,125,318,215
10/10/2002 00:00,463,401,539,107,296,208
11/10/2002 00:00,461,406,541,113,289,203
12/10/2002 00:00,457,414,546,156,282,205
13/10/2002 00:00,454,419,540,111,270,188
14/10/2002 00:00,452,426,539,107,297,170
15/10/2002 00:00,459,434,533,113,295,195
16/10/2002 00:00,457,443,512,107,292,193
17/10/2002 00:00,456,454,517,109,289,205
18/10/2002 00:00,452,458,521,105,323,238
19/10/2002 00:00,451,463,530,106,331,245
20/10/2002 00:00,455,467,541,157,321,260
21/10/2002 00:00,457,470,546,118,312,230
22/10/2002 00:00,457,473,552,135,319,228
23/10/2002 00:00,469,477,556,137,324,245
24/10/2002 00:00,473,480,557,124,390,250
25/10/2002 00:00,476,483,566,143,403,340
26/10/2002 00:00,479,486,574,205,400,345
27/10/2002 00:00,486,490,609,177,396,338
28/10/2002 00:00,497,493,625,140,419,363
29/10/2002 00:00,504,495,639,206,471,380
30/10/2002 00:00,523,499,655,176,435,420
31/10/2002 00:00,536,507,672,185,410,395
01/11/2002 00:00,547,517,689,185,437,404
02/11/2002 00:00,558,526,698,171,438,394
03/11/2002 00:00,568,533,702,136,454,398
04/11/2002 00:00,577,568,708,148,453,415
05/11/2002 00:00,582,562,709,129,427,420
06/11/2002 00:00,589,582,718,129,414,393
07/11/2002 00:00,595,585,726,127,434,388
08/11/2002 00:00,601,580,733,119,465,373
09/11/2002 00:00,605,569,738,127,442,355
10/11/2002 00:00,618,559,749,134,464,345
11/11/2002 00:00,624,549,753,133,435,315
12/11/2002 00:00,629,540,757,114,436,300
13/11/2002 00:00,633,532,760,130,408,240
14/11/2002 00:00,635,508.5089624,763,122,383,245
15/11/2002 00:00,639,524,764,118,436,235
16/11/2002 00:00,643,516,763,159,368,240
17/11/2002 00:00,644,506,762,177,389,260
18/11/2002 00:00,645,493,761,133,323,243
19/11/2002 00:00,645,485,759,127,323,235
20/11/2002 00:00,646,475,748,118,342,234
21/11/2002 00:00,646,470,739,121,317,207
22/11/2002 00:00,646,465,730,162,327,205
23/11/2002 00:00,646,462,718,148,338,202
24/11/2002 00:00,646,458,705,120,331,260
25/11/2002 00:00,643,452,702,108,337,243
26/11/2002 00:00,642,438,699,107,344,235
27/11/2002 00:00,641,423,686,112,310,234
28/11/2002 00:00,637,395,684,140,299,207
29/11/2002 00:00,632,383,676,109,306,205
30/11/2002 00:00,627,376,660,107,285,198
01/12/2002 00:00,622,365,649,105,296,188
02/12/2002 00:00,618,353,640,98,322,215
03/12/2002 00:00,610,346,628,95,299,215
04/12/2002 00:00,604,339,626,78,287,198
05/12/2002 00:00,598,333,622,71,279,175
06/12/2002 00:00,590,326,603,82,297,175
07/12/2002 00:00,582,321,588,80,299,200
08/12/2002 00:00,573,314,586,83,298,193
09/12/2002 00:00,563,306,583,108,294,188
10/12/2002 00:00,555,300,574,149,307,195
11/12/2002 00:00,549,295,565,105,293,198
12/12/2002 00:00,545,287,560,105,336,175
13/12/2002 00:00,527,280,556,92,327,208
14/12/2002 00:00,520,281,546,79,326,213
15/12/2002 00:00,515,286,551,95,335,220
16/12/2002 00:00,497,290,557,135,382,260
17/12/2002 00:00,491,311,558,175,365,325
18/12/2002 00:00,492,346,589,180,442,338
19/12/2002 00:00,500,381,611,139,453,400
20/12/2002 00:00,510,390,628,115,414,390
21/12/2002 00:00,516,394,647,174,389,333
22/12/2002 00:00,533,391,649,150,404,315
23/12/2002 00:00,541,387,645,105,413,310
24/12/2002 00:00,544,384,646,88,384,278
25/12/2002 00:00,543,378,642,90,357,240
26/12/2002 00:00,539,373,635,85,326,218
27/12/2002 00:00,536,366,625,79,309,175
28/12/2002 00:00,532,356,608,81,331,205
29/12/2002 00:00,526,348,584,83,346,228
30/12/2002 00:00,523,341,565,83,346,250
31/12/2002 00:00,508,334,560,76,365,215
01/01/2003 00:00,495,323,559,72,331,215
02/01/2003 00:00,483,317,560,70,298,195
03/01/2003 00:00,473,307,558,70,294,165
04/01/2003 00:00,464,293,543,68,272,150
05/01/2003 00:00,451,289,516,68,284,140
06/01/2003 00:00,436,286,500,67,266,140
07/01/2003 00:00,417,277,485,67,282,115
08/01/2003 00:00,400,274,476,65,261,135
09/01/2003 00:00,383,272,461,64,267,120
10/01/2003 00:00,373,270,458,63,283,100
11/01/2003 00:00,357,267,455,63,262,105
12/01/2003 00:00,350,264,451,62,228,110
13/01/2003 00:00,339,261,443,62,233,90
14/01/2003 00:00,330,258,435,60,276,90
15/01/2003 00:00,321,262,415,60,301,120
16/01/2003 00:00,304,272,402,109,285,160
17/01/2003 00:00,287,280,415,76,253,150
18/01/2003 00:00,277,284,431,71,244,140
19/01/2003 00:00,274,293,436,75,269,148
20/01/2003 00:00,273,293,424,109,278,140
21/01/2003 00:00,281,291,400,108,268,150
22/01/2003 00:00,268,283,410,64,250,150
23/01/2003 00:00,261,276,422,62,251,110
24/01/2003 00:00,265,279,429,79,242,100
25/01/2003 00:00,268,264,406,74,267,100
26/01/2003 00:00,267,261,394,63,249,120
27/01/2003 00:00,257,255,385,68,274,120
28/01/2003 00:00,245,245,387,66,273,120
29/01/2003 00:00,236,234,386,63,281,123
30/01/2003 00:00,229,227,382,69,284,133
31/01/2003 00:00,224,221,383,65,263,150
01/02/2003 00:00,218,214,393,76,275,130
02/02/2003 00:00,222,208,391,123,263,140
03/02/2003 00:00,222,197,385,117,234,130
04/02/2003 00:00,221,191,380,109,245,120
05/02/2003 00:00,214,186,385,77,251,100
06/02/2003 00:00,209,188,365,83,241,110
07/02/2003 00:00,204,192,353,76,246,95
08/02/2003 00:00,196,196,352,114,243,100
09/02/2003 00:00,189,199,349,82,269,95
10/02/2003 00:00,185,205,353,76,284,130
11/02/2003 00:00,239.8573528,209,353,69,270,140
12/02/2003 00:00,257.4672129,213,369,70,269,150
13/02/2003 00:00,275.3096844,216,384,67,297,138
14/02/2003 00:00,201,221,393,64,302,170
15/02/2003 00:00,207,225,386,77,307,155
16/02/2003 00:00,216,228,398,68,321,180
17/02/2003 00:00,222,231,411,117,309,200
18/02/2003 00:00,221,234,417,113,304,200
19/02/2003 00:00,223,237,426,73,293,200
20/02/2003 00:00,226,240,431,70,288,175
21/02/2003 00:00,231,244,428,74,275,155
22/02/2003 00:00,241,243,419,64,267,145
23/02/2003 00:00,247,239,407,60,257,140
24/02/2003 00:00,244,217,396,62,269,135
25/02/2003 00:00,232,211,380,87,265,140
26/02/2003 00:00,221,216,369,73,264,145
27/02/2003 00:00,208,222,364,129,306,155
28/02/2003 00:00,197,227,370,142,290,180
01/03/2003 00:00,194,223,370,121,303,180
02/03/2003 00:00,198,216,384,120,304,180
03/03/2003 00:00,203,207,404,112,317,180
04/03/2003 00:00,210,214,406,112,325,185
05/03/2003 00:00,221,202,409,121,298,190
06/03/2003 00:00,230,197,409,109,304,175
07/03/2003 00:00,234,195,412,84,307,167
08/03/2003 00:00,239,196,409,75,278,178
09/03/2003 00:00,237,205,400,68,271,158
10/03/2003 00:00,228,210,399,66,253,135
11/03/2003 00:00,218,217,387,64,251,126
12/03/2003 00:00,208,221,370,65,251,133
13/03/2003 00:00,198,224,358,65,258,145
14/03/2003 00:00,190,228,352,74,287,163
15/03/2003 00:00,183,235,365,72,276,185
16/03/2003 00:00,172,246,385,113,335,195
17/03/2003 00:00,178,257,399,120,353,265
18/03/2003 00:00,190,267,414,85,319,245
19/03/2003 00:00,213,282,450,78,322,225
20/03/2003 00:00,230,298,477,69,336,260
21/03/2003 00:00,257,209,480,86,307,255
22/03/2003 00:00,277,214,492,79,331,195
23/03/2003 00:00,290,219,494,89,338,200
24/03/2003 00:00,300,222,476,77,331,222
25/03/2003 00:00,302,227,465,75,311,208
26/03/2003 00:00,290,231,474,123,315,208
27/03/2003 00:00,279,235,460,150,329,198
28/03/2003 00:00,274,239,457,161,394,205
29/03/2003 00:00,272,241,450,159,399,225
30/03/2003 00:00,268,246,453,145,405,280
31/03/2003 00:00,266,250,463,116,358,283
01/04/2003 00:00,269,250,489,109,342,280
02/04/2003 00:00,274,241,511,109,329,223
03/04/2003 00:00,287,232,510,118,322,215
04/04/2003 00:00,303,219,500,119,298,200
05/04/2003 00:00,309,211,471,119,313,175
06/04/2003 00:00,304,205,453,94,280,160
07/04/2003 00:00,294,205,445,86,282,150
08/04/2003 00:00,280,262,443,77,294,158
09/04/2003 00:00,269,296,433,71,305,190
10/04/2003 00:00,264,224,423,72,302,190
11/04/2003 00:00,260,253,430,120,310,210
12/04/2003 00:00,261,268,444,95,393,210
13/04/2003 00:00,269,282,458,154,368,273
14/04/2003 00:00,281,302,468,170,375,295
15/04/2003 00:00,295,321,493,122,448,325
16/04/2003 00:00,316,372,535,113,458,400
17/04/2003 00:00,338,391,560,109,446,405
18/04/2003 00:00,370,412,604,116,442,408
19/04/2003 00:00,391,443,627,142,426,400
20/04/2003 00:00,407,435,638,159,453,410
21/04/2003 00:00,433,434,640,124,432,403
22/04/2003 00:00,442,453,649,110,437,403
23/04/2003 00:00,449,460,657,142,444,388
24/04/2003 00:00,457,466,663,177,477,388
25/04/2003 00:00,468,479,666,153,492,420
26/04/2003 00:00,480,492,674,140,464,440
27/04/2003 00:00,491,500,678,150,430,410
28/04/2003 00:00,499,505,684,150,421,380
29/04/2003 00:00,505,500,692,119,413,365
30/04/2003 00:00,509,490,694,123,389,350
01/05/2003 00:00,516,474,687,131,357,320
02/05/2003 00:00,520,463,682,132,341,245
03/05/2003 00:00,521,455,674,106,348,263
04/05/2003 00:00,522,450,658,101,342,268
05/05/2003 00:00,519,441,649,100,366,275
06/05/2003 00:00,516,433,648,195,367,308
07/05/2003 00:00,514,426,648,187,372,298
08/05/2003 00:00,514,417,654,195,387,320
09/05/2003 00:00,513,408,656,141,392,328
10/05/2003 00:00,514,409,664,168,364,348
11/05/2003 00:00,511,420,670,164,365,313
12/05/2003 00:00,511,454,672,184,375,318
13/05/2003 00:00,519,488,669,206,380,335
14/05/2003 00:00,523,494,669,224,372,368
15/05/2003 00:00,529,515,671,186,336,298
16/05/2003 00:00,533,492,678,225,333,280
17/05/2003 00:00,532,472,676,231,320,275
18/05/2003 00:00,533,471,670,281,324,238
19/05/2003 00:00,534,475,668,243,370,265
20/05/2003 00:00,535,484,663,245,370,310
21/05/2003 00:00,536,497,665,196,373,295
22/05/2003 00:00,542,510,669,169,392,305
23/05/2003 00:00,547,514,666,160,373,345
24/05/2003 00:00,547,505,663,163,356,300
25/05/2003 00:00,548,500,669,166,351,300
26/05/2003 00:00,546,497,671,145,353,308
27/05/2003 00:00,548,495,672,225,348,338
28/05/2003 00:00,549,492,674,177,361,315
29/05/2003 00:00,550,489,678,183,354,290
30/05/2003 00:00,550,485,680,167,391,290
31/05/2003 00:00,550,483,677,157,362,323
01/06/2003 00:00,551,480,677,178,365,313
02/06/2003 00:00,554,475,681,160,371,300
03/06/2003 00:00,556,478,688,154,410,295
04/06/2003 00:00,559,486,690,135,415,363
05/06/2003 00:00,561,490,694,139,399,380
06/06/2003 00:00,566,496,704,155,372,348
07/06/2003 00:00,571,508,710,135,392,308
08/06/2003 00:00,576,535,712,119,389,348
09/06/2003 00:00,581,529,709,111,361,300
10/06/2003 00:00,582,539,710,113,340,265
11/06/2003 00:00,582,550,710,99,333,248
12/06/2003 00:00,584,556,702,103,331,263
13/06/2003 00:00,585,563,697,135,375,268
14/06/2003 00:00,587,538,700,146,438,343
15/06/2003 00:00,590,572,703,118,461,388
16/06/2003 00:00,593,582,712,157,435,378
17/06/2003 00:00,596,590,719,133,453,408
18/06/2003 00:00,606,601,731,144,455,430
19/06/2003 00:00,614,612,739,120,461,430
20/06/2003 00:00,615,622,747,172,433,416
21/06/2003 00:00,618,632,754,143,407,380
22/06/2003 00:00,626,642,759,136,417,375
23/06/2003 00:00,629,631,760,133,371,360
24/06/2003 00:00,631,622,762,174,377,325
25/06/2003 00:00,633,609,760,187,402,315
26/06/2003 00:00,636,600,756,205,385,320
27/06/2003 00:00,637,588,752,185,340,290
28/06/2003 00:00,639,577,746,168,440,280
29/06/2003 00:00,640,567,739,144,332,245
30/06/2003 00:00,641,553,727,143,329,225
01/07/2003 00:00,641,545,717,138,353,250
02/07/2003 00:00,641,535,705,113,330,328
03/07/2003 00:00,640,527,706,124,325,248
04/07/2003 00:00,638,521,718,160,316,260
05/07/2003 00:00,638,514,704,164,330,290
06/07/2003 00:00,639,504,694,133,348,270
07/07/2003 00:00,638,497,698,118,367,270
08/07/2003 00:00,636,490,696,181,389,310
09/07/2003 00:00,635,482,695,205,373,335
10/07/2003 00:00,635,473,693,143,375,295
11/07/2003 00:00,637,466,701,185,377,320
12/07/2003 00:00,645,461,700,243,360,318
13/07/2003 00:00,639,451,697,205,332,280
14/07/2003 00:00,640,442,698,160,345,248
15/07/2003 00:00,640,436,695,127,363,253
16/07/2003 00:00,640,429,678,111,360,273
17/07/2003 00:00,640,419,669,148,319,268
18/07/2003 00:00,638,410,669,205,324,245
19/07/2003 00:00,636,404,666,180,315,233
20/07/2003 00:00,636,415,660,185,307,200
21/07/2003 00:00,635,424,647,168,321,183
22/07/2003 00:00,629,433,638,166,305,195
23/07/2003 00:00,623,437,620,144,290,210
24/07/2003 00:00,615,440,607,191,312,195
25/07/2003 00:00,607,443,602,245,325,213
26/07/2003 00:00,597,448,596,205,327,228
27/07/2003 00:00,594,460,588,204,295,245
28/07/2003 00:00,594,479,604,154,287,203
29/07/2003 00:00,595,489,612,135,289,175
30/07/2003 00:00,598,499,601,285,300,190
31/07/2003 00:00,597,522,585,275,304,210
01/08/2003 00:00,593,532,586,191,308,225
02/08/2003 00:00,592,552,600,148,315,248
03/08/2003 00:00,594,568,608,131,397,253
04/08/2003 00:00,596,583,617,131,380,320
05/08/2003 00:00,598,597,626,122,354,313
06/08/2003 00:00,601,628,640,114,321,273
07/08/2003 00:00,605,640,640,106,299,240
08/08/2003 00:00,608,641,633,108,303,203
09/08/2003 00:00,608,621,624,123,306,210
10/08/2003 00:00,608,598,611,127,307,210
11/08/2003 00:00,607,586,608,134,292,203
12/08/2003 00:00,605,572,600,135,299,180
13/08/2003 00:00,604,555,597,119,293,198
14/08/2003 00:00,600,547,591,103,290,193
15/08/2003 00:00,594,522,568,175,291,200
16/08/2003 00:00,590,505,576,157,312,188
17/08/2003 00:00,587,492,569,136,297,223
18/08/2003 00:00,583,486,569,150,318,205
19/08/2003 00:00,579,482,571,124,297,230
20/08/2003 00:00,575,478,568,120,314,193
21/08/2003 00:00,573,473,568,118,337,233
22/08/2003 00:00,569,492,565,114,310,248
23/08/2003 00:00,564,503,563,115,317,233
24/08/2003 00:00,561,513,576,113,344,250
25/08/2003 00:00,564,521,583,111,345,265
26/08/2003 00:00,566,517,582,109,364,215
27/08/2003 00:00,566,507,580,107,356,223
28/08/2003 00:00,565,517,576,106,352,213
29/08/2003 00:00,564,523,569,104,332,193
30/08/2003 00:00,564,528,570,102,288,208
31/08/2003 00:00,565,530,567,102,274,185
01/09/2003 00:00,564,533,566,109,281,165
02/09/2003 00:00,561,521,558,172,298,163
03/09/2003 00:00,559,508,551,159,266,163
04/09/2003 00:00,555,489,541,119,248,150
05/09/2003 00:00,548,474,534,110,266,150
06/09/2003 00:00,542,471,524,100,280,158
07/09/2003 00:00,533,468,521,90,336,195
08/09/2003 00:00,528,464,511,107,330,248
09/09/2003 00:00,524,461,518,152,366,258
10/09/2003 00:00,527,457,539,129,354,267
11/09/2003 00:00,520,458,556,122,372,296
12/09/2003 00:00,522,444,565,110,337,302
13/09/2003 00:00,528,448,576,120,341,288
14/09/2003 00:00,531,453,587,119,332,260
15/09/2003 00:00,531,454,592,106,327,238
16/09/2003 00:00,529,450,586,99,322,225
17/09/2003 00:00,537,445,578,102,307,228
18/09/2003 00:00,537,441,575,157,295,220
19/09/2003 00:00,535,445,574,160,284,243
20/09/2003 00:00,536,448,574,121,323,220
21/09/2003 00:00,537,453,575,112,345,285
22/09/2003 00:00,539,456,577,109,344,283
23/09/2003 00:00,541,460,583,111,332,277
24/09/2003 00:00,542,462,589,108,316,278
25/09/2003 00:00,544,465,599,103,320,273
26/09/2003 00:00,549,469,597,97,344,275
27/09/2003 00:00,553,473,600,103,311,280
28/09/2003 00:00,555,475,602,111,334,263
29/09/2003 00:00,561,474,606,119,358,323
30/09/2003 00:00,572,485,609,124,353,278
01/10/2003 00:00,574,489,621,137,366,270
02/10/2003 00:00,578,496,629,142,333,298
03/10/2003 00:00,581,498,632,111,325,280
04/10/2003 00:00,587,502,640,120,331,295
05/10/2003 00:00,590,506,635,143,371,370
06/10/2003 00:00,593,510,635,167,362,353
07/10/2003 00:00,596,513,639,194,340,325
08/10/2003 00:00,598,513,652,236,375,345
09/10/2003 00:00,607,511,659,178,373,360
10/10/2003 00:00,613,514,663,142,369,325
11/10/2003 00:00,617,517,673,120,413,320
12/10/2003 00:00,621,519,676,115,398,378
13/10/2003 00:00,626,521,681,137,391,340
14/10/2003 00:00,631,534,692,295,400,340
15/10/2003 00:00,634,526,695,185,439,360
16/10/2003 00:00,639,532,698,137,434,410
17/10/2003 00:00,644,535,707,121,435,395
18/10/2003 00:00,646,537,719,107,392,380
19/10/2003 00:00,651,540,728,101,364,328
20/10/2003 00:00,657,543,730,105,403,360
21/10/2003 00:00,659,546,733,174,417,373
22/10/2003 00:00,663,549,735,137,418,400
23/10/2003 00:00,666,553,740,109,412,373
24/10/2003 00:00,669,556,740,98,402,355
25/10/2003 00:00,674,560,745,92,373,353
26/10/2003 00:00,675,565,751,88,390,335
27/10/2003 00:00,677,572,756,106,363,355
28/10/2003 00:00,682,577,759,100,366,353
29/10/2003 00:00,686,579,758,127,367,330
30/10/2003 00:00,691,583,763,160,455,365
31/10/2003 00:00,694,588,769,148,455,400
01/11/2003 00:00,694,546,776,160,507,422
02/11/2003 00:00,702,595,782,128,506,434
03/11/2003 00:00,705,597,788,122,488,428
04/11/2003 00:00,709,593,794,126,467,425
05/11/2003 00:00,710,588,795,118,447,393
06/11/2003 00:00,712,585,788,112,420,370
07/11/2003 00:00,716,588,791,107,414,348
08/11/2003 00:00,718,592,807,134,402,358
09/11/2003 00:00,720,595,812,115,404,340
10/11/2003 00:00,722,595,818,97,415,353
11/11/2003 00:00,726,593,822,98,413.2952114,355
12/11/2003 00:00,729,589,826,85,475,395
13/11/2003 00:00,730,587,828,98,416,400
14/11/2003 00:00,733,583,831,78,428,358
15/11/2003 00:00,736,587,833,119,434,358
16/11/2003 00:00,738,593,831,97,469,395
17/11/2003 00:00,739,594,834,101,393,375
18/11/2003 00:00,740,588,835,91,378,315
19/11/2003 00:00,742,584,837,94,393,300
20/11/2003 00:00,744,583,836,117,389,290
21/11/2003 00:00,747,582,833,134,388,295
22/11/2003 00:00,749,576,830,147,393,340
23/11/2003 00:00,751,571,824,125,420,360
24/11/2003 00:00,754,567,822,109,456,360
25/11/2003 00:00,756,562,826,122,468,400
26/11/2003 00:00,758,556,826,118,446,400
27/11/2003 00:00,760,544,828,126,430,375
28/11/2003 00:00,762,539,829,120,433,358
29/11/2003 00:00,764,530,828,111,431,360
30/11/2003 00:00,768,530,833,119,448,400
01/12/2003 00:00,769,525,833,131,444,398
02/12/2003 00:00,770,520,834,143,474,390
03/12/2003 00:00,772,516,836,146,495,425
04/12/2003 00:00,774,513,838,130,521,439
05/12/2003 00:00,776,509,840,106,487,450
06/12/2003 00:00,779,506,843,111,453,450
07/12/2003 00:00,780,500,845,120,419,430
08/12/2003 00:00,781,498,849,117,432,383
09/12/2003 00:00,781,494,847,99,416,390
10/12/2003 00:00,781,490,848,91,399,343
11/12/2003 00:00,782,486,849,87,390,328
12/12/2003 00:00,784,488,850,90,422,353
13/12/2003 00:00,785,494,847,109,407,348
14/12/2003 00:00,786,494,846,101,390,335
15/12/2003 00:00,786,498,843,98,373,328
16/12/2003 00:00,787,495,838,93,389,320
17/12/2003 00:00,787,493,832,85,381,313
18/12/2003 00:00,786,488,824,82,366,290
19/12/2003 00:00,786,485,815,146,339,278
20/12/2003 00:00,787,482,802,166,344,255
21/12/2003 00:00,787,477,790,203,348,275
22/12/2003 00:00,788,475,777,149,341,272
23/12/2003 00:00,787,458,771,126,357,262
24/12/2003 00:00,786,451,762,124,357,275
25/12/2003 00:00,785,447,753,108,350,290
26/12/2003 00:00,784,443,749,102,349,259
27/12/2003 00:00,782,441,746,112,397,283
28/12/2003 00:00,779,439,734,109,374,338
29/12/2003 00:00,776,434,735,99,360,301
30/12/2003 00:00,774,430,743,98,334,286
31/12/2003 00:00,771,427,733,93,337,253
01/01/2004 00:00,766,419,718,90,323,255
02/01/2004 00:00,762,415,697,86,328,245
03/01/2004 00:00,757,412,684,85,312,218
04/01/2004 00:00,752,398,666,86,303,210
05/01/2004 00:00,746,390,644,88,293,203
06/01/2004 00:00,740,381,626,87,301,205
07/01/2004 00:00,732,372,609,117,352,215
08/01/2004 00:00,724,365,602,111,355,258
09/01/2004 00:00,715,366,602,104,343,275
10/01/2004 00:00,706,364,615,123,384,268
11/01/2004 00:00,698,356,630,105,376,293
12/01/2004 00:00,694,353,632,99,368,300
13/01/2004 00:00,689,348,634,96,358,279
14/01/2004 00:00,682,345,640,93,373,250
15/01/2004 00:00,675,344,639,90,356,273
16/01/2004 00:00,667,347,633,102,349,256
17/01/2004 00:00,659,349,626,92,335,240
18/01/2004 00:00,650,347,615,87,321,218
19/01/2004 00:00,640,349,603,83,332,215
20/01/2004 00:00,631,354,587,97,359,214
21/01/2004 00:00,618,368,568,98,314,249
22/01/2004 00:00,605,371,557,86,304,229
23/01/2004 00:00,592,373,561,82,317,228
24/01/2004 00:00,581,372,555,81,308,225
25/01/2004 00:00,572,365,550,81,296,213
26/01/2004 00:00,564,362,545,81,302,198
27/01/2004 00:00,558,353,533,81,315,200
28/01/2004 00:00,548,337,520,81,323,210
29/01/2004 00:00,536,323,512,81,301,216
30/01/2004 00:00,524,312,510,81,280,203
31/01/2004 00:00,508,316,510,81,280,183
01/02/2004 00:00,496,311,501,61,263,183
02/02/2004 00:00,484,308,486,61,275,180
03/02/2004 00:00,471,303,473,61,268,173
04/02/2004 00:00,457,298,464,61,270,170
05/02/2004 00:00,444,295,453,61,270,175
06/02/2004 00:00,429,292,445,60,264,170
07/02/2004 00:00,417,286,445,60,265,170
08/02/2004 00:00,405,283,443,60,252,170
09/02/2004 00:00,393,281,433,60,247,183
10/02/2004 00:00,381,277,429,60,282,170
11/02/2004 00:00,367,274,433,60,274,168
12/02/2004 00:00,354,270,416,60,289,168
13/02/2004 00:00,343,267,412,60,270,195
14/02/2004 00:00,332,264,407,60,286,175
15/02/2004 00:00,326,261,428,60,266,198
16/02/2004 00:00,327,258,422,60,252,183
17/02/2004 00:00,329,255,420,60,268,178
18/02/2004 00:00,328,251,421,60,274,170
19/02/2004 00:00,322,248,401,61,272,174
20/02/2004 00:00,313,246,400,60,299,175
21/02/2004 00:00,297,242,400,67,296,202
22/02/2004 00:00,288,238,397,118,310,205
23/02/2004 00:00,283,234,402,93,308,203
24/02/2004 00:00,280,229,437,69,345,218
25/02/2004 00:00,282,226,431,69,336,245
26/02/2004 00:00,288,222,445,79,340,252
27/02/2004 00:00,293,219,464,73,386,227
28/02/2004 00:00,297,216,481,70,340,278
29/02/2004 00:00,306,218,479,126,353,248
01/03/2004 00:00,313,222,485,91,348,240
02/03/2004 00:00,315,224,496,169,347,235
03/03/2004 00:00,317,226,483,167,330,237
04/03/2004 00:00,322,228,479,129,301,230
05/03/2004 00:00,323,230,471,101,313,213
06/03/2004 00:00,321,302,470,87,328,200
07/03/2004 00:00,313,304,461,89,333,233
08/03/2004 00:00,303,307,453,80,303,235
09/03/2004 00:00,297,311,457,75,310,240
10/03/2004 00:00,298,314,470,72,303,214
11/03/2004 00:00,300,316,476,130,296,205
12/03/2004 00:00,300,318,469,119,281,194
13/03/2004 00:00,298,320,456,94,275,185
14/03/2004 00:00,295,322,445,83,280,170
15/03/2004 00:00,287,324,428,80,281,169
16/03/2004 00:00,275,326,412,126,279,173
17/03/2004 00:00,262,328,402,91,269,175
18/03/2004 00:00,250,365,402,76,268,173
19/03/2004 00:00,242,403,400,69,272,163
20/03/2004 00:00,235,405,399,63,277,168
21/03/2004 00:00,235,407,390,60,281,168
22/03/2004 00:00,234,409,386,59,288,174
23/03/2004 00:00,228,411,386,58,267,190
24/03/2004 00:00,219,414,391,181,280,170
25/03/2004 00:00,215,417,401,158,304,173
26/03/2004 00:00,214,420,392,133,313,198
27/03/2004 00:00,213,422,383,112,309,215
28/03/2004 00:00,223,424,414,138,323,248
29/03/2004 00:00,226,426,435,106,330,284
30/03/2004 00:00,229,428,458,92,301,260
31/03/2004 00:00,237,430,490,81,308,224
01/04/2004 00:00,260,432,488,79,293,209
02/04/2004 00:00,274,432,469,155,293,204
03/04/2004 00:00,282,442,452,205,321,213
04/04/2004 00:00,285,443,447,143,323,232
05/04/2004 00:00,276,302,450,106,334,231
06/04/2004 00:00,272,304,461,88,332,243
07/04/2004 00:00,280,305,466,78,311,228
08/04/2004 00:00,293,308,469,74,305,203
09/04/2004 00:00,298,310,473,174,299,208
10/04/2004 00:00,295,314,462,309,297,198
11/04/2004 00:00,293,316,461,150,338,220
12/04/2004 00:00,288,316,459,121,337,282
13/04/2004 00:00,286,318,465,113,329,267
14/04/2004 00:00,292,319,487,136,321,237
15/04/2004 00:00,300,322,499,153,325,280
16/04/2004 00:00,305,324,499,136,373,349
17/04/2004 00:00,318,326,512,150,399,334
18/04/2004 00:00,332,326,555,145,425,337
19/04/2004 00:00,350,330,578,128,418,354
20/04/2004 00:00,373,335,587,146,393,348
21/04/2004 00:00,390,340,600,117,382,316
22/04/2004 00:00,403,456,602,110,370,314
23/04/2004 00:00,412,454,603,145,460,328
24/04/2004 00:00,422,448,611,164,481,420
25/04/2004 00:00,431,463,616,154,479,412
26/04/2004 00:00,444,451,638,127,475,397
27/04/2004 00:00,455,442,650,105,446,387
28/04/2004 00:00,462,445,655,104,449,376
29/04/2004 00:00,468,433,658,119,452,380
30/04/2004 00:00,473,420,658,96,436,368
01/05/2004 00:00,479,396,663,100,429,359
02/05/2004 00:00,482,398,664,102,397,361
03/05/2004 00:00,482,311,664,112,417,330
04/05/2004 00:00,484,425,666,154,417,345
05/05/2004 00:00,488,438,664,146,455,381
06/05/2004 00:00,494,445,667,125,477,394
07/05/2004 00:00,500,449,675,106,448,411
08/05/2004 00:00,506,457,682,171,444,402
09/05/2004 00:00,509,444,690,183,421,394
10/05/2004 00:00,512,448,696,163,387,339
11/05/2004 00:00,517,433,698,134,346,314
12/05/2004 00:00,523,429,696,109,385,304
13/05/2004 00:00,524,423,690,132,383,327
14/05/2004 00:00,526,428,687,120,366,333
15/05/2004 00:00,526,413,688,142,345,298
16/05/2004 00:00,526,423,688,136,336,286
17/05/2004 00:00,528,433,687,166,336,280
18/05/2004 00:00,531,453,680,183,436,336
19/05/2004 00:00,534,474,681,223,432,387
20/05/2004 00:00,539,484,692,176,485,422
21/05/2004 00:00,542,491,699,134,501,440
22/05/2004 00:00,545,524,710,118,514,448
23/05/2004 00:00,552,546,719,116,516,450
24/05/2004 00:00,559,576,731,111,511,456
25/05/2004 00:00,568,586,738,121,484,455
26/05/2004 00:00,573,582,745,129,424,446
27/05/2004 00:00,581,543,751,163,414,435
28/05/2004 00:00,586,576,757,217,417,405
29/05/2004 00:00,592,573,763,151,415,395
30/05/2004 00:00,598,576,767,126,429,386
31/05/2004 00:00,601,582,771,167,438,404
01/06/2004 00:00,604,577,774,179,407,380
02/06/2004 00:00,607,572,779,244,413,343
03/06/2004 00:00,612,564,782,342,398,345
04/06/2004 00:00,614,558,783,286,370,316
05/06/2004 00:00,617,442,782,300,390,303
06/06/2004 00:00,620,563,782,229,404,358
07/06/2004 00:00,621,588,781,189,423,357
08/06/2004 00:00,623,576,783,187,435,357
09/06/2004 00:00,629,563,784,180,406,358
10/06/2004 00:00,634,556,783,169,395,339
11/06/2004 00:00,638,570,782,162,385,307
12/06/2004 00:00,640,570,777,244,365,293
13/06/2004 00:00,641,580,768,335,343,273
14/06/2004 00:00,641,525,758,198,346,247
15/06/2004 00:00,640,455,744,185,346,248
16/06/2004 00:00,638,448,731,205,350,236
17/06/2004 00:00,636,427,717,160,350,239
18/06/2004 00:00,631,422,705,151,348,243
19/06/2004 00:00,628,408,696,204,349,237
20/06/2004 00:00,625,403,690,175,345,242
21/06/2004 00:00,624,411,685,200,343,234
22/06/2004 00:00,621,470,678,205,350,241
23/06/2004 00:00,619,432,673,177,368,239
24/06/2004 00:00,616,436,668,173,359,252
25/06/2004 00:00,612,439,661,163,332,236
26/06/2004 00:00,606,432,654,133,332,208
27/06/2004 00:00,601,429,643,136,358,210
28/06/2004 00:00,593,425,624,181,344,247
29/06/2004 00:00,587,420,614,205,337,224
30/06/2004 00:00,577,417,615,156,320,218
01/07/2004 00:00,568,424,609,168,314,199
02/07/2004 00:00,563,424,600,153,314,212
03/07/2004 00:00,558,417,588,129,289,229
04/07/2004 00:00,552,409,588,140,323,199
05/07/2004 00:00,545,415,593,167,314,238
06/07/2004 00:00,541,427,583,190,304,237
07/07/2004 00:00,538,434,587,155,307,228
08/07/2004 00:00,535,418,593,134,316,239
09/07/2004 00:00,531,412,591,184,329,256
10/07/2004 00:00,529,433,596,149,310,216
11/07/2004 00:00,527,456,604,147,309,243
12/07/2004 00:00,527,464,607,210,322,254
13/07/2004 00:00,528,480,605,178,343,271
14/07/2004 00:00,528,495,604,199,348,303
15/07/2004 00:00,530,498,611,201,340,273
16/07/2004 00:00,532,502,621,168,364,274
17/07/2004 00:00,533,506,620,164,359,298
18/07/2004 00:00,536,508,620,159,344,280
19/07/2004 00:00,542,515,624,135,348,258
20/07/2004 00:00,543,512,622,127,352,278
21/07/2004 00:00,544,513,618,134,339,274
22/07/2004 00:00,546,516,619,139,342,293
23/07/2004 00:00,548,516,620,165,386,308
24/07/2004 00:00,552,519,622,135,356,285
25/07/2004 00:00,555,520,626,138,348,258
26/07/2004 00:00,558,528,627,135,360,258
27/07/2004 00:00,559,535,624,298,347,258
28/07/2004 00:00,558,542,620,230,328,259
29/07/2004 00:00,560,549,621,187,319,249
30/07/2004 00:00,561,557,621,164,343,235
31/07/2004 00:00,563,561,616,307,365,253
01/08/2004 00:00,564,554,609,151.790086,365,265
02/08/2004 00:00,564,519,609,146.6873426,362,266
03/08/2004 00:00,563,405,612,135.3268211,361,253
04/08/2004 00:00,561,419,611,126.3828187,323,243
05/08/2004 00:00,559,463,608,137.4497641,325,209
06/08/2004 00:00,558,469,601,137.5376449,339,243
07/08/2004 00:00,559,489,590,174,343,248
08/08/2004 00:00,562,499,591,225,336,248
09/08/2004 00:00,566,515,595,198,329,238
10/08/2004 00:00,568,520,590,196,335,232
11/08/2004 00:00,570,531,585,183,333,234
12/08/2004 00:00,564,545,578,173,303,233
13/08/2004 00:00,553,314,574,205,291,198
14/08/2004 00:00,551,308,569,202,319,185
15/08/2004 00:00,542,305,554,200,326,210
16/08/2004 00:00,533,302,536,182,322,215
17/08/2004 00:00,527,300,533,167,305,229
18/08/2004 00:00,514,299,536,177,304,210
19/08/2004 00:00,500,299,536,212,298,228
20/08/2004 00:00,500,494,528,131.8338387,286,208
21/08/2004 00:00,498,413,529,132.8422215,319,210
22/08/2004 00:00,495,424,525,126.8000909,303,225
23/08/2004 00:00,492,437,526,131.9049364,307,210
24/08/2004 00:00,492,432,534,131.8712361,307,205
25/08/2004 00:00,493,422,531,124.1924234,298,229
26/08/2004 00:00,492,436,525,137.3151451,331,224
27/08/2004 00:00,488,443,528,141.6951281,355,250
28/08/2004 00:00,485,460,530,138.5649239,348,268
29/08/2004 00:00,485,453,540,128.1319702,312,254
30/08/2004 00:00,487,444,550,135.5112598,332,239
31/08/2004 00:00,491,455,554,134.8787518,332,250
01/09/2004 00:00,493,455,551,128.1546156,321,271
02/09/2004 00:00,495,452,556,124.2575025,308,266
03/09/2004 00:00,497,422,565,116.3765295,275,225
04/09/2004 00:00,498,406,567,121.5335628,280,190
05/09/2004 00:00,499,429,564,135.3515047,325,211
06/09/2004 00:00,495,447,558,130.7442582,340,286
07/09/2004 00:00,497,455,560,124.3538689,315,281
08/09/2004 00:00,498,477,577,127.315926,302,248
09/09/2004 00:00,502,488,588,133.5541117,349,310
10/09/2004 00:00,508,503,589,132.6551264,367,363
11/09/2004 00:00,510,521,605,145.1830022,396,352
12/09/2004 00:00,518,543,635,143.010747,405,394
13/09/2004 00:00,529,562,652,149.3356972,403,359
14/09/2004 00:00,540,569,668,139.9151527,373,359
15/09/2004 00:00,552,561,668,141.5030309,373,342
16/09/2004 00:00,562,566,673,139.1558924,355,322
17/09/2004 00:00,567,573,675,134.2131521,335,317
18/09/2004 00:00,573,584,670,133.6734613,335,329
19/09/2004 00:00,577,588,674,152.3273284,371,285
20/09/2004 00:00,579,576,678,152.2719788,397,329
21/09/2004 00:00,586,570,669,142.2536712,376,347
22/09/2004 00:00,588,564,678,137.746591,345,306
23/09/2004 00:00,590,558,684,138.8081675,336,275
24/09/2004 00:00,592,533,687,142.0596761,353,270
25/09/2004 00:00,595,532,681,133.2663668,341,302
26/09/2004 00:00,597,526,685,138.4555618,353,288
27/09/2004 00:00,597,523,687,149.0985583,389,291
28/09/2004 00:00,597,525,682,138.1363443,374,333
29/09/2004 00:00,597,528,686,138.9554195,371,323
30/09/2004 00:00,602,528,693,146.8719075,401,332
01/10/2004 00:00,604,538,699,135.5604088,371,349
02/10/2004 00:00,606,542,701,128.9271392,353,357
03/10/2004 00:00,610,546,704,136.6972263,350,303
04/10/2004 00:00,612,547,708,131.4080957,336,308
05/10/2004 00:00,612,551,708,124.9257493,326,332
06/10/2004 00:00,613,561,704,134.5309925,338,303
07/10/2004 00:00,615,572,707,134.2806947,359,355
08/10/2004 00:00,616,585,712,133.4156051,359,369
09/10/2004 00:00,621,587,717,130.1565281,359,390
10/10/2004 00:00,624,589,723,138.4154863,358,335
11/10/2004 00:00,628,588,731,139.3620221,352,314
12/10/2004 00:00,632,590,737,142.8509707,360,308
13/10/2004 00:00,633,594,739,142.9542971,364,318
14/10/2004 00:00,639,604,736,150.9328039,379,305
15/10/2004 00:00,640,517,737,125.7413811,345,333
16/10/2004 00:00,642,521,734,127.3471301,325,285
17/10/2004 00:00,646,522,736,125.8082638,327,299
18/10/2004 00:00,651,515,732,115,339,317
19/10/2004 00:00,652,552,736,164,319,317
20/10/2004 00:00,653,584,743,147,358,316
21/10/2004 00:00,655,586,748,166,400,373
22/10/2004 00:00,658,598,756,133,438,414
23/10/2004 00:00,664,529,763,135,423,422
24/10/2004 00:00,668,537,769,120,457,420
25/10/2004 00:00,672,540,772,119,447,429
26/10/2004 00:00,675,540,780,117,467,436
27/10/2004 00:00,677,546,786,109,462,439
28/10/2004 00:00,682,553,794,111,466,443
29/10/2004 00:00,684,563,802,108,477,447
30/10/2004 00:00,690,572,809,107,479,451
31/10/2004 00:00,693,575,814,120,461,444
01/11/2004 00:00,696,579,818,99,490,439
02/11/2004 00:00,697,582,823,97,483,443
03/11/2004 00:00,699,586,828,99,444,445
04/11/2004 00:00,701,587,833,96,436,418
05/11/2004 00:00,704,591,837,120,474,399
06/11/2004 00:00,705,599,844,115,440,419
07/11/2004 00:00,711,602,850,136,477,421
08/11/2004 00:00,715,607,857,134,482,428
09/11/2004 00:00,720,618,861,127,494,442
10/11/2004 00:00,726,620,865,110,494,425
11/11/2004 00:00,731,622,867,115,491,460
12/11/2004 00:00,734,623,869,95,453,458
13/11/2004 00:00,735,626,872,101,438,440
14/11/2004 00:00,736,623,873,152,430,408
15/11/2004 00:00,740,622,877,143,455,403
16/11/2004 00:00,742,620,879,147,459,414
17/11/2004 00:00,745,619,880,146,469,420
18/11/2004 00:00,748,617,882,170,463,427
19/11/2004 00:00,751,566,882,178,510,428
20/11/2004 00:00,754,515,882,206,541,438
21/11/2004 00:00,757,512,882,143,534,443
22/11/2004 00:00,761,508,882,126,516,446
23/11/2004 00:00,763,503,882,110,486,445
24/11/2004 00:00,767,597,881,102,462,430
25/11/2004 00:00,769,582,882,106,441,410
26/11/2004 00:00,774,586,882,141,430,395
27/11/2004 00:00,778,571,881,138,458,405
28/11/2004 00:00,781,579,880,118,435,390
29/11/2004 00:00,784,563,879,116,396,369
30/11/2004 00:00,786,567,877,158,393,354
01/12/2004 00:00,788,552,875,122,397,330
02/12/2004 00:00,790,541,870,135,407,363
03/12/2004 00:00,791,527,867,137,421,350
04/12/2004 00:00,792,519,863,165,434,363
05/12/2004 00:00,793,512,860,172,428,363
06/12/2004 00:00,794,508,855,162,422,339
07/12/2004 00:00,795,513,850,126,428,350
08/12/2004 00:00,795,504,844,120,433,338
09/12/2004 00:00,795,502,837,112,397,355
10/12/2004 00:00,794,507,833,122,402,321
11/12/2004 00:00,794,512,827,108,402,324
12/12/2004 00:00,792,509,820,98,415,345
13/12/2004 00:00,791,517,813,132,409,375
14/12/2004 00:00,791,527,812,116,384,324
15/12/2004 00:00,790,523,808,112,394,326
16/12/2004 00:00,789,529,797,122,432,343
17/12/2004 00:00,789,532,786,169,437,372
18/12/2004 00:00,786,535,787,155,395,363
19/12/2004 00:00,784,539,788,119,410,305
20/12/2004 00:00,781,532,783,108,388,319
21/12/2004 00:00,775,524,773,102,395,300
22/12/2004 00:00,773,507,763,101,370,295
23/12/2004 00:00,773,502,752,93,370,275
24/12/2004 00:00,769,503,744,90,343,272
25/12/2004 00:00,765,502,729,89,327,250
26/12/2004 00:00,761,496,717,91,345,260
27/12/2004 00:00,759,479,724,105,352,263
28/12/2004 00:00,752,487,694,96,326,273
29/12/2004 00:00,747,477,687,116,315,231
30/12/2004 00:00,740,463,678,106,307,218
31/12/2004 00:00,734,453,660,122,290,200
01/01/2005 00:00,725,439,643,100,301,183
02/01/2005 00:00,717,433,629,92,306,198
03/01/2005 00:00,708,429,610,90,304,190
04/01/2005 00:00,698,419,601,88,299,193
05/01/2005 00:00,686,413,595,98,310,203
06/01/2005 00:00,672,403,589,114,323,218
07/01/2005 00:00,658,399,581,145,364,223
08/01/2005 00:00,645,386,581,105,363,265
09/01/2005 00:00,631,396,593,122,347,265
10/01/2005 00:00,619,390,596,149,334,261
11/01/2005 00:00,607,390,600,116,343,253
12/01/2005 00:00,599,210,598,109,357,268
13/01/2005 00:00,592,204,593,109,340,265
14/01/2005 00:00,584,202,594,97,358,253
15/01/2005 00:00,577,213,597,125,358,277
16/01/2005 00:00,571,223,592,100,349,343
17/01/2005 00:00,566,239,603,96,374,329
18/01/2005 00:00,561,244,618,82,357,343
19/01/2005 00:00,559,252,624,84,331,322
20/01/2005 00:00,559,252,628,84,318,268
21/01/2005 00:00,558,227,624,91,321,245
22/01/2005 00:00,556,208,615,88,299,235
23/01/2005 00:00,550,206,600,104,300,210
24/01/2005 00:00,542,217,588,93,294,210
25/01/2005 00:00,534,212,574,97,284,200
26/01/2005 00:00,529,217,560,85,298,204
27/01/2005 00:00,521,225,552,80,304,213
28/01/2005 00:00,507,218,544,69,274,183
29/01/2005 00:00,500,213,540,68,272,178
30/01/2005 00:00,490,207,534,81,291,219
31/01/2005 00:00,481,208,518,93,310,187.0247598
01/02/2005 00:00,472,218,510,74,321,225
02/02/2005 00:00,458,229,517,74,333,228
03/02/2005 00:00,447,237,526,69,328,233
04/02/2005 00:00,439,244,531,114,309,220
05/02/2005 00:00,435,242,532,175,307,210
06/02/2005 00:00,430,233,526,175,321,218
07/02/2005 00:00,424,229,518,140,310,219
08/02/2005 00:00,418,222,509,130,299,203
09/02/2005 00:00,409,217,507,156,322,248
10/02/2005 00:00,399,221,510,212,361,310
11/02/2005 00:00,393,247,542,185,405,308
12/02/2005 00:00,392,262,564,254,417,316
13/02/2005 00:00,403,270,585,155,443,385
14/02/2005 00:00,419,280,621,150,441,400
15/02/2005 00:00,433,289,636,121,465,420
16/02/2005 00:00,447,285,639,124,447,408
17/02/2005 00:00,455,287,640,162,417,449
18/02/2005 00:00,460,280,643,139,397,428
19/02/2005 00:00,462,271,638,115,389,328
20/02/2005 00:00,459,259,626,103,343,300
21/02/2005 00:00,459,249,617,100,328,285
22/02/2005 00:00,454,228,607,92,335,223
23/02/2005 00:00,448,243,599,86,335,234
24/02/2005 00:00,445,227,586,85,319,240
25/02/2005 00:00,441,218,578,80,305,232
26/02/2005 00:00,436,213,568,77,324,220
27/02/2005 00:00,428,208,554,76,320,215
28/02/2005 00:00,419,202,538,71,284,223
01/03/2005 00:00,408,448,533,77,301,198
02/03/2005 00:00,395,416,528,76,336,214
03/03/2005 00:00,384,423,518,84,316,251
04/03/2005 00:00,375,436,533,180,335,222
05/03/2005 00:00,370,445,548,166,365,250
06/03/2005 00:00,372,455,543,130,391,308
07/03/2005 00:00,379,467,545,98,374,314
08/03/2005 00:00,385,461,563,95,367,285
09/03/2005 00:00,390,437,572,107,377,279
10/03/2005 00:00,396,235,567,115,378,286
11/03/2005 00:00,398,254,563,103,355,279
12/03/2005 00:00,400,265,564,83,329,247
13/03/2005 00:00,397,273,560,80,338,228
14/03/2005 00:00,394,264,552,78,336,265
15/03/2005 00:00,393,243,541,74,331,229
16/03/2005 00:00,388,236,530,74,338,228
17/03/2005 00:00,382,223,527,71,355,233
18/03/2005 00:00,372,217,522,68,375,251
19/03/2005 00:00,364,216,515,74,393,273
20/03/2005 00:00,357,207,519,98,400,293
21/03/2005 00:00,350,211,529,82,385,264
22/03/2005 00:00,349,224,539,84,343,278
23/03/2005 00:00,351,237,550,77,315,236
24/03/2005 00:00,357,241,545,117,325,220
25/03/2005 00:00,367,253,533,160,305,223
26/03/2005 00:00,371,243,516,114,286,208
27/03/2005 00:00,366,235,507,118,307,243
28/03/2005 00:00,357,234,505,101,324,225
29/03/2005 00:00,348,234,485,129,324,239
30/03/2005 00:00,339,246,494,97,331,254
31/03/2005 00:00,334,256,508,107,388,280
01/04/2005 00:00,335,247,514,95,368,308
02/04/2005 00:00,340,238,523,86,373,300
03/04/2005 00:00,345,235,541,84,388,303
04/04/2005 00:00,352,247,553,111,351,310
05/04/2005 00:00,359,256,565,148,336,339
06/04/2005 00:00,370,267,579,205,334,244
07/04/2005 00:00,383,277,568,214,339,263
08/04/2005 00:00,391,292,563,191,330,259
09/04/2005 00:00,392,319,561,245,338,298
10/04/2005 00:00,394,340,559,173,338,301
11/04/2005 00:00,400,361,562,133,341,295
12/04/2005 00:00,410,382,577,127,353,315
13/04/2005 00:00,417,396,587,171,367,335
14/04/2005 00:00,425,412,590,211,359,321
15/04/2005 00:00,432,418,601,158,345,313
16/04/2005 00:00,439,411,605,128,348,298
17/04/2005 00:00,446,429,607,157,348,283
18/04/2005 00:00,451,405,608,185,376,271
19/04/2005 00:00,453,395,602,136,372,300
20/04/2005 00:00,454,384,599,114,370,298
21/04/2005 00:00,455,392,600,188,381,320
22/04/2005 00:00,454,418,609,145,366,307
23/04/2005 00:00,455,430,620,139,370,335
24/04/2005 00:00,462,439,620,218,387,313
25/04/2005 00:00,470,449,623,205,427,368
26/04/2005 00:00,475,453,627,241,407,354
27/04/2005 00:00,478,444,641,184,370,339
28/04/2005 00:00,482,442,650,154,386,285
29/04/2005 00:00,486,452,646,144,401,310
30/04/2005 00:00,492,470,639,174,396,345
01/05/2005 00:00,496,478,642,149,391,325
02/05/2005 00:00,500,466,650,143,396,329
03/05/2005 00:00,506,451,658,129,401,333
04/05/2005 00:00,510,452,662,137,436,362
05/05/2005 00:00,512,452,671,143,442,381
06/05/2005 00:00,516,471,681,137,452,391
07/05/2005 00:00,521,485,694,110,462,416
08/05/2005 00:00,526,492,704,110,472,405
09/05/2005 00:00,532,499,710,105,454,415
10/05/2005 00:00,540,488,720,131,456,398
11/05/2005 00:00,546,484,723,165,449,398
12/05/2005 00:00,551,470,729,245,388,313
13/05/2005 00:00,554,465,732,188,378,310
14/05/2005 00:00,556,475,731,195,411,391
15/05/2005 00:00,558,484,720,162,434,405
16/05/2005 00:00,561,503,718,205,437,410
17/05/2005 00:00,565,524,725,168,457,416
18/05/2005 00:00,577,619,738,180,487,440
19/05/2005 00:00,583,640,745,157,496,455
20/05/2005 00:00,590,650,749,115,500,458
21/05/2005 00:00,596,657,752,125,478,447
22/05/2005 00:00,602,665,762,115,441,420
23/05/2005 00:00,603,674,768,105,424,418
24/05/2005 00:00,612,683,774,100,460,418
25/05/2005 00:00,616,678,782,100,457,443
26/05/2005 00:00,621,669,788,115,425,373
27/05/2005 00:00,626,654,790,131,410,357
28/05/2005 00:00,630,645,795,125,391,324
29/05/2005 00:00,633,635,798,140,379,314
30/05/2005 00:00,635,622,796,150,399,345.2048278
31/05/2005 00:00,636,612,793,272,390,324.6505691
01/06/2005 00:00,638,516,791,208,364,334
02/06/2005 00:00,640,516,789,166,350,307
03/06/2005 00:00,641,510,787,171,389,309
04/06/2005 00:00,643,503,782,169,394,335
05/06/2005 00:00,646,497,780,190,411,343
06/06/2005 00:00,648,496,785,183,423,385
07/06/2005 00:00,649,511,787,131,427,398
08/06/2005 00:00,651,520,790,138,451,405
09/06/2005 00:00,655,613,792,127,415,402
10/06/2005 00:00,658,622,794,124,422,367
11/06/2005 00:00,659,632,800,129,420,368
12/06/2005 00:00,663,638,799,147,419,368
13/06/2005 00:00,664,645,800,125,405,378
14/06/2005 00:00,666,650,800,117,374,373
15/06/2005 00:00,668,650,800,150,384,339
16/06/2005 00:00,670,643,798,170,376,309
17/06/2005 00:00,672,647,794,165,340,315
18/06/2005 00:00,673,634,789,160,327,296
19/06/2005 00:00,674,572,781,145,328,282
20/06/2005 00:00,674,510,766,180,311,273
21/06/2005 00:00,675,501,754,175,312,253
22/06/2005 00:00,674,494,744,214,329,241
23/06/2005 00:00,674,505,733,265,310,240
24/06/2005 00:00,674,515,725,198,302,240
25/06/2005 00:00,675,523,727,170,308,227
26/06/2005 00:00,675,570,724,135,298,208
27/06/2005 00:00,675,621,711,124,275,251
28/06/2005 00:00,675,560,703,119,315,249
29/06/2005 00:00,674,507,693,265,321,250
30/06/2005 00:00,674,514,687,323,301,249
01/07/2005 00:00,673,505,688,190,311,254
02/07/2005 00:00,674,493,700,195,345,238
03/07/2005 00:00,674,483,695,165,315,260
04/07/2005 00:00,674,471,685,143,334,252
05/07/2005 00:00,672,478,687,122,350,263
06/07/2005 00:00,671,466,684,133,350,275
07/07/2005 00:00,669,469,683,135,368,285
08/07/2005 00:00,666,465,690,180,348,308
09/07/2005 00:00,665,454,697,170,354,264
10/07/2005 00:00,664,444,697,123,326,266
11/07/2005 00:00,663,432,687,122,318,242
12/07/2005 00:00,660,423,679,112,301,230
13/07/2005 00:00,659,442,668,108,281,210
14/07/2005 00:00,656,461,660,104,275,208
15/07/2005 00:00,655,477,650,108,288,198
16/07/2005 00:00,657,482,645,108,330,239
17/07/2005 00:00,657,488,641,107,343,263
18/07/2005 00:00,654,479,647,150,354,294
19/07/2005 00:00,652,481,665,181,330,278
20/07/2005 00:00,652,477,669,182,312,269
21/07/2005 00:00,653,476,671,210,298,243
22/07/2005 00:00,653,477,666,130,294,198
23/07/2005 00:00,653,467,657,135,294,217
24/07/2005 00:00,651,449,647,134,275,200
25/07/2005 00:00,649,431,638,179,289,199
26/07/2005 00:00,645,416,627,179,311,213
27/07/2005 00:00,642,402,618,240,286,224
28/07/2005 00:00,636,379,617,205,272,195
29/07/2005 00:00,630,365,614,170,263,183
30/07/2005 00:00,625,357,607,189,264,175
31/07/2005 00:00,617,350,588,250,273,171
01/08/2005 00:00,610,343,574,203,281,188
02/08/2005 00:00,601,338,569,245,304,199
03/08/2005 00:00,593,351,568,200,307,204
04/08/2005 00:00,588,365,581,240,296,218
05/08/2005 00:00,584,356,589,203,296,208
06/08/2005 00:00,580,345,591,159,291,206
07/08/2005 00:00,579,346,592,140,316,200
08/08/2005 00:00,574,363,584,160,311,214
09/08/2005 00:00,569,371,578,201,290,224
10/08/2005 00:00,565,378,577,172,302,215
11/08/2005 00:00,562,385,580,180,311,203
12/08/2005 00:00,562,395,580,156,305,202
13/08/2005 00:00,562,393,572,128,287,197
14/08/2005 00:00,561,381,571,118,306,187
15/08/2005 00:00,558,382,566,110,314,227
16/08/2005 00:00,555,403,565,113,314,228
17/08/2005 00:00,554,431,568,167,294,229
18/08/2005 00:00,555,456,577,141,283,207
19/08/2005 00:00,561,468,582,138,289,191
20/08/2005 00:00,566,461,577,145,289,190
21/08/2005 00:00,570,451,569,147,278,193
22/08/2005 00:00,570,448,571,150,288,180
23/08/2005 00:00,568,457,566,147,305,193
24/08/2005 00:00,568,465,562,170,317,230
25/08/2005 00:00,570,460,566,121,317,213
26/08/2005 00:00,569,453,578,115,312,195
27/08/2005 00:00,571,455,581,112,320,214
28/08/2005 00:00,573,442,582,111,313,190
29/08/2005 00:00,575,421,580,112,302,205
30/08/2005 00:00,576,407,577,109,295,192.0839429
31/08/2005 00:00,576,394,578,111,307,202.9742127
01/09/2005 00:00,577,381,577,173,276,203
02/09/2005 00:00,574,383,575,145,322,178
03/09/2005 00:00,571,396,576,144,326,247
04/09/2005 00:00,569,404,572,154,318,255
05/09/2005 00:00,567,396,577,148,290,226
06/09/2005 00:00,566,387,581,129,309,198
07/09/2005 00:00,566,377,579,197,316,198
08/09/2005 00:00,566,380,566,156,286,215
09/09/2005 00:00,564,391,569,142,302,189
10/09/2005 00:00,561,397,573,111,313,185
11/09/2005 00:00,560,383,564,124,309,204
12/09/2005 00:00,559,375,558,146,280,209
13/09/2005 00:00,557,366,558,130,250,181
14/09/2005 00:00,553,361,552,158,256,160
15/09/2005 00:00,550,352,544,145,295,145
16/09/2005 00:00,548,346,527,130,290,195
17/09/2005 00:00,542,357,523,116,272,205
18/09/2005 00:00,539,365,532,115,275,178
19/09/2005 00:00,535,372,536,122,268,178
20/09/2005 00:00,535,382,525,110,271,175
21/09/2005 00:00,533,390,517,110,265,185
22/09/2005 00:00,534,397,514,110,257,187
23/09/2005 00:00,535,408,516,110,285,165
24/09/2005 00:00,539,414,519,110,302,209
25/09/2005 00:00,540,409,516,110,300,215
26/09/2005 00:00,539,436,530,120,326,240
27/09/2005 00:00,539,431,549,134,349,302
28/09/2005 00:00,541,467,560,196,353,289
29/09/2005 00:00,547,457,579,145,354,256.4825536
30/09/2005 00:00,553,472,603,125,356,264.905619
01/10/2005 00:00,561,437,613,115,363,268
02/10/2005 00:00,568,494,611,115,364,293
03/10/2005 00:00,572,497,614,121,348,286
04/10/2005 00:00,579,490,623,110,362,279
05/10/2005 00:00,584,486,629,105,376,349
06/10/2005 00:00,584,477,635,90,354,309
07/10/2005 00:00,586,467,652,110,359,307
08/10/2005 00:00,590,474,653,115,364,304
09/10/2005 00:00,594,477,656,105,357,343
10/10/2005 00:00,603,470,660,95,372,310
11/10/2005 00:00,604,462,666,130,356,315
12/10/2005 00:00,605,455,672,121,355,320
13/10/2005 00:00,607,444,676,105,358,293
14/10/2005 00:00,612,447,680,105,375,288
15/10/2005 00:00,615,455,682,105,400,333
16/10/2005 00:00,617,458,685,105,371,355
17/10/2005 00:00,620,455,693,140,384,310
18/10/2005 00:00,621,459,702,150,387,318
19/10/2005 00:00,623,465,705,120,379,336
20/10/2005 00:00,625,472,709,132,411,306
21/10/2005 00:00,631,483,713,131,413,355
22/10/2005 00:00,633,496,716,149,411,370
23/10/2005 00:00,637,504,722,163,425,379
24/10/2005 00:00,640,512,734,160,435,390
25/10/2005 00:00,644,521,743,195,481,410
26/10/2005 00:00,648,537,755,197,487,433
27/10/2005 00:00,648,545,766,185,477,437
28/10/2005 00:00,660,553,775,162,464,420
29/10/2005 00:00,665,551,785,142,472,428
30/10/2005 00:00,670,544,792,143,464,440
31/10/2005 00:00,675,536,798,206,477,440
01/11/2005 00:00,677,538,807,226,467,344
02/11/2005 00:00,682,545,812,183,466,307
03/11/2005 00:00,685,543,817,152,431,311
04/11/2005 00:00,690,533,822,135,437,335
05/11/2005 00:00,693,524,829,137,422,353
06/11/2005 00:00,695,518,835,133,402,385
07/11/2005 00:00,698,510,839,156,400,398
08/11/2005 00:00,701,503,845,149,400,405
09/11/2005 00:00,704,497,849,175,434,397
10/11/2005 00:00,707,491,853,124,437,372
11/11/2005 00:00,712,483,857,125,453,368
12/11/2005 00:00,715,476,860,189,453,378
13/11/2005 00:00,721,471,863,181,455,373
14/11/2005 00:00,726,482,870,173,484,339
15/11/2005 00:00,731,492,873,131,479,309
16/11/2005 00:00,734,503,878,145,487,317
17/11/2005 00:00,736,512,882,125,478,296
18/11/2005 00:00,742,519,884,125,468,282
19/11/2005 00:00,745,528,890,119,444,273
20/11/2005 00:00,749,537,893,122,418,268
21/11/2005 00:00,753,545,895,122,419,253
22/11/2005 00:00,758,541,897,119,431,279
23/11/2005 00:00,765,530,901,119,459,273
24/11/2005 00:00,772,521,910,123,444,240
25/11/2005 00:00,780,505,914,127,416,240
26/11/2005 00:00,785,494,919,130,400,227
27/11/2005 00:00,792,487,920,132,388,228
28/11/2005 00:00,798,479,922,115,376,250
29/11/2005 00:00,805,474,925,98,367,249
30/11/2005 00:00,813,469,923,90,354,295.615213
01/12/2005 00:00,820,460,920,90,339,289
02/12/2005 00:00,826,444,916,100,340,284
03/12/2005 00:00,833,436,910,100,329,267
04/12/2005 00:00,841,425,901,100,335,247
05/12/2005 00:00,847,416,890,130,333,243
06/12/2005 00:00,852,408,879,144,345,314
07/12/2005 00:00,857,405,871,129,361,344
08/12/2005 00:00,863,416,872,116,376,328
09/12/2005 00:00,868,425,867,165,396,319
10/12/2005 00:00,871,433,858,129,365,309
11/12/2005 00:00,871,436,849,109,373,286
12/12/2005 00:00,871,423,841,100,382,289
13/12/2005 00:00,871,412,829,115,415,325
14/12/2005 00:00,869,394,820,131,421,302
15/12/2005 00:00,866,384,820,137,413,350
16/12/2005 00:00,861,372,819,185,445,357
17/12/2005 00:00,858,366,816,144,432,366
18/12/2005 00:00,854,359,814,160,410,344
19/12/2005 00:00,849,356,810,165,416,325
20/12/2005 00:00,844,365,805,185,417,343
21/12/2005 00:00,839,372,795,173,413,368
22/12/2005 00:00,833,363,794,115,429,355
23/12/2005 00:00,829,356,792,145,434,378
24/12/2005 00:00,825,361,787,145,436,365
25/12/2005 00:00,819,369,787,136,465,414
26/12/2005 00:00,814,368,785,153,471,416
27/12/2005 00:00,809,363,783,193,450,367
28/12/2005 00:00,804,357,784,127,400,318
29/12/2005 00:00,799,351,782,113,374,305
30/12/2005 00:00,795,345,775,103,388,278
31/12/2005 00:00,790,337,764,99,381,297
01/01/2006 00:00,786,330,751,99,356,273
02/01/2006 00:00,782,324,740,99,349,262
03/01/2006 00:00,776,316,725,100,344,258
04/01/2006 00:00,769,308,708,100,331,244
05/01/2006 00:00,764,319,693,100,335,253
06/01/2006 00:00,759,328,688,100,347,281
07/01/2006 00:00,754,337,692,100,354,320
08/01/2006 00:00,749,347,701,145,366,315
09/01/2006 00:00,744,356,700,83,404,309
10/01/2006 00:00,739,367,700,94,405,319
11/01/2006 00:00,733,376,701,104,413,311
12/01/2006 00:00,727,384,701,110,403,314
13/01/2006 00:00,721,394,698,112,397,296
14/01/2006 00:00,715,390,694,100,412,295
15/01/2006 00:00,710,380,688,100,389,289
16/01/2006 00:00,704,373,681,110,397,297
17/01/2006 00:00,698,364,679,125,400,298
18/01/2006 00:00,692,356,676,130,387,295
19/01/2006 00:00,684,347,669,130,412,293
20/01/2006 00:00,676,338,663,115,372,298
21/01/2006 00:00,671,329,659,100,352,253
22/01/2006 00:00,664,321,657,95,354,238
23/01/2006 00:00,656,325,642,100,359,243
24/01/2006 00:00,647,335,625,95,370,250
25/01/2006 00:00,637,343,614,100,348,260
26/01/2006 00:00,627,351,611,100,331,234
27/01/2006 00:00,618,358,611,125,325,210
28/01/2006 00:00,608,364,601,185,319,200
29/01/2006 00:00,599,377,583,144,340,198
30/01/2006 00:00,591,368,578,145,368,248
31/01/2006 00:00,581,360,571,130,352,254
01/02/2006 00:00,571,353,584,127,358,243
02/02/2006 00:00,563,358,583,125,388,252
03/02/2006 00:00,556,363,580,130,403,291
04/02/2006 00:00,552,369,588,155,420,316
05/02/2006 00:00,547,376,596,174,429,353
06/02/2006 00:00,547,385,608,163,407,340
07/02/2006 00:00,548,374,622,135,403,323
08/02/2006 00:00,549,369,625,147,388,302
09/02/2006 00:00,549,373,619,132,369,282
10/02/2006 00:00,548,368,616,108,340,262
11/02/2006 00:00,543,362,612,100,338,228
12/02/2006 00:00,538,351,604,96,346,238
13/02/2006 00:00,533,341,593,93,334,238
14/02/2006 00:00,527,333,575,125,323,230
15/02/2006 00:00,517,327,569,104,338,250
16/02/2006 00:00,503,318,557,90,342,238
17/02/2006 00:00,493,308,559,86,323,238
18/02/2006 00:00,490,385,559,84,337,225
19/02/2006 00:00,480,287,551,83,309,225
20/02/2006 00:00,470,276,543,109,299,208
21/02/2006 00:00,461,268,539,105,316,198
22/02/2006 00:00,450,260,524,94,308,208
23/02/2006 00:00,438,249,508,91,318,200
24/02/2006 00:00,426,239,506,85,316,208
25/02/2006 00:00,413,235,500,94,289,208
26/02/2006 00:00,403,247,498,84,280,198
27/02/2006 00:00,394,256,500,89,314,198
28/02/2006 00:00,386,266,482,89,327,228
01/03/2006 00:00,381,266,479,92,300,228
02/03/2006 00:00,376,257,493,84,292,199
03/03/2006 00:00,371,246,508,80,303,190
04/03/2006 00:00,370,247,493,77,301,205
05/03/2006 00:00,369,257,480,77,284,220
06/03/2006 00:00,363,266,483,80,300,209
07/03/2006 00:00,353,276,488,104,351,240
08/03/2006 00:00,346,285,488,177,360,329
09/03/2006 00:00,347,296,502,162,376,310
10/03/2006 00:00,354,308,554,185,406,280
11/03/2006 00:00,365,318,568,133,389,338
12/03/2006 00:00,388,365.8257514,577,95,409,308
13/03/2006 00:00,401,402.8724264,587,126,411,340
14/03/2006 00:00,411,421.2147881,586,97,365,314
15/03/2006 00:00,418,391.1716619,592,130,384,269
16/03/2006 00:00,423,381.2919002,589,111,400,293
17/03/2006 00:00,425,337,573,75,433,307
18/03/2006 00:00,425,343,573,84,428,355
19/03/2006 00:00,423,362,585,143,424,348
20/03/2006 00:00,424,380,602,99,420,334
21/03/2006 00:00,430,387,606,102,440,345
22/03/2006 00:00,440,397,607,100,446,358
23/03/2006 00:00,445,413,614,129,455,378
24/03/2006 00:00,446,425,637,89,433,390
25/03/2006 00:00,449,436,645,94,432,397
26/03/2006 00:00,458,443,653,160,468,411
27/03/2006 00:00,469,462,664,85,453,394
28/03/2006 00:00,474,481,671,70,453,394
29/03/2006 00:00,489,497,671,85,427,394
30/03/2006 00:00,496,488,672,81,415,343
31/03/2006 00:00,501,478,661.7621674,69,428,349
01/04/2006 00:00,506,463,663,65,435,352
02/04/2006 00:00,508,450,661,60,420,352
03/04/2006 00:00,508,438,664,63,428,377
04/04/2006 00:00,509,426,666,70,433,359
05/04/2006 00:00,510,413,673,103,434,395
06/04/2006 00:00,509,421,677,159,444,410
07/04/2006 00:00,511,434,686,168,474,402
08/04/2006 00:00,515,446,694,149,489,410
09/04/2006 00:00,519,461,702,136,470,415
10/04/2006 00:00,524,477,706,132,454,406
11/04/2006 00:00,528,484,710,130,433,390
12/04/2006 00:00,531,490,717,138,431,378
13/04/2006 00:00,535,497,720,165,465,396
14/04/2006 00:00,541,508,723,145,491,436
15/04/2006 00:00,545,520,729,132,495,449
16/04/2006 00:00,554,542,735,131,495,456
17/04/2006 00:00,557,562,741,146,494,458
18/04/2006 00:00,561,569,746,157,429,458
19/04/2006 00:00,565,550,753,145,457,414
20/04/2006 00:00,568,531,759,151,434,428
21/04/2006 00:00,571,514,762,147,444,407
22/04/2006 00:00,575,502,767,138,447,404
23/04/2006 00:00,580,492,769,167,420,392
24/04/2006 00:00,583,483,771,187,388,367
25/04/2006 00:00,587,487,773,168,390,330
26/04/2006 00:00,589,495,775,185,418,367
27/04/2006 00:00,594,514,776,209,446,413
28/04/2006 00:00,596,531,781,181,455,406
29/04/2006 00:00,601,552,784,138,466,419
30/04/2006 00:00,606,566,786,128,451,430
01/05/2006 00:00,612,633,787,120,461,430
02/05/2006 00:00,616,643,791,155,468,434
03/05/2006 00:00,620,657,795,185,455,439
04/05/2006 00:00,625,665,797,156,443,428
05/05/2006 00:00,631,674,801,128,460,435
06/05/2006 00:00,636,685,807,121,484,442
07/05/2006 00:00,640,694,812,114,498,450
08/05/2006 00:00,644,702,818,133,504,454
09/05/2006 00:00,649,711,821,211,510,468
10/05/2006 00:00,654,717,823,181,545,479
11/05/2006 00:00,658,720,828,148,522,494
12/05/2006 00:00,664,721,834,139,512,504
13/05/2006 00:00,669,721,839,125,511,510
14/05/2006 00:00,674,720,844,117,473,505
15/05/2006 00:00,677,718,848,113,430,482
16/05/2006 00:00,680,717,852,108,406,442
17/05/2006 00:00,687,715,860,104,403,407
18/05/2006 00:00,690,714,866,101,406,399
19/05/2006 00:00,694,712,866,98,389,375
20/05/2006 00:00,696,707,872,97,418,406
21/05/2006 00:00,700,700,876,95,398,408
22/05/2006 00:00,704,693,877,96,379,377
23/05/2006 00:00,708,687,879,107,351,339
24/05/2006 00:00,712,680,878,98,352,321
25/05/2006 00:00,714,677,875,109,328,302
26/05/2006 00:00,718,671,871,199,308,273
27/05/2006 00:00,721,667,865,179,336,263
28/05/2006 00:00,724,661,860,155,325,280
29/05/2006 00:00,726,657,852,146,325,278
30/05/2006 00:00,729,649,848,143,323,281
31/05/2006 00:00,733,640,839,134,315,263
01/06/2006 00:00,734,628,833,172,335,275
02/06/2006 00:00,738,625,827,174,378,300
03/06/2006 00:00,743,633,823,156,395,360
04/06/2006 00:00,746,643,820,145,401,359
05/06/2006 00:00,752,651,826,154,399,363
06/06/2006 00:00,759,657,827,165,422,390
07/06/2006 00:00,765,665,830,200,416,392
08/06/2006 00:00,767,676,835,165,443,391
09/06/2006 00:00,769,673,837,179,437,415
10/06/2006 00:00,771,664,841,165,448,409
11/06/2006 00:00,773,656,845,152,432,434
12/06/2006 00:00,774,645,845,217,414,405
13/06/2006 00:00,776,637,846,159,424,403
14/06/2006 00:00,780,619,848,159,430,393
15/06/2006 00:00,781,610,850,154,403,387
16/06/2006 00:00,782,596,850,149,391,361
17/06/2006 00:00,783,587,851,197,422,365
18/06/2006 00:00,784,578,851,259,380,351
19/06/2006 00:00,786,569,852,175,368,316
20/06/2006 00:00,788,561,850,161,352,312
21/06/2006 00:00,791,553,847,160,353,303
22/06/2006 00:00,792,545,842,250,345,295
23/06/2006 00:00,794,538,836,345,343,279
24/06/2006 00:00,793,530,832,227,343,298
25/06/2006 00:00,796,521,825,155,348,297
26/06/2006 00:00,796,511,819,149,353,289
27/06/2006 00:00,797,496,812,162,350,289
28/06/2006 00:00,799,489,805,250,334,283
29/06/2006 00:00,801,480,797,208,313,267
30/06/2006 00:00,802,467,789,209,328,243
01/07/2006 00:00,801,417,779,191,319,249
02/07/2006 00:00,800,414,768,193,297,232
03/07/2006 00:00,799,411,757,286,300,210
04/07/2006 00:00,797,407,745,255,308,215
05/07/2006 00:00,794,403,727,183,323,225
06/07/2006 00:00,792,398,712,163,346,243
07/07/2006 00:00,790,393,703,147,362,261
08/07/2006 00:00,788,391,699,143,353,284
09/07/2006 00:00,783,388,699,143,338,275
10/07/2006 00:00,780,386,697,140,326,239
11/07/2006 00:00,777,380,689,137,309,233
12/07/2006 00:00,771,403,671,168,293,222
13/07/2006 00:00,764,412,658,151,303,212
14/07/2006 00:00,758,460,642,175,299,196
15/07/2006 00:00,752,467,629,245,310,204
16/07/2006 00:00,747,463,626,212,301,235
17/07/2006 00:00,741,451,624,160,287,224
18/07/2006 00:00,735,441,631,129,298,203
19/07/2006 00:00,729,428,628,129,313,219
20/07/2006 00:00,723,410,624,143,292,230
21/07/2006 00:00,716,413,618,128,294,210
22/07/2006 00:00,709,421,617,149,299,214
23/07/2006 00:00,702,429,611,169,284,219
24/07/2006 00:00,695,440,608,169,278,198
25/07/2006 00:00,689,451,602,166,283,188
26/07/2006 00:00,681,462,591,134,299,200
27/07/2006 00:00,672,468,579,119,302,228
28/07/2006 00:00,665,472,579,115,303,255
29/07/2006 00:00,658,477,600,134,319,270
30/07/2006 00:00,652,492,615,156,288,255
31/07/2006 00:00,649,507,620,115,307,213
01/08/2006 00:00,646,523,614,121,279,238
02/08/2006 00:00,643,529,606,127,275,202
03/08/2006 00:00,640,531,609,177,268,190
04/08/2006 00:00,634,527,595,121,269,185
05/08/2006 00:00,629,528,583,135,286,183
06/08/2006 00:00,624,529,425,130,274,201
07/08/2006 00:00,619,523,568,157,267,193
08/08/2006 00:00,613,520,421,143,265,187
09/08/2006 00:00,609,512,567,138,266,185
10/08/2006 00:00,608,497,566,122,257,189
11/08/2006 00:00,603,489,563,125,271,173
12/08/2006 00:00,599,482,563,165,276,193
13/08/2006 00:00,595,474,557,116,260,193
14/08/2006 00:00,587,465,556,95,235,170
15/08/2006 00:00,580,473,552,100,233,153
16/08/2006 00:00,575,481,542,132,236,151
17/08/2006 00:00,576,489,532,175,260,169
18/08/2006 00:00,564,496,538,134,305,198
19/08/2006 00:00,563,490,540,127,307,251
20/08/2006 00:00,563,487,549,190,276,255
21/08/2006 00:00,559,505,546,222,262,195
22/08/2006 00:00,559,525,548,185,267,186
23/08/2006 00:00,561,522,562,158,272,182
24/08/2006 00:00,562,515,563,129,295,189
25/08/2006 00:00,560,507,563,127,310,274
26/08/2006 00:00,556,522,586,115,329,275
27/08/2006 00:00,556,531,600,116,371,331
28/08/2006 00:00,559,541,623,108,343,323
29/08/2006 00:00,566,540,630,121,308,272
30/08/2006 00:00,572,534,626,106,308,242
31/08/2006 00:00,574,530,621,110,307,256
01/09/2006 00:00,575,520,619,100,304,232
02/09/2006 00:00,575,514,617,94,316,232
03/09/2006 00:00,573,527,608,89,303,234
04/09/2006 00:00,574,528,617,87,316,233
05/09/2006 00:00,576,518,611,87,309,263
06/09/2006 00:00,577,512,611,85,282,253
07/09/2006 00:00,582,513,613,99,294,255
08/09/2006 00:00,582,521,620,120,325,272
09/09/2006 00:00,582,527,627,94,337,291
10/09/2006 00:00,582,534,628,89,322,289
11/09/2006 00:00,584,540,631,88,321,263
12/09/2006 00:00,586,545,633,119,338,269
13/09/2006 00:00,588,547,631,100,327,270
14/09/2006 00:00,588,558,635,100,343,287
15/09/2006 00:00,590,564,638,95,329,292
16/09/2006 00:00,592,572,639,92,334,281
17/09/2006 00:00,594,591,641,92,298,292
18/09/2006 00:00,597,601,644,109,297,242
19/09/2006 00:00,601,611,645,144,303,250
20/09/2006 00:00,603,617,640,140,309,243
21/09/2006 00:00,605,618,638,122,342,236
22/09/2006 00:00,607,615,636,104,333,273
23/09/2006 00:00,609,610,632,88,307,261
24/09/2006 00:00,610,598,637,110,300,232
25/09/2006 00:00,611,578,638,171,290,251
26/09/2006 00:00,612,571,639,197,320,228
27/09/2006 00:00,612,561,632,129,318,268
28/09/2006 00:00,612,554,623,105,295,245
29/09/2006 00:00,614,539,626,93,302,220
30/09/2006 00:00,614,525,621,92,282,219
01/10/2006 00:00,610,505,613,116,289,224
02/10/2006 00:00,608,497,608,105,307,223
03/10/2006 00:00,605,490,605,109,311,241
04/10/2006 00:00,605,502,580,100,300,249
05/10/2006 00:00,603,510,607,117,315,265
06/10/2006 00:00,600,508,615,98,280,254
07/10/2006 00:00,599,502,615,109,258,205
08/10/2006 00:00,596,483,608,191,249,188
09/10/2006 00:00,594,472,596,115,255,192
10/10/2006 00:00,590,459,581,98,284,182
11/10/2006 00:00,585,452,572,88,291,221
12/10/2006 00:00,585,454,567,122,270,261
13/10/2006 00:00,580,460,582,202,281,252
14/10/2006 00:00,575,469,602,164,362,341
15/10/2006 00:00,574,492,625,162,325,360
16/10/2006 00:00,576,521,643,157,376,335
17/10/2006 00:00,578,546,657,112,404,390
18/10/2006 00:00,590,562,668,98,373,423
19/10/2006 00:00,596,566,689,90,357,374
20/10/2006 00:00,601,568,695,92,364,347
21/10/2006 00:00,604,573,698,130,387,350
22/10/2006 00:00,606,576,701,134,359,356
23/10/2006 00:00,611,572,705,114,381,342
24/10/2006 00:00,613,564,710,110,401,350
25/10/2006 00:00,615,565,710,93,376,336
26/10/2006 00:00,617,575,723,93,367,335
27/10/2006 00:00,622,591,725,94,376,342
28/10/2006 00:00,625,608,728,90,366,334
29/10/2006 00:00,630,614,735,89,400,363
30/10/2006 00:00,635,625,739,95,398,380
31/10/2006 00:00,637,629,750,90,397,394
01/11/2006 00:00,645,635,761,105,431,408
02/11/2006 00:00,651,636,768,97,389,426
03/11/2006 00:00,653,636,773,120,357,369
04/11/2006 00:00,659,634,779,99,351,324
05/11/2006 00:00,662,622,780,86,361,311
06/11/2006 00:00,664,601,780,112,372,320
07/11/2006 00:00,666,582,779,127,368,334
08/11/2006 00:00,670,595,780,175,383,344
09/11/2006 00:00,672,581,785,138,411,374
10/11/2006 00:00,677,593,787,159,433,384
11/11/2006 00:00,683,605,790,203,451,386
12/11/2006 00:00,683,614,792,171,469,405
13/11/2006 00:00,685,627,796,192,444,423
14/11/2006 00:00,687,636,804,176,440,410
15/11/2006 00:00,692,643,815,208,434,428
16/11/2006 00:00,695,646,820,181,486,429
17/11/2006 00:00,699,648,824,154,498,449
18/11/2006 00:00,703,649,828,154,494,458
19/11/2006 00:00,706,651,833,164,471,463
20/11/2006 00:00,709,655,837,169,464,459
21/11/2006 00:00,713,654,842,179,495,456
22/11/2006 00:00,716,654,847,134,453,458
23/11/2006 00:00,720,657,849,120,441,427
24/11/2006 00:00,722,659,853,122,433,426
25/11/2006 00:00,726,657,857,130,441,410
26/11/2006 00:00,729,652,860,141,429,418
27/11/2006 00:00,732,647,854,129,448,418
28/11/2006 00:00,736,640,856,127,434,398
29/11/2006 00:00,738,633,855,143,440,402
30/11/2006 00:00,741,628,854,129,430,398
01/12/2006 00:00,743,622,867,110,403,383
02/12/2006 00:00,745,616,868,104,379,352
03/12/2006 00:00,747,610,863,101,377,340
04/12/2006 00:00,749,606,859,111,398,332
05/12/2006 00:00,750,600,853,148,377,332
06/12/2006 00:00,751,595,847,177,373,339
07/12/2006 00:00,752,591,841,208,404,353
08/12/2006 00:00,753,586,836,159,418,358
09/12/2006 00:00,754,583,831,174,433,392
10/12/2006 00:00,754,597,830,178,429,415
11/12/2006 00:00,756,510,829,134,427,385
12/12/2006 00:00,758,512,824,138,443,396
13/12/2006 00:00,760,515,827,128,478,433
14/12/2006 00:00,763,519,826,147,462,446
15/12/2006 00:00,765,514,825,133,419,428
16/12/2006 00:00,766,505,824,120,401,390
17/12/2006 00:00,766,494,822,123,399,356
18/12/2006 00:00,766,481,821,118,381,346
19/12/2006 00:00,766,466,816,119,414,335
20/12/2006 00:00,766,449,812,144,402,360
21/12/2006 00:00,766,454,805,165,408,351
22/12/2006 00:00,766,463,801,149,418,350
23/12/2006 00:00,764,466,793,120,420,349
24/12/2006 00:00,764,456,789,116,384,320
25/12/2006 00:00,764,449,779,121,358,305
26/12/2006 00:00,762,440,779,126,358,293
27/12/2006 00:00,761,436,768,127,376,294
28/12/2006 00:00,759,436,759,174,401,329
29/12/2006 00:00,757,444,756,155,368,325
30/12/2006 00:00,755,433,751,118,357,296
31/12/2006 00:00,753,419,743,105,357,280
01/01/2007 00:00,749,427,732,99,314,268
02/01/2007 00:00,746,435,720,93,295,235
03/01/2007 00:00,743,443,705,90,294,227
04/01/2007 00:00,738,451,685,86,286,222
05/01/2007 00:00,733,454,675,84,271,210
06/01/2007 00:00,728,445,663,81,276,206
07/01/2007 00:00,722,437,644,79,284,209
08/01/2007 00:00,714,425,630,79,294,216
09/01/2007 00:00,708,416,617,78,303,224
10/01/2007 00:00,698,412,607,78,317,244
11/01/2007 00:00,690,400,597,78,316,252
12/01/2007 00:00,680,389,601,77,316,243
13/01/2007 00:00,669,381,599,77,314,237
14/01/2007 00:00,661,374,592,77,315,233
15/01/2007 00:00,651,369,587,80,307,231
16/01/2007 00:00,636,367,582,81,310,233
17/01/2007 00:00,624,372,575,78,318,228
18/01/2007 00:00,613,362,568,83,328,239
19/01/2007 00:00,603,361,562,84,304,245
20/01/2007 00:00,589,371,566,98,319,223
21/01/2007 00:00,580,381,567,91,330,243
22/01/2007 00:00,569,389,563,87,342,245
23/01/2007 00:00,563,389,561,93,308,247
24/01/2007 00:00,559,384,560,95,311,230
25/01/2007 00:00,542,372,561,92,287,228
26/01/2007 00:00,535,353,549,125,324,210
27/01/2007 00:00,527,349,542,173,347,274
28/01/2007 00:00,513,375,534,120,346,270
29/01/2007 00:00,504,379,549,91,330,258
30/01/2007 00:00,499,372,558,80,314,238
31/01/2007 00:00,496,365,555,78,298,220
01/02/2007 00:00,493,378,543,76,293,215
02/02/2007 00:00,488,372,528,70,276,200
03/02/2007 00:00,479,361,519,66,304,185
04/02/2007 00:00,470,328,505,62,274,208
05/02/2007 00:00,461,318,492,60,239,183
06/02/2007 00:00,438,321,491,60,236,168
07/02/2007 00:00,423,318,476,60,248,163
08/02/2007 00:00,411,312,453,60,233,168
09/02/2007 00:00,399,303,442,65,241,160
10/02/2007 00:00,382,321.7510769,440,66,253,170
11/02/2007 00:00,364,320.8822541,431,66,244,166
12/02/2007 00:00,350,312.9754336,429,66,245,158
13/02/2007 00:00,340,319.7501513,433,63,246,168
14/02/2007 00:00,331,298.2003191,430,60,261,163
15/02/2007 00:00,328,305.4124237,427,80,265,173
16/02/2007 00:00,324,333.4603416,424,100,246,180
17/02/2007 00:00,318,338.6465268,434,85,235,168
18/02/2007 00:00,311,349.4153669,453,87,237,165
19/02/2007 00:00,311,356.5678143,444,87,223,165
20/02/2007 00:00,312,340.3737137,433,80,216,145
21/02/2007 00:00,309,336.5664011,433,83,224,150
22/02/2007 00:00,303,345.9920386,429,83,210,148
23/02/2007 00:00,301,330.4764413,431,80,221,140
24/02/2007 00:00,299,337.5422703,413,80,199,138
25/02/2007 00:00,289,324.7838732,383,80,184,130
26/02/2007 00:00,274,319.7197114,382,111,193,120
27/02/2007 00:00,263,317.5427299,383,107,196,123
28/02/2007 00:00,253,316.4086939,381,79,185,123
01/03/2007 00:00,239,304.4359138,382,78,192,115
02/03/2007 00:00,231,302.1952178,382,78,194,115
03/03/2007 00:00,226,297,375,78,192,120
04/03/2007 00:00,219,298,370,92,180,118
05/03/2007 00:00,209,283,373,144,190,115
06/03/2007 00:00,205,301,368,90,194,131
07/03/2007 00:00,204,321,366,80,201,140
08/03/2007 00:00,204,340,371,102,228,153
09/03/2007 00:00,202,349,383,111,252,167
10/03/2007 00:00,209,378,389,166,251,183
11/03/2007 00:00,221,393,402,127,223,178
12/03/2007 00:00,234,396,430,100,229,168
13/03/2007 00:00,249,403,442,87,249,155
14/03/2007 00:00,262,384,432,88,244,165
15/03/2007 00:00,270,369,427,84,244,172
16/03/2007 00:00,268,344,428,92,251,170
17/03/2007 00:00,261,345,431,112,284,171
18/03/2007 00:00,257,361,431,99,289,190
19/03/2007 00:00,260,381,437,91,311,219
20/03/2007 00:00,266,399,461,93,276,223
21/03/2007 00:00,274,393,477,80,302,205
22/03/2007 00:00,285,394,486,79,279,237
23/03/2007 00:00,295,411,477,93,288,220
24/03/2007 00:00,304,416,488,192,298,228
25/03/2007 00:00,311,423,498,144,300,243
26/03/2007 00:00,315,432,497,186,352,270
27/03/2007 00:00,323,478,509,113,349,303
28/03/2007 00:00,335,497,534,157,354,306
29/03/2007 00:00,352,541,561,219,340,300
30/03/2007 00:00,372,550,580,137,389,289
31/03/2007 00:00,396,567,584,137,408,321
01/04/2007 00:00,409,582,592,111,412,347
02/04/2007 00:00,418,591,603,112,370,313
03/04/2007 00:00,429,597,616,111,365,299
04/04/2007 00:00,437,603,615,98,371,307
05/04/2007 00:00,444,617,609,133,386,317
06/04/2007 00:00,452,643,613,241,405,342
07/04/2007 00:00,460,664,624,165,449,374
08/04/2007 00:00,469,685,635,122,452,387
09/04/2007 00:00,477,693,651,196,458,395
10/04/2007 00:00,487,704,658,116,394,391
11/04/2007 00:00,498,720,664,114,393,340
12/04/2007 00:00,509,710,668,103,395,354
13/04/2007 00:00,516,691,662,104,381,333
14/04/2007 00:00,522,670,661,127,348,308
15/04/2007 00:00,530,657,662,128,359,301
16/04/2007 00:00,529,663,658,111,338,298
17/04/2007 00:00,522,670,656,160,344,314
18/04/2007 00:00,523,676,659,128,385,304
19/04/2007 00:00,524,685,661,124,401,344
20/04/2007 00:00,529,689,667,108,398,352
21/04/2007 00:00,530,696,676,184,441,410
22/04/2007 00:00,532,708,685,153,446,406
23/04/2007 00:00,539,731,700,168,449,432
24/04/2007 00:00,548,744,710,117,465,444
25/04/2007 00:00,557,757,718,125,444,444
26/04/2007 00:00,565,765,727,139,473,442
27/04/2007 00:00,571,775,734,198,493,459
28/04/2007 00:00,576,779,739,138,503,460
29/04/2007 00:00,582,783,744,131,505,467
30/04/2007 00:00,587,788,750,152,509,473
01/05/2007 00:00,592,791,758,121,484,478
02/05/2007 00:00,596,794,765,145,472,478
03/05/2007 00:00,602,797,769,129,454,474
04/05/2007 00:00,606,802,773,125,440,461
05/05/2007 00:00,613,804,779,116,429,440
06/05/2007 00:00,618,805,785,111,405,421
07/05/2007 00:00,622,805,791,110,428,411
08/05/2007 00:00,627,803,797,111,467,435
09/05/2007 00:00,633,802,802,121,489,443
10/05/2007 00:00,636,812,807,183,472,449
11/05/2007 00:00,641,804,811,207,433,450
12/05/2007 00:00,646,806,814,125,430,419
13/05/2007 00:00,652,806,821,132,406,388
14/05/2007 00:00,656,799,825,136,400,376
15/05/2007 00:00,659,794,828,128,388,359
16/05/2007 00:00,664,790,831,132,365,359
17/05/2007 00:00,666,788,833,122,373,354
18/05/2007 00:00,671,788,835,132,380,363
19/05/2007 00:00,674,791,837,130,405,371
20/05/2007 00:00,682,792,838,138,419,403
21/05/2007 00:00,686,788,840,141,393,396
22/05/2007 00:00,691,797,845,142,439,407
23/05/2007 00:00,697,804,848,128,450,440
24/05/2007 00:00,699,807,855,131,428,426
25/05/2007 00:00,702,811,858,144,418,401
26/05/2007 00:00,705,818,861,144,425,410
27/05/2007 00:00,710,812,862,122,447,425
28/05/2007 00:00,714,810,865,125,428,418
29/05/2007 00:00,717,810,869,128,430,420
30/05/2007 00:00,725,810,870,152,449,430
31/05/2007 00:00,735,810,871,143,444,430
01/06/2007 00:00,733,812,876,136,445,425
02/06/2007 00:00,737,815,877,132,446,419
03/06/2007 00:00,741,816,880,135,448,423
04/06/2007 00:00,744,818,880,145,446,409
05/06/2007 00:00,746,818,882,141,442,406
06/06/2007 00:00,751,820,880,140,430,419
07/06/2007 00:00,753,824,883,138,411,388
08/06/2007 00:00,755,826,882,145,403,362
09/06/2007 00:00,759,829,882,380,407,361
10/06/2007 00:00,763,827,883,174,395,393
11/06/2007 00:00,768,824,883,172,377,346
12/06/2007 00:00,772,820,882,163,376,331
13/06/2007 00:00,776,815,880,174,383,328
14/06/2007 00:00,778,809,877,374,376,321
15/06/2007 00:00,783,800,872,300,354,310
16/06/2007 00:00,787,794,868,235,336,291
17/06/2007 00:00,793,780,863,200,355,278
18/06/2007 00:00,799,777,854,190,374,283
19/06/2007 00:00,802,780,848,176,368,299
20/06/2007 00:00,805,771,838,270,344,299
21/06/2007 00:00,809,764,829,213,336,274
22/06/2007 00:00,813,758,821,240,326,266
23/06/2007 00:00,817,758,811,240,325,259
24/06/2007 00:00,819,751,800,210,319,255
25/06/2007 00:00,821,747,789,310,326,255
26/06/2007 00:00,824,744,778,330,339,263
27/06/2007 00:00,828,734,771,248,351,273
28/06/2007 00:00,826,725,760,220,379,292
29/06/2007 00:00,826,711,747,190,383,301
30/06/2007 00:00,830,693,741,185,393,314
01/07/2007 00:00,831,689,741,173,386,311
02/07/2007 00:00,831,682,736,145,362,297
03/07/2007 00:00,829,635,731,146,337,266
04/07/2007 00:00,829,651,725,140,330,250
05/07/2007 00:00,826,640,715,129,325,242
06/07/2007 00:00,824,635,702,134,308,227
07/07/2007 00:00,820,645,691,173,292,215
08/07/2007 00:00,817,654,680,169,275,205
09/07/2007 00:00,815,668,663,152,294,205
10/07/2007 00:00,812,675,644,159,291,234
11/07/2007 00:00,808,666,632,147,290,213
12/07/2007 00:00,803,655,634,141,300,213
13/07/2007 00:00,798,646,623,185,295,217
14/07/2007 00:00,793,631,616,143,313,224
15/07/2007 00:00,787,623,610,148,329,238
16/07/2007 00:00,781,632,608,151,333,242
17/07/2007 00:00,774,642,612,168,311,253
18/07/2007 00:00,769,652,615,140,324,255
19/07/2007 00:00,761,656,617,105,328,261
20/07/2007 00:00,754,672,616,145,335,261
21/07/2007 00:00,749,680,618,145,368,273
22/07/2007 00:00,745,686,623,128,338,302
23/07/2007 00:00,743,689,633,123,363,285
24/07/2007 00:00,738,697,646,105,364,317
25/07/2007 00:00,735,707,650,165,384,332
26/07/2007 00:00,731,713,657,115,361,328
27/07/2007 00:00,730,692,662,140,340,294
28/07/2007 00:00,728,676,662,158,329,287
29/07/2007 00:00,725,667,658,118,341,282
30/07/2007 00:00,722,666,656,100,326,275
31/07/2007 00:00,720,641,657,93,295,252
01/08/2007 00:00,720,631,650,90,283,233
02/08/2007 00:00,718,620,640,90,284,220
03/08/2007 00:00,714,610,628,140,291,213
04/08/2007 00:00,709,606,617,220,295,223
05/08/2007 00:00,705,624,609,265,291,233
06/08/2007 00:00,700,641,611,175,268,240
07/08/2007 00:00,697,660,611,123,282,198
08/08/2007 00:00,694,690,610,110,318,240
09/08/2007 00:00,693,720,608,135,323,271
10/08/2007 00:00,691,737,615,144,315,261
11/08/2007 00:00,691,751,628,125,310,246
12/08/2007 00:00,693,762,634,145,298,259
13/08/2007 00:00,693,767,632,180,275,228
14/08/2007 00:00,695,775,635,139,281,235
15/08/2007 00:00,696,782,632,139,304,241
16/08/2007 00:00,695,791,633,113,321,263
17/08/2007 00:00,696,798,632,180,312,293
18/08/2007 00:00,696,805,637,153,346,270
19/08/2007 00:00,696,810,648,165,368,298
20/08/2007 00:00,697,815,654,185,360,333
21/08/2007 00:00,699,821,665,198,333,344
22/08/2007 00:00,701,821,674,174,313,305
23/08/2007 00:00,703,817,677,130,322,260
24/08/2007 00:00,705,810,675,114,366,285
25/08/2007 00:00,707,802,669,100,379,318
26/08/2007 00:00,712,795,678,135,365,355
27/08/2007 00:00,714,788,686,134,374,335
28/08/2007 00:00,716,785,697,113,385,337
29/08/2007 00:00,718,779,702,142,391,333
30/08/2007 00:00,721,773,706,168,378,353
31/08/2007 00:00,725,766,710,139,361,333
01/09/2007 00:00,728,760,715,134,395,334
02/09/2007 00:00,732,752,719,126,377,374
03/09/2007 00:00,734,748,724,118,348,338
04/09/2007 00:00,736,746,730,118,335,300
05/09/2007 00:00,738,735,730,137,335,280
06/09/2007 00:00,744,737,727,115,337,280
07/09/2007 00:00,748,736,723,108,340,278
08/09/2007 00:00,750,728,720,145,341,297
09/09/2007 00:00,752,727,721,125,320,279
10/09/2007 00:00,754,725,721,125,315,251
11/09/2007 00:00,755,545.2082744,718,131,320,246
12/09/2007 00:00,756,530.3230376,710,130,335,256
13/09/2007 00:00,757,692,706,245,312,272
14/09/2007 00:00,757,681,701,175,303,242
15/09/2007 00:00,759,670,698,161,320,271
16/09/2007 00:00,760,662,699,148,325,278
17/09/2007 00:00,760,653,701,135,327,278
18/09/2007 00:00,760,648,704,105,314,285
19/09/2007 00:00,759,651,704,100,317,289
20/09/2007 00:00,760,658,703,99,330,292
21/09/2007 00:00,760,663,705,100,333,294
22/09/2007 00:00,758,671,706,92,350,280
23/09/2007 00:00,756,682,703,90,344,293
24/09/2007 00:00,755,690,701,93,324,290
25/09/2007 00:00,755,695,701,88,341,265
26/09/2007 00:00,755,708,702,135,375,296
27/09/2007 00:00,755,715,701,99,352,346
28/09/2007 00:00,752,712,704,100,345,289
29/09/2007 00:00,751,706,707,140,332,290
30/09/2007 00:00,751,697,704,133,329,253
01/10/2007 00:00,748,697,700,105,332,269
02/10/2007 00:00,747,683,699,98,337,312
03/10/2007 00:00,746,688,704,96,331,288
04/10/2007 00:00,746,682,708,87,344,295
05/10/2007 00:00,746,675,705,81,369,314
06/10/2007 00:00,745,676,705,80,340,330
07/10/2007 00:00,743,685,712,103,354,303
08/10/2007 00:00,743,680,716,140,371,335
09/10/2007 00:00,743,677,717,333,392,332
10/10/2007 00:00,742,705,725,165,396,374
11/10/2007 00:00,742,710,734,115,401,369
12/10/2007 00:00,740,713,742,128,402,371
13/10/2007 00:00,741,716,750,132,411,406
14/10/2007 00:00,741,720,755,200,374,402
15/10/2007 00:00,741,724,763,230,380,363
16/10/2007 00:00,742,727,768,206,415,375
17/10/2007 00:00,743,733,771,160,418,377
18/10/2007 00:00,745,740,772,130,398,382
19/10/2007 00:00,747,747,777,164,424,408
20/10/2007 00:00,749,752,784,300,410,418
21/10/2007 00:00,754,760,791,188,436,421
22/10/2007 00:00,756,771,795,156,467,434
23/10/2007 00:00,760,781,801,165,463,436
24/10/2007 00:00,763,786,807,130,458,430
25/10/2007 00:00,764,794,816,140,437,435
26/10/2007 00:00,767,801,822,120,433,400
27/10/2007 00:00,770,810,826,124,455,418
28/10/2007 00:00,774,814,833,138,429,432
29/10/2007 00:00,776,818,838,149,463,428
30/10/2007 00:00,780,820,845,135,502,446
31/10/2007 00:00,784,815,850,162,505,459
01/11/2007 00:00,787,808,862,160,488,468
02/11/2007 00:00,791,801,869,161,476,465
03/11/2007 00:00,796,794,876,172,465,458
04/11/2007 00:00,800,787,881,144,450,450
05/11/2007 00:00,804,782,886,228,429,448
06/11/2007 00:00,808,775,891,180,429,429
07/11/2007 00:00,814,770,894,150,439,424
08/11/2007 00:00,818,763,897,139,464,433
09/11/2007 00:00,825,758,900,145,487,441
10/11/2007 00:00,832,751,902,153,492,446
11/11/2007 00:00,836,743,904,146,487,451
12/11/2007 00:00,841,737,906,134,477,455
13/11/2007 00:00,846,742,906,123,465,457
14/11/2007 00:00,851,730,905,183,484,453
15/11/2007 00:00,857,726,903,150,477,452
16/11/2007 00:00,862,718,902,157,460,431
17/11/2007 00:00,868,710,901,231,448,417
18/11/2007 00:00,875,707,900,190,420,420
19/11/2007 00:00,878,713,898,192,403,376
20/11/2007 00:00,883,721,897,135,391,357
21/11/2007 00:00,887,730,892,120,341,325
22/11/2007 00:00,893,741,888,113,345,294
23/11/2007 00:00,895,752,880,130,360,329
24/11/2007 00:00,899,759,873,141,363,313
25/11/2007 00:00,901,754,866,163,368,298
26/11/2007 00:00,904,745,861,142,391,320
27/11/2007 00:00,904,736,855,149,391,322
28/11/2007 00:00,903,724,847,105,387,327
29/11/2007 00:00,903,715,838,110,397,310
30/11/2007 00:00,901,708,830,125,367,333
01/12/2007 00:00,898,704,822,136,367,298
02/12/2007 00:00,895,696,812,134,359,241
03/12/2007 00:00,891,686,799,133,328,269
04/12/2007 00:00,887,678,795,131,327,245
05/12/2007 00:00,883,678,784,126,324,289
06/12/2007 00:00,879,679,773,120,321,270
07/12/2007 00:00,875,677,764,119,314,268
08/12/2007 00:00,871,671,756,117,304,240
09/12/2007 00:00,867,661,747,114,296,225
10/12/2007 00:00,863,654,738,117,310,215
11/12/2007 00:00,857,646,719,115,348,220
12/12/2007 00:00,852,635,706,114,351,268
13/12/2007 00:00,846,638,698,117,327,264
14/12/2007 00:00,842,644,695,119,323,253
15/12/2007 00:00,837,650,691,121,341,248
16/12/2007 00:00,832,660,687,125,372,258
17/12/2007 00:00,827,668,684,127,364,278
18/12/2007 00:00,822,676,697,139,380,330
19/12/2007 00:00,818,683,697,139,417,348
20/12/2007 00:00,814,690,698,194,446,360
21/12/2007 00:00,809,696,713,169,450,373
22/12/2007 00:00,804,694,708,163,421,369
23/12/2007 00:00,799,697,710,166,416,365
24/12/2007 00:00,794,694,710,171,440,340
25/12/2007 00:00,791,688,709,168,418,361
26/12/2007 00:00,787,685,710,163,424,345
27/12/2007 00:00,782,683,711,169,461,364
28/12/2007 00:00,778,684,712,202,455,388
29/12/2007 00:00,774,682,716,170,448,378
30/12/2007 00:00,769,679,718,165,453,320
31/12/2007 00:00,766,671,716,155,403,318
01/01/2008 00:00,762,560,714,147,396,321
02/01/2008 00:00,758,548,713,139,370,307
03/01/2008 00:00,754,537,707,133,381,292
04/01/2008 00:00,750,530,700,127,365,298
05/01/2008 00:00,746,521,693,123,337,279
06/01/2008 00:00,742,511,686,129,334,257
07/01/2008 00:00,738,595,676,130,324,247
08/01/2008 00:00,734,586,665,126,330,242
09/01/2008 00:00,729,576,656,123,338,257
10/01/2008 00:00,724,577,650,125,360,277
11/01/2008 00:00,719,568,648,125,388,306
12/01/2008 00:00,714,574,649,121,364,332
13/01/2008 00:00,709,570,653,118,336,284
14/01/2008 00:00,704,565,654,117,317,265
15/01/2008 00:00,699,560,648,118,314,242
16/01/2008 00:00,694,557,633,120,363,253
17/01/2008 00:00,688,551,624,125,358,293
18/01/2008 00:00,679,546,619,126,383,292
19/01/2008 00:00,672,555,621,121,385,312
20/01/2008 00:00,666,558,630,116,331,295
21/01/2008 00:00,661,545,630,111,317,245
22/01/2008 00:00,655,542,627,108,307,241
23/01/2008 00:00,649,534,607,107,307,227
24/01/2008 00:00,642,522,598,103,319,227
25/01/2008 00:00,632,515,587,101,325,234
26/01/2008 00:00,622,513,580,107,330,241
27/01/2008 00:00,612,513,578,115,333,255
28/01/2008 00:00,603,516,578,125,370,258
29/01/2008 00:00,595,519,578,134,320,276
30/01/2008 00:00,587,516,579,161,308,225
31/01/2008 00:00,581,515,581,143,290,215
01/02/2008 00:00,575,509,564,134,318,199
02/02/2008 00:00,568,498,554,127,301,224
03/02/2008 00:00,558,494,536,119,274,202
04/02/2008 00:00,546,488,537,114,296,188
05/02/2008 00:00,537,487,525,109,282,199
06/02/2008 00:00,528,494,515,107,268,183
07/02/2008 00:00,518,483,511,106,297,175
08/02/2008 00:00,508,479,502,105,323,196
09/02/2008 00:00,497,487,487,103,316,209
10/02/2008 00:00,486,509,493,103,302,207
11/02/2008 00:00,476,507,506,106,336,207
12/02/2008 00:00,472,510,509,109,310,242
13/02/2008 00:00,471,506,504,120,308,212
14/02/2008 00:00,467,544,515,132,314,213
15/02/2008 00:00,463,485,514,135,345,218
16/02/2008 00:00,459,498,507,138,353,243
17/02/2008 00:00,454,514,511,144,351,266
18/02/2008 00:00,448,542,522,171,332,259
19/02/2008 00:00,450,550,532,196,353,257
20/02/2008 00:00,458,581,540,177,390,302
21/02/2008 00:00,467,596,543,172,401,315
22/02/2008 00:00,476,616,560,171,432,331
23/02/2008 00:00,487,640,572,175,436,366
24/02/2008 00:00,497,654,578,168,426,360
25/02/2008 00:00,501,648,590,159,425,332
26/02/2008 00:00,502,639,594,154,410,341
27/02/2008 00:00,505,622,592,152,396,324
28/02/2008 00:00,510,606,589,152,382,295
29/02/2008 00:00,511,597,587,149,400,294
01/03/2008 00:00,507,592,582,143,385,304
02/03/2008 00:00,506,587,577,136,375,290
03/03/2008 00:00,506,580,576,129,357,275
04/03/2008 00:00,503,574,575,125,361,266
05/03/2008 00:00,495,586,571,126,367,274
06/03/2008 00:00,492,596,568,142,389,318
07/03/2008 00:00,489,590,568,120,379,321
08/03/2008 00:00,486,581,581,113,377,307
09/03/2008 00:00,486,577,586,108,377,292
10/03/2008 00:00,486,582,585,139,373,296
11/03/2008 00:00,489,563,581,139,396,298
12/03/2008 00:00,488,581,580,132,386,336
13/03/2008 00:00,484,586,580,270,400,306
14/03/2008 00:00,482,592,586,183,436,340
15/03/2008 00:00,481,597,588,210,449,390
16/03/2008 00:00,484,615,596,175,443,385
17/03/2008 00:00,493,624,612,146,450,371
18/03/2008 00:00,503,614,620,135,431,378
19/03/2008 00:00,508,606,622,120,413,348
20/03/2008 00:00,508,598,624,133,389,332
21/03/2008 00:00,508,591,623,118,376,303
22/03/2008 00:00,508,587,621,100,376,324
23/03/2008 00:00,508,611,616,100,360,297
24/03/2008 00:00,504,612,617,100,380,314
25/03/2008 00:00,500,609,613,99,387,335
26/03/2008 00:00,500,606,616,110,376,319
27/03/2008 00:00,498,603,620,100,385,308
28/03/2008 00:00,498,593,618,95,380,312
29/03/2008 00:00,498,587,615,100,356,307
30/03/2008 00:00,494,598,614,110,352,287
31/03/2008 00:00,490,611,612,145,372,310
01/04/2008 00:00,488,621,611,127,394,352
02/04/2008 00:00,487,617,617,109,374,373
03/04/2008 00:00,488,604,629,100,414,345
04/04/2008 00:00,492,590,635,89,424,390
05/04/2008 00:00,503,576,636,110,382,357
06/04/2008 00:00,507,569,641,143,364,318
07/04/2008 00:00,504,581,641,95,367,304
08/04/2008 00:00,499,590,636,101,402,314
09/04/2008 00:00,495,595,632,133,429,337
10/04/2008 00:00,492,607,633,171,432,369
11/04/2008 00:00,490,614,637,141,432,377
12/04/2008 00:00,491,624,644,181,451,396
13/04/2008 00:00,494,637,649,128,467,405
14/04/2008 00:00,496,646,657,155,447,422
15/04/2008 00:00,500,658,663,199,440,402
16/04/2008 00:00,508,654,670,190,448,422
17/04/2008 00:00,517,646,676,155,426,399
18/04/2008 00:00,521,643,682,132,435,379
19/04/2008 00:00,526,637,682,180,391,366
20/04/2008 00:00,528,635,681,148,386,333
21/04/2008 00:00,525,646,678,134,386,350
22/04/2008 00:00,523,654,675,131,380,328
23/04/2008 00:00,523,660,671,111,375,317
24/04/2008 00:00,523,666,668,105,389,338
25/04/2008 00:00,526,673,668,125,389,369
26/04/2008 00:00,531,678,671,220,406,382
27/04/2008 00:00,536,689,679,201,400,368
28/04/2008 00:00,542,704,684,178,453,397
29/04/2008 00:00,552,718,687,162,472,406
30/04/2008 00:00,560,730,694,125,455,424
01/05/2008 00:00,566,735,701,123,420,415
02/05/2008 00:00,572,742,707,177,402,391
03/05/2008 00:00,576,748,715,161,446,383
04/05/2008 00:00,583,754,718,157,474,433
05/05/2008 00:00,590,762,723,162,479,452
06/05/2008 00:00,595,777,732,132,476,442
07/05/2008 00:00,600,786,739,117,460,436
08/05/2008 00:00,607,792,744,115,449,420
09/05/2008 00:00,612,798,748,212,397,402
10/05/2008 00:00,617,797,752,175,367,357
11/05/2008 00:00,621,782,754,137,362,324
12/05/2008 00:00,624,770,750,132,373,319
13/05/2008 00:00,626,751,744,120,363,338
14/05/2008 00:00,629,741,740,136,329,300
15/05/2008 00:00,630,730,737,129,344,287
16/05/2008 00:00,630,731,732,119,361,289
17/05/2008 00:00,630,743,725,177,371,320
18/05/2008 00:00,631,750,722,153,387,344
19/05/2008 00:00,631,758,724,122,390,348
20/05/2008 00:00,633,763,726,139,426,368
21/05/2008 00:00,639,767,730,147,416,419
22/05/2008 00:00,643,772,737,131,424,391
23/05/2008 00:00,646,778,745,187,479,419
24/05/2008 00:00,649,787,750,198,482,453
25/05/2008 00:00,653,789,758,157,483,460
26/05/2008 00:00,657,793,766,156,496,457
27/05/2008 00:00,660,801,776,188,489,462
28/05/2008 00:00,665,809,788,185,524,477
29/05/2008 00:00,671,813,796,183,545,493
30/05/2008 00:00,675,818,802,161,535,504
31/05/2008 00:00,678,822,806,183,478,508
01/06/2008 00:00,681,825,811,189,504,509
02/06/2008 00:00,684,826,816,219,472,509
03/06/2008 00:00,688,826,822,220,458,488
04/06/2008 00:00,691,820,827,190,442,455
05/06/2008 00:00,694,819,832,183,433,414
06/06/2008 00:00,697,817,836,143,431,424
07/06/2008 00:00,701,815,840,235,438,404
08/06/2008 00:00,704,814,844,202,445,413
09/06/2008 00:00,709,814,847,184,429,418
10/06/2008 00:00,714,811,849,152,429,396
11/06/2008 00:00,718,806,850,149,418,395
12/06/2008 00:00,723,797,851,128,411,370
13/06/2008 00:00,726,790,851,168,406,367
14/06/2008 00:00,729,782,850,140,394,364
15/06/2008 00:00,734,784,853,184,369,345
16/06/2008 00:00,739,780,852,184,374,315
17/06/2008 00:00,742,774,849,510,374,326
18/06/2008 00:00,745,768,845,210,363,302
19/06/2008 00:00,749,765,840,175,371,304
20/06/2008 00:00,753,760,833,197,372,299
21/06/2008 00:00,756,758,827,151,397,312
22/06/2008 00:00,757,763,821,142,404,344
23/06/2008 00:00,759,771,816,129,405,354
24/06/2008 00:00,761,776,813,160,413,360
25/06/2008 00:00,764,787,813,168,413,373
26/06/2008 00:00,766,794,810,143,392,377
27/06/2008 00:00,769,797,809,142,389,348
28/06/2008 00:00,771,799,806,181,389,343
29/06/2008 00:00,772,802,802,223,390,329
30/06/2008 00:00,773,803,799,260,360,316
01/07/2008 00:00,773,810,794,241,366,299
02/07/2008 00:00,774,811,790,198,380,317
03/07/2008 00:00,776,807,790,195,364,313
04/07/2008 00:00,778,806,788,283,396,303
05/07/2008 00:00,780,805,785,202,398,344
06/07/2008 00:00,782,809,784,169,398,348
07/07/2008 00:00,784,813,785,147,383,342
08/07/2008 00:00,785,815,783,133,395,329
09/07/2008 00:00,786,818,782,223,397,352
10/07/2008 00:00,787,816,782,230,405,350
11/07/2008 00:00,788,813,782,350,411,351
12/07/2008 00:00,789,808,780,233,389,343
13/07/2008 00:00,790,805,778,200,387,325
14/07/2008 00:00,792,807,779,203,390,341
15/07/2008 00:00,794,811,777,155,408,344
16/07/2008 00:00,796,815,778,190,446,390
17/07/2008 00:00,799,812,779,173,442,423
18/07/2008 00:00,800,809,783,135,410,422
19/07/2008 00:00,802,808,787,133,420,394
20/07/2008 00:00,804,811,790,208,409,387
21/07/2008 00:00,806,807,790,225,413,370
22/07/2008 00:00,808,803,791,191,375,362
23/07/2008 00:00,809,803,791,164,362,318
24/07/2008 00:00,810,799,789,159,375,306
25/07/2008 00:00,811,794,785,154,364,303
26/07/2008 00:00,810,787,780,191,350,302
27/07/2008 00:00,811,782,775,159,342,306
28/07/2008 00:00,812,778,771,166,364,291
29/07/2008 00:00,813,775,768,172,360,327
30/07/2008 00:00,814,775,766,153,369,301
31/07/2008 00:00,815,767,764,152,390,320
01/08/2008 00:00,816,759,761,152,389,367
02/08/2008 00:00,817,754,762,156,393,342
03/08/2008 00:00,818,749,764,152,412,386
04/08/2008 00:00,818,744,765,152,392,360
05/08/2008 00:00,818,742,767,150,402,354
06/08/2008 00:00,818,735,767,151,377,383
07/08/2008 00:00,819,740,767,154,366,332
08/08/2008 00:00,818,744,766,148,357,315
09/08/2008 00:00,817,750,762,145,348,294
10/08/2008 00:00,817,752,755,145,330,279
11/08/2008 00:00,817,754,749,151,335,279
12/08/2008 00:00,817,745,745,146,332,309
13/08/2008 00:00,815,737,742,140,315,277
14/08/2008 00:00,814,735,742,141,351,266
15/08/2008 00:00,813,745,737,138,378,321
16/08/2008 00:00,812,751,734,135,382,321
17/08/2008 00:00,811,759,739,132,394,374
18/08/2008 00:00,809,760,742,133,372,362
19/08/2008 00:00,808,762,747,149,419,352
20/08/2008 00:00,808,758,751,143,377,389
21/08/2008 00:00,808,762,751,141,356,330
22/08/2008 00:00,809,767,754,141,400,337
23/08/2008 00:00,809,771,753,137,444,371
24/08/2008 00:00,807,776,754,134,475,418
25/08/2008 00:00,806,772,758,130,483,432
26/08/2008 00:00,805,765,765,128,473,443
27/08/2008 00:00,805,773,771,125,441,440
28/08/2008 00:00,805,776,777,124,429,417
29/08/2008 00:00,805,779,782,123,454,442
30/08/2008 00:00,805,600.4619739,789,122,434,434
31/08/2008 00:00,805,605.0275883,793,127,438,440
01/09/2008 00:00,805,778,797,150,412,421
02/09/2008 00:00,806,774,802,115,407,408
03/09/2008 00:00,807,770,808,104,421,419
04/09/2008 00:00,808,768,815,100,398,436
05/09/2008 00:00,808,764,820,103,375,409
06/09/2008 00:00,809,759,824,108,375,378
07/09/2008 00:00,811,757,828,118,406,355
08/09/2008 00:00,814,756,832,156,367,372
09/09/2008 00:00,815,764,835,179,371,331
10/09/2008 00:00,815,766,836,152,357,324
11/09/2008 00:00,815,758,835,149,319,299
12/09/2008 00:00,816,753,831,151,305,267
13/09/2008 00:00,817,749,825,108,290,258
14/09/2008 00:00,819,742,816,99,285,254
15/09/2008 00:00,820,731,808,137,292,260
16/09/2008 00:00,820,726,801,155,284,264
17/09/2008 00:00,821,731,799,233,271,252
18/09/2008 00:00,824,736,792,165,286,243
19/09/2008 00:00,825,741,782,130,306,268
20/09/2008 00:00,829,747,774,106,300,321
21/09/2008 00:00,830,753,775,100,319,316
22/09/2008 00:00,830,759,777,171,307,332
23/09/2008 00:00,830,764,777,152,290,301
24/09/2008 00:00,828,770,777,109,300,280
25/09/2008 00:00,828,771,774,101,291,273
26/09/2008 00:00,826,767,769,110,308,262
27/09/2008 00:00,825,760,765,96,359,288
28/09/2008 00:00,825,755,761,95,350,330
29/09/2008 00:00,824,747,767,94,320,317
30/09/2008 00:00,823,737,773,93,312,299
01/10/2008 00:00,822,746,771,97,337,283
02/10/2008 00:00,821,755,767,94,358,346
03/10/2008 00:00,819,766,766,92,353,317
04/10/2008 00:00,818,762,770,91,331,336
05/10/2008 00:00,817,754,770,91,317,325
06/10/2008 00:00,816,748,770,92,332,303
07/10/2008 00:00,816,743,768,115,341,336
08/10/2008 00:00,815,747,766,118,379,363
09/10/2008 00:00,814,753,766,124,384,359
10/10/2008 00:00,814,760,773,120,403,376
11/10/2008 00:00,815,767,776,113,392,419
12/10/2008 00:00,813,770,781,110,372,377
13/10/2008 00:00,813,777,787,106,373,402
14/10/2008 00:00,813,783,789,114,432,411
15/10/2008 00:00,814,789,794,115,435,450
16/10/2008 00:00,813,786,796,106,436,446
17/10/2008 00:00,812,779,803,107,444,458
18/10/2008 00:00,812,777,808,107,459,458
19/10/2008 00:00,811,772,811,101,454,467
20/10/2008 00:00,811,766,819,117,437,476
21/10/2008 00:00,810,769,823,119,411,460
22/10/2008 00:00,811,776,828,125,407,431
23/10/2008 00:00,812,782,833,129,383,427
24/10/2008 00:00,813,786,836,140,404,396
25/10/2008 00:00,814,781,845,130,393,401
26/10/2008 00:00,816,775,850,126,379,388
27/10/2008 00:00,819,773,854,142,350,351
28/10/2008 00:00,822,768,856,139,409,362
29/10/2008 00:00,824,765,858,159,425,402
30/10/2008 00:00,825,767,859,144,417,398
31/10/2008 00:00,826,772,861,130,443,390
01/11/2008 00:00,828,678,861,123,435,410
02/11/2008 00:00,830,681,863,131,422,436
03/11/2008 00:00,832,686,862,131,479,425
04/11/2008 00:00,834,690,865,132,476,452
05/11/2008 00:00,839,695,867,154,472,463
06/11/2008 00:00,841,699,869,140,480,455
07/11/2008 00:00,844,701,871,128,474,468
08/11/2008 00:00,847,703,876,122,448,453
09/11/2008 00:00,851,706,878,128,445,442
10/11/2008 00:00,854,710,880,120,440,431
11/11/2008 00:00,856,713,880,113,415,405
12/11/2008 00:00,859,715,882,108,400,385
13/11/2008 00:00,860,713,882,111,404,390
14/11/2008 00:00,862,711,884,114,404,390
15/11/2008 00:00,865,713,883,113,427,406
16/11/2008 00:00,869,715,884,115,476,431
17/11/2008 00:00,871,714,883,117,489,472
18/11/2008 00:00,873,713,883,121,489,483
19/11/2008 00:00,876,715,883,125,498,486
20/11/2008 00:00,877,717,883,128,497,487
21/11/2008 00:00,878,718,884,157,493,491
22/11/2008 00:00,880,719,885,141,500,490
23/11/2008 00:00,881,723,887,130,495,490
24/11/2008 00:00,881,723,890,303,518,488
25/11/2008 00:00,881,728,893,147,532,495
26/11/2008 00:00,882,731,899,148,535,508
27/11/2008 00:00,884,730,904,144,546,517
28/11/2008 00:00,885,727,907,141,537,526
29/11/2008 00:00,886,724,913,138,552,534
30/11/2008 00:00,887,719,915,133,540,536
01/12/2008 00:00,889,717,920,150,506,533
02/12/2008 00:00,893,711,923,209,493,528
03/12/2008 00:00,897,707,926,166,487,517
04/12/2008 00:00,900,650,930,172,471,504
05/12/2008 00:00,904,693,934,180,517,499
06/12/2008 00:00,907,687,936,181,527,497
07/12/2008 00:00,908,680,938,181,497,491
08/12/2008 00:00,909,672,937,176,472,482
09/12/2008 00:00,911,667,941,179,444,466
10/12/2008 00:00,913,671,945,148,423,429
11/12/2008 00:00,915,687,945,117,390,397
12/12/2008 00:00,915,680,942,114,394,370
13/12/2008 00:00,917,670,936,112,400,379
14/12/2008 00:00,917,662,928,112,383,384
15/12/2008 00:00,917,654,917,110,387,359
16/12/2008 00:00,915,645,907,109,377,350
17/12/2008 00:00,915,640,897,108,374,338
18/12/2008 00:00,918,634,886,106,357,323
19/12/2008 00:00,918,625,876,104,351,315
20/12/2008 00:00,916,616,867,105,342,302
21/12/2008 00:00,913,608,857,107,345,293
22/12/2008 00:00,909,596,847,112,353,297
23/12/2008 00:00,905,589,836,129,358,298
24/12/2008 00:00,901,582,824,126,342,301
25/12/2008 00:00,895,575,813,121,346,290
26/12/2008 00:00,890,565,803,117,334,289
27/12/2008 00:00,884,557,792,113,326,278
28/12/2008 00:00,878,554,781,112,317,265
29/12/2008 00:00,872,537,770,112,319,259
30/12/2008 00:00,865,528,757,127,312,251
31/12/2008 00:00,858,520,745,109,316,249
01/01/2009 00:00,851,514,733,109,314,251
02/01/2009 00:00,844,505,722,107,315,244
03/01/2009 00:00,837,497,713,107,314,240
04/01/2009 00:00,830,490,704,107,322,251
05/01/2009 00:00,822,485,693,106,330,262
06/01/2009 00:00,815,481,687,107,305,249
07/01/2009 00:00,807,478,681,109,329,259
08/01/2009 00:00,799,476,672,110,326,274
09/01/2009 00:00,792,489,671,113,342,288
10/01/2009 00:00,785,482,670,129,336,275
11/01/2009 00:00,778,476,667,124,335,272
12/01/2009 00:00,770,466,660,119,334,269
13/01/2009 00:00,763,460,652,115,346,266
14/01/2009 00:00,755,451,646,113,372,270
15/01/2009 00:00,748,443,640,111,371,314
16/01/2009 00:00,740,442,638,109,359,291
17/01/2009 00:00,732,446,644,129,375,288
18/01/2009 00:00,724,448,641,129,389,320
19/01/2009 00:00,716,450,636,123,393,316
20/01/2009 00:00,708,461,641,119,408,335
21/01/2009 00:00,700,472,642,117,401,344
22/01/2009 00:00,693,484,644,113,428,343
23/01/2009 00:00,687,478,647,111,410,374
24/01/2009 00:00,681,486,652,113,409,367
25/01/2009 00:00,676,494,657,115,440,380
26/01/2009 00:00,670,488,657,125,408,360
27/01/2009 00:00,665,484,659,126,389,335
28/01/2009 00:00,660,479,660,125,371,333
29/01/2009 00:00,656,474,656,123,359,314
30/01/2009 00:00,652,466,652,119,379,297
31/01/2009 00:00,647,469,647,116,368,324
01/02/2009 00:00,641,476,644,115,365,311
02/02/2009 00:00,634,484,647,121,349,301
03/02/2009 00:00,629,481,647,119,374,306
04/02/2009 00:00,624,475,642,118,340,298
05/02/2009 00:00,619,469,640,119,351,292
06/02/2009 00:00,614,459,638,119,366,301
07/02/2009 00:00,609,450,634,118,394,320
08/02/2009 00:00,604,442,633,115,372,321
09/02/2009 00:00,599,430,636,102,372,302
10/02/2009 00:00,594,423,636,99,376,302
11/02/2009 00:00,588,421,634,121,365,310
12/02/2009 00:00,583,418,632,209,376,294
13/02/2009 00:00,578,415,632,161,380,316
14/02/2009 00:00,574,422,629,167,368,325
15/02/2009 00:00,569,428,629,181,383,327
16/02/2009 00:00,565,431,630,217,383,315
17/02/2009 00:00,562,437,630,177,378,316
18/02/2009 00:00,560,438,629,240,373,307
19/02/2009 00:00,557,432,627,177,381,305
20/02/2009 00:00,554,428,624,156,386,308
21/02/2009 00:00,550,425,619,194,395,341
22/02/2009 00:00,545,419,618,152,384,330
23/02/2009 00:00,542,417,620,128,384,313
24/02/2009 00:00,538,415,622,126,363,317
25/02/2009 00:00,535,430,620,115,365,318
26/02/2009 00:00,532,443,620,104,389,297
27/02/2009 00:00,531,432,619,118,358,323
28/02/2009 00:00,531,418,617,114,360,300
01/03/2009 00:00,528,408,617,95,385,302
02/03/2009 00:00,525,406,616,81,381,359
03/03/2009 00:00,521,405,614,71,385,371
04/03/2009 00:00,517,398,619,101,380,358
05/03/2009 00:00,515,392,629,124,416,361
06/03/2009 00:00,515,388,634,112,406,367
07/03/2009 00:00,515,384,635,103,396,350
08/03/2009 00:00,512,379,636,90,387,338
09/03/2009 00:00,510,386,637,76,366,319
10/03/2009 00:00,507,398,636,74,376,312
11/03/2009 00:00,505,400,633,78,363,321
12/03/2009 00:00,504,381,631,81,364,299
13/03/2009 00:00,505,364,630,84,372,304
14/03/2009 00:00,504,355,628,95,365,309
15/03/2009 00:00,498,346,626,97,352,298
16/03/2009 00:00,490,352,626,91,390,292
17/03/2009 00:00,484,371,623,83,391,339
18/03/2009 00:00,480,386,622,96,398,358
19/03/2009 00:00,478,396,627,127,400,369
20/03/2009 00:00,480,409,634,155,457,403
21/03/2009 00:00,487,430,640,137,457,436
22/03/2009 00:00,493,460,650,133,460,436
23/03/2009 00:00,498,481,662,135,447,460
24/03/2009 00:00,505,528,673,160,455,445
25/03/2009 00:00,516,575,683,128,457,453
26/03/2009 00:00,527,581,690,121,454,442
27/03/2009 00:00,532,586,696,125,473,434
28/03/2009 00:00,537,504.0851707,701,132,462,437
29/03/2009 00:00,541,546.9381813,706,192,444,436
30/03/2009 00:00,546,527.9731224,709,150,447,431
31/03/2009 00:00,549,528.7626557,714,150,440,415
01/04/2009 00:00,553,557,719,150,459,427
02/04/2009 00:00,556,556,726,150,463,434
03/04/2009 00:00,559,547,733,147,470,442
04/04/2009 00:00,565,539,738,142,482,451
05/04/2009 00:00,571,531,745,134,466,452
06/04/2009 00:00,575,521,749,124,426,413
07/04/2009 00:00,578,511,755,112,408,380
08/04/2009 00:00,579,502,760,125,376,366
09/04/2009 00:00,580,494,760,148,401,368
10/04/2009 00:00,580,487,760,136,430,378
11/04/2009 00:00,581,480,762,130,440,401
12/04/2009 00:00,583,475,763,138,430,400
13/04/2009 00:00,585,475,765,143,435,417
14/04/2009 00:00,588,479,766,131,436,391
15/04/2009 00:00,591,485,766,130,438,397
16/04/2009 00:00,593,493,769,148,396,385
17/04/2009 00:00,594,502,768,136,397,349
18/04/2009 00:00,595,509,769,122,379,336
19/04/2009 00:00,597,516,768,110,368,331
20/04/2009 00:00,599,521,767,103,353,310
21/04/2009 00:00,601,530,763,121,356,300
22/04/2009 00:00,599,538,757,140,337,297
23/04/2009 00:00,600,543,752,126,374,297
24/04/2009 00:00,602,551,746,110,379,340
25/04/2009 00:00,603,560,740,96,375,356
26/04/2009 00:00,604,567,739,86,354,320
27/04/2009 00:00,605,551,738,109,346,311
28/04/2009 00:00,604,556,731,153,346,287
29/04/2009 00:00,604,564,723,131,338,289
30/04/2009 00:00,602,571,714,136,375,317
01/05/2009 00:00,601,578,715,146,395,402
02/05/2009 00:00,602,587,722,129,389,381
03/05/2009 00:00,606,592,731,147,401,395
04/05/2009 00:00,612,601,735,153,440,412
05/05/2009 00:00,616,627,736,150,429,452
06/05/2009 00:00,618,648,741,141,427,424
07/05/2009 00:00,621,649,746,144,424,423
08/05/2009 00:00,626,644,751,141,425,429
09/05/2009 00:00,628,629,756,131,449,428
10/05/2009 00:00,629,624,760,124,405,411
11/05/2009 00:00,630,621,763,115,376,388
12/05/2009 00:00,632,623,765,115,380,402
13/05/2009 00:00,634,619,766,110,390,357
14/05/2009 00:00,635,617,767,108,402,367
15/05/2009 00:00,637,613,767,104,388,380
16/05/2009 00:00,640,608,767,100,372,384
17/05/2009 00:00,641,605,766,101,379,336
18/05/2009 00:00,644,614,764,98,393,396
19/05/2009 00:00,645,619,763,114,387,390
20/05/2009 00:00,646,617,764,195,343,370
21/05/2009 00:00,649,612,764,153,335,340
22/05/2009 00:00,650,602,761,130,336,334
23/05/2009 00:00,651,594,757,115,315,314
24/05/2009 00:00,651,588,753,122,316,286
25/05/2009 00:00,651,577,744,134,329,281
26/05/2009 00:00,650,566,736,117,315,302
27/05/2009 00:00,649,556,731,146,296,255
28/05/2009 00:00,647,571,727,119,306,252
29/05/2009 00:00,647,535,716,171,311,259
30/05/2009 00:00,644,522,708,157,308,270
31/05/2009 00:00,642,574,705,120,306,254
01/06/2009 00:00,640,537,701,100,318,270
02/06/2009 00:00,636,551,695,96,289,249
03/06/2009 00:00,631,561,691,155,277,220
04/06/2009 00:00,626,572,680,237,269,206
05/06/2009 00:00,614,581,663,167,276,211
06/06/2009 00:00,610,589,654,309,296,252
07/06/2009 00:00,608,599,658,196,291,262
08/06/2009 00:00,607,611,671,257,305,266
09/06/2009 00:00,609,613,675,191,324,274
10/06/2009 00:00,614,615,677,154,362,298
11/06/2009 00:00,615,623,682,156,377,374
12/06/2009 00:00,614,637,689,198,368,351
13/06/2009 00:00,617,650,697,237,384,349
14/06/2009 00:00,624,664,701,238,377,373
15/06/2009 00:00,624,669,705,156,354,341
16/06/2009 00:00,629,675,710,144,369,329
17/06/2009 00:00,633,682,712,142,355,331
18/06/2009 00:00,636,690,713,177,349,327
19/06/2009 00:00,637,696,715,160,341,328
20/06/2009 00:00,639,708,715,139,350,287
21/06/2009 00:00,641,700,715,156,357,320
22/06/2009 00:00,644,689,717,141,367,328
23/06/2009 00:00,645,681,719,133,356,356
24/06/2009 00:00,646,672,722,125,356,321
25/06/2009 00:00,648,664,727,109,358,334
26/06/2009 00:00,650,655,728,117,350,351
27/06/2009 00:00,653,645,730,209,316,301
28/06/2009 00:00,653,640,731,170,298,273
29/06/2009 00:00,653,636,731,152,295,256
30/06/2009 00:00,651,629,726,135,318,255
01/07/2009 00:00,649,624,722,208,309,278
02/07/2009 00:00,649,618,716,231,328,266
03/07/2009 00:00,649,612,714,200,320,291
04/07/2009 00:00,649,602,709,197,328,260
05/07/2009 00:00,648,591,710,172,300,267
06/07/2009 00:00,645,585,706,157,305,239
07/07/2009 00:00,645,591,700,156,305,243
08/07/2009 00:00,643,600,690,316,277,233
09/07/2009 00:00,643,610,685,327,306,216
10/07/2009 00:00,640,625,677,188,326,245
11/07/2009 00:00,638,641,670,161,344,269
12/07/2009 00:00,635,649,670,142,306,291
13/07/2009 00:00,634,657,676,128,309,241
14/07/2009 00:00,630,665,676,257,314,243
15/07/2009 00:00,627,677,663,230,309,245
16/07/2009 00:00,622,684,656,158,289,241
17/07/2009 00:00,617,698,653,136,286,210
18/07/2009 00:00,612,695,647,280,276,207
19/07/2009 00:00,606,686,633,200,285,195
20/07/2009 00:00,598,680,623,220,256,210
21/07/2009 00:00,590,671,614,174,285,210
22/07/2009 00:00,582,664,617,168,282,256
23/07/2009 00:00,579,656,619,175,296,230
24/07/2009 00:00,579,650,627,145,303,248
25/07/2009 00:00,576,642,623,132,308,236
26/07/2009 00:00,573,638,622,133,307,236
27/07/2009 00:00,569,630,617,161,284,231
28/07/2009 00:00,563,623,611,320,300,205
29/07/2009 00:00,556,616,605,239,255,217
30/07/2009 00:00,548,603,592,166,242,181
31/07/2009 00:00,542,591,587,137,257,171
01/08/2009 00:00,537,581,573,151,286,179
02/08/2009 00:00,534,575,560,161,276,204
03/08/2009 00:00,531,570,559,202,291,190
04/08/2009 00:00,523,564,563,228,253,204
05/08/2009 00:00,511,557,560,285,240,188
06/08/2009 00:00,507,553,559,261,262,168
07/08/2009 00:00,501,546,559,200,286,198
08/08/2009 00:00,499,537,554,222,283,229
09/08/2009 00:00,503,534,564,212,279,221
10/08/2009 00:00,512,526,581,200,262,227
11/08/2009 00:00,517,534,585,230,269,193
12/08/2009 00:00,521,536,585,210,297,201
13/08/2009 00:00,525,528,575,224,297,227
14/08/2009 00:00,525,534,575,195,323,229
15/08/2009 00:00,523,538,583,162,321,259
16/08/2009 00:00,524,541,584,144,291,256
17/08/2009 00:00,526,546,591,143,311,222
18/08/2009 00:00,531,552,594,127,328,245
19/08/2009 00:00,536,556,590,133,311,270
20/08/2009 00:00,538,559,593,129,342,250
21/08/2009 00:00,540,567,606,131,344,302
22/08/2009 00:00,544,577,614,135,344,305
23/08/2009 00:00,548,570,628,139,317,300
24/08/2009 00:00,553,566,636,142,343,291
25/08/2009 00:00,561,559,637,171,331,285
26/08/2009 00:00,567,557,639,167,327,277
27/08/2009 00:00,570,550,637,179,305,279
28/08/2009 00:00,571,544,634,183,290,248
29/08/2009 00:00,569,538,635,223,294,221
30/08/2009 00:00,566,529,630,169,300,237
31/08/2009 00:00,563,525,623,145,311,259
01/09/2009 00:00,561,529,625,122,297,247
02/09/2009 00:00,561,535,627,109,288,224
03/09/2009 00:00,561,542,624,150,282,214
04/09/2009 00:00,559,550,613,248,289,222
05/09/2009 00:00,555,550,603,256,271,236
06/09/2009 00:00,553,543,601,144,258,197
07/09/2009 00:00,552,536,601,124,244,178
08/09/2009 00:00,551,525,584,162,258,161
09/09/2009 00:00,547,517,567,130,270,179
10/09/2009 00:00,540,508,556,156,284,199
11/09/2009 00:00,534,498,557,119,300,219
12/09/2009 00:00,530,497,564,109,284,225
13/09/2009 00:00,528,514,576,115,262,206
14/09/2009 00:00,525,528,578,102,248,185
15/09/2009 00:00,524,536,572,146,268,190
16/09/2009 00:00,526,545,568,119,279,240
17/09/2009 00:00,530,556,567,118,292,245
18/09/2009 00:00,532,552,582,122,304,239
19/09/2009 00:00,536,546,586,119,299,250
20/09/2009 00:00,540,540,587,103,323,244
21/09/2009 00:00,540,531,588,95,310,278
22/09/2009 00:00,539,521,587,100,299,260
23/09/2009 00:00,535,511,592,102,281,278
24/09/2009 00:00,532,497,593,95,263,240
25/09/2009 00:00,532,486,595,90,265,210
26/09/2009 00:00,532,475,588,101,265,207
27/09/2009 00:00,529,467,572,90,240,196
28/09/2009 00:00,525,454,560,91,235,187
29/09/2009 00:00,518,445,550,104,254,179
30/09/2009 00:00,509,436,537,194,256,184
01/10/2009 00:00,500,451,525,128,250,181
02/10/2009 00:00,490,465,519,104,242,170
03/10/2009 00:00,477,477,513,100,272,179
04/10/2009 00:00,465,485,507,137,251,233
05/10/2009 00:00,455,491,510,112,240,199
06/10/2009 00:00,457,498,534,100,230,177
07/10/2009 00:00,467,505,534,111,240,171
08/10/2009 00:00,471,511,519,111,261,204
09/10/2009 00:00,467,517,509,132,245,207
10/10/2009 00:00,461,520,521,98,233,181
11/10/2009 00:00,454,522,531,88,236,173
12/10/2009 00:00,445,528,519,150,294,191
13/10/2009 00:00,438,534,509,127,265,249
14/10/2009 00:00,448,539,517,157,256,230
15/10/2009 00:00,455,537,543,119,308,263
16/10/2009 00:00,467,546,553,98,328,325
17/10/2009 00:00,479,550,570,94,318,289
18/10/2009 00:00,491,559,596,93,321,274
19/10/2009 00:00,496,565,597,100,313,288
20/10/2009 00:00,501,563,595,143,352,283
21/10/2009 00:00,505,556,603,155,330,305
22/10/2009 00:00,506,550,609,191,349,296
23/10/2009 00:00,511,540,617,120,303,286
24/10/2009 00:00,516,529,621,118,296,241
25/10/2009 00:00,519,519,618,114,354,264
26/10/2009 00:00,521,512,607,109,342,385
27/10/2009 00:00,523,507,613,106,339,293
28/10/2009 00:00,525,518,631,88,338,284
29/10/2009 00:00,525,527,629,87,316,281
30/10/2009 00:00,524,537,626,79,332,274
31/10/2009 00:00,526,545,628,89,385,326
01/11/2009 00:00,530,566,632,107,330,343
02/11/2009 00:00,531,575,644,152,321,335
03/11/2009 00:00,533,584,660,90,308,301
04/11/2009 00:00,536,548,668,78,360,295
05/11/2009 00:00,542,562,668,77,358,326
06/11/2009 00:00,547,616,671,74,378,328
07/11/2009 00:00,559,631,680,82,390,358
08/11/2009 00:00,565,632,692,88,368,390
09/11/2009 00:00,575,629,703,94,380,348
10/11/2009 00:00,586,635,710,85,346,361
11/11/2009 00:00,594,639,713,82,333,310
12/11/2009 00:00,597,641,717,84,352,336
13/11/2009 00:00,601,632,718,78,373,333
14/11/2009 00:00,607,624,726,76,370,347
15/11/2009 00:00,612,619,730,93,336,373
16/11/2009 00:00,617,612,734,74,312,298
17/11/2009 00:00,622,607,739,75,309,286
18/11/2009 00:00,625,606,735,155,321,299
19/11/2009 00:00,628,555,732,102,316,269
20/11/2009 00:00,630,548,730,79,340,272
21/11/2009 00:00,631,542,724,74,328,277
22/11/2009 00:00,630,584,721,93,308,258
23/11/2009 00:00,628,577,715,82,306,242
24/11/2009 00:00,627,572,703,82,300,253
25/11/2009 00:00,626,563,694,89,288,231
26/11/2009 00:00,625,553,688,93,283,223
27/11/2009 00:00,624,546,676,85,290,217
28/11/2009 00:00,621,545,663,80,296,236
29/11/2009 00:00,618,542,654,127,311,256
30/11/2009 00:00,614,545,653,122,324,270
01/12/2009 00:00,610,537,658,97,317,263
02/12/2009 00:00,606,531,659,90,309,254
03/12/2009 00:00,601,525,650,78,279,239
04/12/2009 00:00,597,520,642,83,289,210
05/12/2009 00:00,592,513,627,78,288,214
06/12/2009 00:00,584,498,607,81,299,210
07/12/2009 00:00,574,491,596,73,274,236
08/12/2009 00:00,562,483,591,68,245,227
09/12/2009 00:00,551,476,593,78,250,178
10/12/2009 00:00,544,471,586,78,260,170
11/12/2009 00:00,528,466,562,80,265,185
12/12/2009 00:00,518,460,549,78,265,178
13/12/2009 00:00,505,455,546,88,258,170
14/12/2009 00:00,490,450,550,78,261,157
15/12/2009 00:00,475,467,549,78,263,166
16/12/2009 00:00,463,438,536,78,224,138
17/12/2009 00:00,450,432,522,78,228,141
18/12/2009 00:00,437,427,516,78,228,149
19/12/2009 00:00,422,421,500,77,275,199
20/12/2009 00:00,409,414,494,77,282,229
21/12/2009 00:00,397,408,495,77,278,225
22/12/2009 00:00,392,413,519,78,291,238
23/12/2009 00:00,396,419,545,76,274,249
24/12/2009 00:00,406,425,549,76,316,254
25/12/2009 00:00,418,432,557,71,289,240
26/12/2009 00:00,430,429,559,78,295,240
27/12/2009 00:00,436,422,564,96,312,271
28/12/2009 00:00,439,413,561,96,329,295
29/12/2009 00:00,445,404,562,89,310,247
30/12/2009 00:00,449,396,566,78,287,223
31/12/2009 00:00,446,385,570,78,267,235
01/01/2010 00:00,444,375,564,55,247,193
02/01/2010 00:00,440,367,549,56,229,168
03/01/2010 00:00,432,360,530,55,222,146
04/01/2010 00:00,419,354,505,51,226,136
05/01/2010 00:00,404,350,484,50,229,139
06/01/2010 00:00,386,345,466,51,236,138
07/01/2010 00:00,366,337,456,50,229,151
08/01/2010 00:00,346,326,450,50,224,155
09/01/2010 00:00,327,316,449,50,216,138
10/01/2010 00:00,307,306,444,50,216,132
11/01/2010 00:00,294,307,441,62,217,129
12/01/2010 00:00,282,314,433,67,218,141
13/01/2010 00:00,272,319,427,57,217,135
14/01/2010 00:00,267,313,424,50,220,134
15/01/2010 00:00,260,305,422,50,186,132
16/01/2010 00:00,247,299,419,50,190,102
17/01/2010 00:00,236,291,416,50,192,104
18/01/2010 00:00,228,286,401,50,197,103
19/01/2010 00:00,229,281,391,50,204,111
20/01/2010 00:00,216,276,389,50,197,117
21/01/2010 00:00,214,269,385,47,211,110
22/01/2010 00:00,207,265,391,46,188,122
23/01/2010 00:00,203,260,387,45,188,102
24/01/2010 00:00,200,256,387,47,203,103
25/01/2010 00:00,195,247,384,54,181,123
26/01/2010 00:00,190,241,377,49,197,106
27/01/2010 00:00,189,242,389,59,208,118
28/01/2010 00:00,186,265,384,50,203,131
29/01/2010 00:00,186,262,381,48,228,125
30/01/2010 00:00,191,253,387,46,234,148
31/01/2010 00:00,193,245,390,45,230,155
01/02/2010 00:00,193,233,395,44,206,146
02/02/2010 00:00,190,221,407,44,203,124
03/02/2010 00:00,190,197,407,47,187,127
04/02/2010 00:00,190,193,398,48,195,101
05/02/2010 00:00,188,219,380,46,188,106
06/02/2010 00:00,182,236,368,142,209,100
07/02/2010 00:00,178,230,363,93,208,122
08/02/2010 00:00,177,223,357,91,195,128
09/02/2010 00:00,172,217,356,68,195,114
10/02/2010 00:00,164,208,374,82,225,114
11/02/2010 00:00,160,196,371,77,199,138
12/02/2010 00:00,158,187,361,77,223,120
13/02/2010 00:00,160,193,372,57,212,141
14/02/2010 00:00,162,186,375,52,206,127
15/02/2010 00:00,166,178,377,52,215,124
16/02/2010 00:00,168,182,382,60,206,128
17/02/2010 00:00,169,188,381,54,225,126
18/02/2010 00:00,174,192,376,49,193,139
19/02/2010 00:00,174,198,377,56,204,109
20/02/2010 00:00,168,203,383,71,233,120
21/02/2010 00:00,165,208,389,102,214,146
22/02/2010 00:00,165,214,365,87,193,138
23/02/2010 00:00,165,222,374,59,195,118
24/02/2010 00:00,163,229,385,57,242,132
25/02/2010 00:00,166,237,381,84,243,178
26/02/2010 00:00,173,242,377,142,274,193
27/02/2010 00:00,180,251,403,127,246,218
28/02/2010 00:00,189,253,436,91,237,185
01/03/2010 00:00,203,265,463,69,228,159
02/03/2010 00:00,215,274,452,64,241,157
03/03/2010 00:00,229,286,432,77,240,178
04/03/2010 00:00,234,298,415,103,245,198
05/03/2010 00:00,229,307,426,81,229,199
06/03/2010 00:00,223,315,441,104,229,174
07/03/2010 00:00,225,323,452,117,267,181
08/03/2010 00:00,232,330,447,80,278,224
09/03/2010 00:00,240,325,438,82,240,214
10/03/2010 00:00,252,314,458,112,233,194
11/03/2010 00:00,263,305,476,143,251,190
12/03/2010 00:00,271,295,472,103,291,241
13/03/2010 00:00,277,285,483,80,275,235
14/03/2010 00:00,279,274,498,68,287,221
15/03/2010 00:00,282,267,504,61,278,220
16/03/2010 00:00,285,261,489,58,285,216
17/03/2010 00:00,285,254,485,62,277,217
18/03/2010 00:00,279,272,480,80,283,236
19/03/2010 00:00,273,292,483,85,327,269
20/03/2010 00:00,272,315,485,126,315,289
21/03/2010 00:00,276,317,511,162,277,252
22/03/2010 00:00,283,323,535,108,256,229
23/03/2010 00:00,294,333,533,84,253,209
24/03/2010 00:00,307,340,515,70,236,193
25/03/2010 00:00,315,346,424,62,232,193
26/03/2010 00:00,312,353,487,61,238,161
27/03/2010 00:00,308,358,473,86,290,181
28/03/2010 00:00,294,365,460,65,283,222
29/03/2010 00:00,276,371,453,59,281,209
30/03/2010 00:00,261,381,471,53,282,209
31/03/2010 00:00,255,390,475,82,292,241
01/04/2010 00:00,257,398,475,116,253,236
02/04/2010 00:00,266,407,487,106,250,201
03/04/2010 00:00,274,413,495,105,270,206
04/04/2010 00:00,282,418,483,145,269,232
05/04/2010 00:00,288,426,480,122,263,218
06/04/2010 00:00,292,431,495,112,290,223
07/04/2010 00:00,297,438,498,113,349,265
08/04/2010 00:00,308,445,504,134,331,290
09/04/2010 00:00,318,450,520,135,376,293
10/04/2010 00:00,326,457,542,160,358,330
11/04/2010 00:00,334,463,554,145,391,317
12/04/2010 00:00,349,469,571,146,384,363
13/04/2010 00:00,365,476,590,145,404,359
14/04/2010 00:00,378,484,608,166,384,368
15/04/2010 00:00,393,492,613,157,420,362
16/04/2010 00:00,410,497,622,129,451,389
17/04/2010 00:00,422,491,629,132,415,389
18/04/2010 00:00,429,484,638,126,409,367
19/04/2010 00:00,433,477,647,139,380,347
20/04/2010 00:00,439,474,647,153,397,341
21/04/2010 00:00,441,482,643,119,411,341
22/04/2010 00:00,445,492,639,107,423,364
23/04/2010 00:00,448,501,638,98,368,346
24/04/2010 00:00,453,510,641,103,336,304
25/04/2010 00:00,456,518,641,120,318,272
26/04/2010 00:00,454,527,627,109,317,271
27/04/2010 00:00,452,538,617,108,319,287
28/04/2010 00:00,450,543,618,140,367,289
29/04/2010 00:00,450,550,621,166,353,333
30/04/2010 00:00,450,556,624,127,376,329
01/05/2010 00:00,453,561,632,130,387,349
02/05/2010 00:00,460,568,640,112,408,367
03/05/2010 00:00,468,576,647,142,395,394
04/05/2010 00:00,476,581,658,127,370,382
05/05/2010 00:00,483,586,670,133,440,413
06/05/2010 00:00,493,590,679,146,452,437
07/05/2010 00:00,512,593,690,119,438,452
08/05/2010 00:00,517,595,701,128,452,430
09/05/2010 00:00,526,589,711,134,431,440
10/05/2010 00:00,533,580,717,128,388,410
11/05/2010 00:00,540,583,722,168,376,371
12/05/2010 00:00,546,597,725,182,366,374
13/05/2010 00:00,552,605,726,123,336,361
14/05/2010 00:00,557,612,727,117,330,314
15/05/2010 00:00,562,615,728,98,341,306
16/05/2010 00:00,564,623,723,88,322,295
17/05/2010 00:00,570,625,718,90,348,278
18/05/2010 00:00,574,617,716,88,333,303
19/05/2010 00:00,575,610,715,85,306,271
20/05/2010 00:00,576,603,717,72,329,265
21/05/2010 00:00,579,596,717,161,343,325
22/05/2010 00:00,583,588,719,251,375,335
23/05/2010 00:00,586,582,724,150,395,358
24/05/2010 00:00,590,589,727,135,380,361
25/05/2010 00:00,592,600,737,139,370,343
26/05/2010 00:00,596,613,744,136,381,353
27/05/2010 00:00,599,620,692,119,431,418
28/05/2010 00:00,603,625,764,95,456,454
29/05/2010 00:00,607,627,772,85,460,460
30/05/2010 00:00,613,619,783,97,415,447
31/05/2010 00:00,618,613,785,99,384,412
01/06/2010 00:00,621,613,792,104,399,412
02/06/2010 00:00,624,618,796,113,385,383
03/06/2010 00:00,627,621,801,105,379,390
04/06/2010 00:00,631,625,802,126,395,391
05/06/2010 00:00,635,629,806,115,394,382
06/06/2010 00:00,639,633,804,133,381,371
07/06/2010 00:00,642,628,807,145,345,342
08/06/2010 00:00,645,621,809,155,332,307
09/06/2010 00:00,647,615,811,195,353,302
10/06/2010 00:00,651,612,808,141,342,315
11/06/2010 00:00,655,608,805,176,332,308
12/06/2010 00:00,659,608,803,174,316,315
13/06/2010 00:00,664,618,804,128,314,298
14/06/2010 00:00,666,625,803,130,331,313
15/06/2010 00:00,668,635,800,120,354,349
16/06/2010 00:00,670,649,799,152,346,347
17/06/2010 00:00,672,661,800,148,350,344
18/06/2010 00:00,676,681,800,165,362,334
19/06/2010 00:00,680,692,799,145,356,341
20/06/2010 00:00,687,707,804,122,390,357
21/06/2010 00:00,692,710,807,118,408,406
22/06/2010 00:00,695,721,812,92,385,384
23/06/2010 00:00,699,735,815,78,396,386
24/06/2010 00:00,701,743,818,110,369,354
25/06/2010 00:00,706,745,820,114,384,354
26/06/2010 00:00,709,743,821,147,380,377
27/06/2010 00:00,711,744,826,176,342,366
28/06/2010 00:00,714,740,828,129,335,344
29/06/2010 00:00,716,740,828,143,341,322
30/06/2010 00:00,718,737,826,177,321,323
01/07/2010 00:00,721,730,823,119,311,303
02/07/2010 00:00,725,716,822,116,338,308
03/07/2010 00:00,728,707,818,111,348,325
04/07/2010 00:00,731,699,814,109,353,313
05/07/2010 00:00,734,697,813,110,344,341
06/07/2010 00:00,737,694,815,103,357,345
07/07/2010 00:00,740,699,818,118,361,372
08/07/2010 00:00,744,707,823,140,380,355
09/07/2010 00:00,746,717,826,170,400,374
10/07/2010 00:00,749,723,825,146,423,379
11/07/2010 00:00,752,723,827,142,439,405
12/07/2010 00:00,754,728,829,134,423,432
13/07/2010 00:00,756,737,831,141,418,407
14/07/2010 00:00,759,742,833,164,419,414
15/07/2010 00:00,762,746,837,144,455,429
16/07/2010 00:00,768,748,842,173,436,456
17/07/2010 00:00,770,754,844,186,453,456
18/07/2010 00:00,772,755,847,199,474,456
19/07/2010 00:00,775,761,850,156,466,468
20/07/2010 00:00,777,763,853,139,424,447
21/07/2010 00:00,780,762,857,131,434,439
22/07/2010 00:00,783,763,863,126,404,430
23/07/2010 00:00,786,764,867,123,392,390
24/07/2010 00:00,789,767,873,133,398,385
25/07/2010 00:00,793,765,877,143,380,380
26/07/2010 00:00,795,740,881,172,382,351
27/07/2010 00:00,798,716,884,194,355,361
28/07/2010 00:00,800,704,886,163,354,345
29/07/2010 00:00,803,696,887,117,349,349
30/07/2010 00:00,807,690,886,108,350,334
31/07/2010 00:00,812,682.8671441,889,104,354,330
01/08/2010 00:00,818,650,889,125,385,370
02/08/2010 00:00,822,642,886,194,373,368
03/08/2010 00:00,825,637,885,186,381,376
04/08/2010 00:00,830,639,885,184,387,390
05/08/2010 00:00,833,649,883,170,388,373
06/08/2010 00:00,836,660,882,167,339,354
07/08/2010 00:00,840,668,881,135,331,324
08/08/2010 00:00,844,676,879,119,306,312
09/08/2010 00:00,850,675,877,105,337,274
10/08/2010 00:00,855,666,874,138,341,315
11/08/2010 00:00,860,657,869,118,312,294
12/08/2010 00:00,865,650,867,105,303,269
13/08/2010 00:00,869,643,863,195,297,271
14/08/2010 00:00,871,637,856,161,299,284
15/08/2010 00:00,875,630,849,135,273,259
16/08/2010 00:00,876,622,845,105,266,223
17/08/2010 00:00,877,611,838,100,273,219
18/08/2010 00:00,877,591,825,101,293,229
19/08/2010 00:00,876,585,817,98,280,270
20/08/2010 00:00,876,578,818,91,290,246
21/08/2010 00:00,875,573,820,87,280,285
22/08/2010 00:00,875,567,817,85,274,245
23/08/2010 00:00,875,559,817,87,268,238
24/08/2010 00:00,875,555,804,85,252,216
25/08/2010 00:00,875,548,794,82,274,212
26/08/2010 00:00,873,541,794,77,291,259
27/08/2010 00:00,872,534,801,74,278,288
28/08/2010 00:00,870,526,803,68,354,307
29/08/2010 00:00,869,520,805,99,356,371
30/08/2010 00:00,868,514,811,94,309,352
31/08/2010 00:00,866,631.4667949,818,83,331,305
01/09/2010 00:00,864,507,820,81,354,348
02/09/2010 00:00,862,500,823,83,360,370
03/09/2010 00:00,860,494,827,85,361,368
04/09/2010 00:00,859,488,833,87,396,347
05/09/2010 00:00,858,481,837,88,400,393
06/09/2010 00:00,859,473,842,95,374,394
07/09/2010 00:00,860,475,848,182,380,369
08/09/2010 00:00,861,479,852,135,403,431
09/09/2010 00:00,861,485,854,108,384,416
10/09/2010 00:00,862,491,856,90,391,415
11/09/2010 00:00,862,499,858,85,387,397
12/09/2010 00:00,861,510,863,80,358,385
13/09/2010 00:00,861,515,866,73,359,393
14/09/2010 00:00,861,526,870,70,381,390
15/09/2010 00:00,860,527,873,72,382,407
16/09/2010 00:00,859,533,876,69,333,371
17/09/2010 00:00,859,540,879,70,330,332
18/09/2010 00:00,860,546,883,64,317,319
19/09/2010 00:00,861,555,886,72,322,316
20/09/2010 00:00,863,564,887,72,335,321
21/09/2010 00:00,864,572,888,68,394,390
22/09/2010 00:00,866,582,887,64,384,413
23/09/2010 00:00,868,588,887,76,398,423
24/09/2010 00:00,871,592,893,74,407,427
25/09/2010 00:00,874,596,893,70,384,424
26/09/2010 00:00,876,609,894,66,384,388
27/09/2010 00:00,880,613,901,72,398,406
28/09/2010 00:00,882,616,903,77,409,446
29/09/2010 00:00,883,620,904,98,370,422
30/09/2010 00:00,884,624,907,72,389,389
01/10/2010 00:00,885,627,908,69,384,399
02/10/2010 00:00,886,630,909,64,365,368
03/10/2010 00:00,888,636,912,62,364,379
04/10/2010 00:00,892,644,915,107,370,379
05/10/2010 00:00,897,648,917,94,423,416
06/10/2010 00:00,901,655,917,79,411,437
07/10/2010 00:00,905,657,916,67,425,436
08/10/2010 00:00,909,666,916,84,459,458
09/10/2010 00:00,909,674,916,117,477,469
10/10/2010 00:00,910,679,917,102,433,468
11/10/2010 00:00,910,680,917,83,378,414
12/10/2010 00:00,911,687,917,88,353,368
13/10/2010 00:00,913,681,917,82,322,330
14/10/2010 00:00,915,673,917,80,324,300
15/10/2010 00:00,916,666,918,77,319,306
16/10/2010 00:00,917,660,917,88,338,303
17/10/2010 00:00,918,654,913,77,324,320
18/10/2010 00:00,920,647,911,83,321,302
19/10/2010 00:00,921,641,909,104,328,309
20/10/2010 00:00,921,636,908,100,316,306
21/10/2010 00:00,920,631,907,78,335,329
22/10/2010 00:00,920,628,904,116,332,344
23/10/2010 00:00,920,623,904,116,340,326
24/10/2010 00:00,919,621,904,126,377,327
25/10/2010 00:00,918,606,899,129,376,387
26/10/2010 00:00,915,614,896,106,348,360
27/10/2010 00:00,913,627,895,90,345,328
28/10/2010 00:00,912,637,892,99,369,360
29/10/2010 00:00,909,643,888,95,376,369
30/10/2010 00:00,906,652,887,113,375,377
31/10/2010 00:00,905,658,886,143,385,387
01/11/2010 00:00,904,602,884,109,367,390
02/11/2010 00:00,904,612,887,149,387,387
03/11/2010 00:00,903,622,887,139,401,411
04/11/2010 00:00,904,633,887,123,405,425
05/11/2010 00:00,904,640,887,105,405,411
06/11/2010 00:00,903,646,888,96,422,407
07/11/2010 00:00,903,652,890,100,490,447
08/11/2010 00:00,900,659,893,91,491,478
09/11/2010 00:00,897,667,899,79,517,487
10/11/2010 00:00,897,673,906,163,473,498
11/11/2010 00:00,897,669,911,250,462,486
12/11/2010 00:00,898,663,914,181,498,479
13/11/2010 00:00,899,657,917,142,509,490
14/11/2010 00:00,900,650,921,145,525,500
15/11/2010 00:00,901,657,930,142,511,513
16/11/2010 00:00,902,666,934,140,511,519
17/11/2010 00:00,902,671,939,147,506,520
18/11/2010 00:00,902,677,946,151,510,515
19/11/2010 00:00,904,681,950,143,517,512
20/11/2010 00:00,906,685,954,160,519,507
21/11/2010 00:00,911,690,956,198,486,501
22/11/2010 00:00,915,691,956,188,494,489
23/11/2010 00:00,919,684,957,187,505,484
24/11/2010 00:00,923,676,956,138,511,492
25/11/2010 00:00,929,669,954,140,510,495
26/11/2010 00:00,934,664,951,146,483,489
27/11/2010 00:00,940,658,949,135,464,476
28/11/2010 00:00,943,652,947,145,479,469
29/11/2010 00:00,949,645,946,124,489,468
30/11/2010 00:00,950,636,942,136,513,475
01/12/2010 00:00,941,638,939,95,492,474
02/12/2010 00:00,933,646,936,115,501,485
03/12/2010 00:00,932,655,937,110,505,491
04/12/2010 00:00,935,663,938,105,529,492
05/12/2010 00:00,933,678,936,170,547,498
06/12/2010 00:00,933,680,935,139,535,505
07/12/2010 00:00,934,686,935,103,501,502
08/12/2010 00:00,932,693,937,122,472,493
09/12/2010 00:00,931,691,937,118,483,477
10/12/2010 00:00,932,684,941,101,474,470
11/12/2010 00:00,928,676,944,94,481,459
12/12/2010 00:00,937,667,943,93,445,445
13/12/2010 00:00,935,655,942,92,431,416
14/12/2010 00:00,937,646,941,92,408,415
15/12/2010 00:00,943,633,941,92,390,384
16/12/2010 00:00,941,634,938,149,377,366
17/12/2010 00:00,934,644,934,98,382,353
18/12/2010 00:00,931,651,929,99,423,355
19/12/2010 00:00,929,658,924,126,389,370
20/12/2010 00:00,926,666,920,132,409,374
21/12/2010 00:00,922,665,915,105,416,402
22/12/2010 00:00,917,657,910,146,393,392
23/12/2010 00:00,911,650,905,143,379,354
24/12/2010 00:00,907,646,901,147,368,334
25/12/2010 00:00,906,652,896,146,376,313
26/12/2010 00:00,901,659,891,119,431,328
27/12/2010 00:00,900,654,885,115,406,372
28/12/2010 00:00,897,647,879,124,386,342
29/12/2010 00:00,894,642,874,122,373,325
30/12/2010 00:00,893,635,866,103,374,303
31/12/2010 00:00,895,632,858,86,370,305
01/01/2011 00:00,889,635.8252604,848,79,339,290
02/01/2011 00:00,883,603.900173,839,76,345,261
03/01/2011 00:00,878,619.8386288,828,89,329,267
04/01/2011 00:00,871,606.4457262,816,119,328,241
05/01/2011 00:00,866,588.8879685,804,122,349,259
06/01/2011 00:00,861,570.8729749,792,101,383,311
07/01/2011 00:00,854,572.1100553,786,85,373,314
08/01/2011 00:00,851,578.2782675,784,107,372,312
09/01/2011 00:00,843,556.7408637,779,105,384,304
10/01/2011 00:00,838,618.326502,775,187,355,314
11/01/2011 00:00,830,568.9992395,770,131,357,277
12/01/2011 00:00,822,565.9209553,763,127,355,280
13/01/2011 00:00,812,553.8771367,752,95,338,266
14/01/2011 00:00,806,519.9921852,744,81,354,255
15/01/2011 00:00,799,514.6353938,733,74,354,264
16/01/2011 00:00,791,513.406341,724,87,353,264
17/01/2011 00:00,783,523.0998404,719,95,344,267
18/01/2011 00:00,775,502.5425134,713,75,347,258
19/01/2011 00:00,772,528.3420844,708,70,324,272
20/01/2011 00:00,764,518.2084479,702,66,306,237
21/01/2011 00:00,760,502.1955241,697,64,305,217
22/01/2011 00:00,753,494.4098856,681,61,297,213
23/01/2011 00:00,746,487.2549764,667,69,287,198
24/01/2011 00:00,742,476.3431497,657,66,283,188
25/01/2011 00:00,735,463.6363691,646,61,283,184
26/01/2011 00:00,723,464.9481272,634,60,270,181
27/01/2011 00:00,713,426.1340049,625,60,294,168
28/01/2011 00:00,700,477.5937127,616,61,281,241
29/01/2011 00:00,689,469.3372442,608,61,266,214
30/01/2011 00:00,676,488.6669061,619,67,259,218
31/01/2011 00:00,658,442.9120913,609,67,267,170
01/02/2011 00:00,640,435.3428985,596,59,267,179
02/02/2011 00:00,627,428.2977469,586,61,260,168
03/02/2011 00:00,619,420.7248846,583,60,261,162
04/02/2011 00:00,606,412.1432193,577,59,265,163
05/02/2011 00:00,592,398.9415871,567,60,272,165
06/02/2011 00:00,576,435.8080637,561,105,250,171
07/02/2011 00:00,561,396.2237945,558,80,263,147
08/02/2011 00:00,545,408.9907348,556,158,295,176
09/02/2011 00:00,525,417.6865077,547,141,292,207
10/02/2011 00:00,514,418.0049929,546,128,282,201
11/02/2011 00:00,506,400.9393057,563,111,303,197
12/02/2011 00:00,504,435.2330851,568,146,305,229
13/02/2011 00:00,507,401.0593664,567,113,323,223
14/02/2011 00:00,502,407.3554921,573,123,341,249
15/02/2011 00:00,496,422.2071525,579,105,340,275
16/02/2011 00:00,493,396.1537805,587,100,361,260
17/02/2011 00:00,490,405.912918,594,119,379,285
18/02/2011 00:00,491,434.4442913,596,124,373,316
19/02/2011 00:00,492,429.2384349,607,104,366,295
20/02/2011 00:00,493,443.154156,619,95,352,286
21/02/2011 00:00,496,446.8641942,619,131,344,258
22/02/2011 00:00,497,444.3295132,613,105,330,254
23/02/2011 00:00,497,429.2720452,606,87,317,228
24/02/2011 00:00,494,408.0653266,602,80,329,222
25/02/2011 00:00,487,428.1884148,594,115,331,247
26/02/2011 00:00,482,413.261052,586,82,324,241
27/02/2011 00:00,477,373.87432,589,89,366,237
28/02/2011 00:00,474,389.5780157,590,79,376,283
01/03/2011 00:00,471,405.343063,588,76,363,292
02/03/2011 00:00,468,415.2811154,594,99,396,340
03/03/2011 00:00,469,388.3837774,604,79,441,368
04/03/2011 00:00,472,439.1811929,628,80,432,406
05/03/2011 00:00,480,465.854689,651,95,413,382
06/03/2011 00:00,490,482.5995272,665,130,411,368
07/03/2011 00:00,496,456.35161,667,95,427,369
08/03/2011 00:00,502,456.1494115,667,88,433,382
09/03/2011 00:00,507,453.1568287,670,112,441,372
10/03/2011 00:00,507,457.5890496,674,125,477,424
11/03/2011 00:00,507,485.3785078,679,103,459,447
12/03/2011 00:00,511,475.3622083,689,79,456,428
13/03/2011 00:00,515,520.4784492,697,74,409,419
14/03/2011 00:00,519,529.22819,700,70,369,368
15/03/2011 00:00,523,512.2968615,699,68,359,327
16/03/2011 00:00,524,521.8692474,695,67,329,300
17/03/2011 00:00,525,496.712178,688,65,329,269
18/03/2011 00:00,526,501.6311289,683,69,318,263
19/03/2011 00:00,528,444.7206386,676,64,361,251
20/03/2011 00:00,531,460.5222449,667,95,390,315
21/03/2011 00:00,531,498.8627509,659,185,406,359
22/03/2011 00:00,532,509.1269626,670,123,388,370
23/03/2011 00:00,534,485.3763216,676,125,423,379
24/03/2011 00:00,539,507.7221433,680,159,423,390
25/03/2011 00:00,541,492.2156574,686,197,456,388
26/03/2011 00:00,542,511.5603841,692,216,475,431
27/03/2011 00:00,545,518.5054266,697,172,455,430
28/03/2011 00:00,548,486.3343747,702,137,454,391
29/03/2011 00:00,550,488.7041793,707,118,439,376
30/03/2011 00:00,551,507.1187321,712,96,406,360
31/03/2011 00:00,552,496.9708133,715,90,400,334
01/04/2011 00:00,554,521.9193597,715,81,391,365
02/04/2011 00:00,556,517.5071796,715,85,375,330
03/04/2011 00:00,559,509.9172291,715,79,390,345
04/04/2011 00:00,560,507.3745951,715,99,405,353
05/04/2011 00:00,561,536.3752152,715,110,381,355
06/04/2011 00:00,563,497.9310316,717,131,438,369
07/04/2011 00:00,566,551.7204894,718,187,439,423
08/04/2011 00:00,569,507.1100976,721,143,464,413
09/04/2011 00:00,573,538.1944608,725,145,449,433
10/04/2011 00:00,575,519.0900684,730,166,478,430
11/04/2011 00:00,581,513.8884205,736,176,508,456
12/04/2011 00:00,586,509.7392326,741,143,509,464
13/04/2011 00:00,592,517.2123409,747,172,525,477
14/04/2011 00:00,596,545.9262854,755,193,518,490
15/04/2011 00:00,601,558.3028821,763,220,526,497
16/04/2011 00:00,606,538.5255285,773,213,553,500
17/04/2011 00:00,612,539.6838277,782,148,538,505
18/04/2011 00:00,618,557.252454,797,143,533,510
19/04/2011 00:00,625,548.3480551,806,145,551,512
20/04/2011 00:00,633,552.399307,817,156,562,516
21/04/2011 00:00,640,544.7472618,826,137,571,518
22/04/2011 00:00,646,565.5017649,839,173,577,524
23/04/2011 00:00,655,561.8810601,849,153,583,527
24/04/2011 00:00,663,578.2162901,857,156,577,532
25/04/2011 00:00,671,583.3783781,865,129,570,535
26/04/2011 00:00,679,589.6225406,876,143,578,536
27/04/2011 00:00,687,598.6226399,885,146,572,528
28/04/2011 00:00,695,604.6988584,894,145,570,524
29/04/2011 00:00,702,621.3132534,900,115,545,521
30/04/2011 00:00,709,652.6668836,917,133,526,510
01/05/2011 00:00,715,691.706331,927,120,480,495
02/05/2011 00:00,723,691.7375622,937,113,477,482
03/05/2011 00:00,731,717.2714763,946,210,487,471
04/05/2011 00:00,738,724.4656923,954,235,487,458
05/05/2011 00:00,746,725.8188376,957,157,450,443
06/05/2011 00:00,754,703.085131,957,133,455,428
07/05/2011 00:00,764,711.7322321,955,131,428,402
08/05/2011 00:00,774,739.8116934,951,176,394,371
09/05/2011 00:00,784,718.1516287,945,138,377,338
10/05/2011 00:00,796,681.4071579,939,123,397,326
11/05/2011 00:00,812,681.6795547,932,114,400,344
12/05/2011 00:00,822,670.7743452,922,103,391,330
13/05/2011 00:00,832,715.5539364,913,222,390,341
14/05/2011 00:00,840,651.8458926,904,165,432,349
15/05/2011 00:00,848,641.5689069,897,159,466,398
16/05/2011 00:00,853,653.7957589,890,148,447,402
17/05/2011 00:00,857,658.0655662,885,184,463,419
18/05/2011 00:00,858,633.1493861,882,136,479,436
19/05/2011 00:00,859,635.3687477,877,128,477,447
20/05/2011 00:00,860,656.9630818,875,118,450,447
21/05/2011 00:00,860,673.8769161,877,123,418,418
22/05/2011 00:00,858,669.8378527,881,148,416,389
23/05/2011 00:00,856,709.1354466,886,252,422,395
24/05/2011 00:00,855,664.0265702,890,175,441,393
25/05/2011 00:00,854,651.7292001,892,138,435,383
26/05/2011 00:00,857,684.0854048,893,192,423,383
27/05/2011 00:00,861,724.6826868,894,320,418,364
28/05/2011 00:00,863,675.1829751,893,246,415,324
29/05/2011 00:00,867,675.0188827,894,253,418,323
30/05/2011 00:00,868,726.9492896,892,339,390,314
31/05/2011 00:00,868,697.3542546,890,279,380,288
01/06/2011 00:00,870,684.3311722,887,205,387,325
02/06/2011 00:00,876,651.7559571,884,175,410,330
03/06/2011 00:00,880,639.8684828,881,147,436,372
04/06/2011 00:00,881,651.8480031,875,185,451,400
05/06/2011 00:00,881,664.28655,874,169,428,394
06/06/2011 00:00,879,651.5500251,870,155,427,385
07/06/2011 00:00,878,650.6799675,870,134,422,388
08/06/2011 00:00,878,649.4876953,871,112,419,393
09/06/2011 00:00,880,637.7363352,872,109,413,365
10/06/2011 00:00,881,643.248865,871,105,387,336
11/06/2011 00:00,881,648.9757813,870,139,376,309
12/06/2011 00:00,880,666.2583401,866,144,346,291
13/06/2011 00:00,878,670.8480798,862,187,334,259
14/06/2011 00:00,876,711.7203004,855,305,327,253
15/06/2011 00:00,874,686.040553,847,283,330,239
16/06/2011 00:00,872,634.4025238,838,216,352,241
17/06/2011 00:00,871,617.0338406,829,147,360,277
18/06/2011 00:00,868,608.7730803,819,147,362,279
19/06/2011 00:00,866,620.0215208,810,143,331,261
20/06/2011 00:00,865,596.5550659,803,131,340,253
21/06/2011 00:00,863,594.8694907,795,122,343,270
22/06/2011 00:00,859,585.7185464,788,115,338,260
23/06/2011 00:00,854,585.2391997,783,112,341,272
24/06/2011 00:00,848,622.2822594,777,162,343,313
25/06/2011 00:00,845,610.3382447,775,169,346,297
26/06/2011 00:00,843,635.0145503,775,150,319,305
27/06/2011 00:00,837,604.3130551,772,205,349,275
28/06/2011 00:00,832,627.5786887,770,185,329,295
29/06/2011 00:00,827,572.3076165,767,143,340,252
30/06/2011 00:00,823,589.0732428,764,114,315,260
01/07/2011 00:00,817,571.3222925,761,156,351,268
02/07/2011 00:00,814,610.2685008,761,125,329,314
03/07/2011 00:00,811,559.1427777,761,123,356,276
04/07/2011 00:00,811,584.6001346,759,114,338,296
05/07/2011 00:00,810,579.9331291,758,165,345,271
06/07/2011 00:00,808,576.7017319,757,242,345,222
07/07/2011 00:00,807,564.9264782,754,197,350,241
08/07/2011 00:00,806,571.3181709,750,145,305,215
09/07/2011 00:00,802,542.0198375,744,145,330,215
10/07/2011 00:00,799,554.8127373,737,149,327,237
11/07/2011 00:00,795,576.4586988,731,203,326,246
12/07/2011 00:00,792,561.8790294,728,148,315,241
13/07/2011 00:00,789,527.1695917,728,144,341,229
14/07/2011 00:00,785,561.3817823,730,141,345,290
15/07/2011 00:00,782,536.3415111,728,129,375,307
16/07/2011 00:00,779,576.0396009,733,141,358,331
17/07/2011 00:00,775,560.3691802,735,129,340,282
18/07/2011 00:00,771,516.902695,737,121,378,275
19/07/2011 00:00,766,561.966334,738,129,368,326
20/07/2011 00:00,769,560.0936159,739,129,350,293
21/07/2011 00:00,766,582.6846861,739,124,312,272
22/07/2011 00:00,763,575.5980326,738,133,299,236
23/07/2011 00:00,760,619.8916324,735,276,285,205
24/07/2011 00:00,757,616.4461474,728,288,280,193
25/07/2011 00:00,753,613.9835701,722,276,264,178
26/07/2011 00:00,750,561.7586376,714,235,295,177
27/07/2011 00:00,747,569.2381678,705,199,278,194
28/07/2011 00:00,747,529.6647179,697,198,306,185
29/07/2011 00:00,746,538.8012912,693,192,333,251
30/07/2011 00:00,748,567.7756466,697,172,339,314
31/07/2011 00:00,752,573.8454396,709,148,325,301
01/08/2011 00:00,750,571.7655244,716,160,321,276
02/08/2011 00:00,749,519.5983291,719,133,356,260
03/08/2011 00:00,747,521.4094646,715,128,370,293
04/08/2011 00:00,746,554.945105,716,125,347,311
05/08/2011 00:00,743,550.1612363,719,122,329,273
06/08/2011 00:00,740,554.9124842,719,133,325,268
07/08/2011 00:00,739,548.7027416,718,118,308,241
08/08/2011 00:00,738,538.0689023,716,115,296,209
09/08/2011 00:00,736,528.8267523,712,130,299,195
10/08/2011 00:00,734,532.0782096,706,145,291,186
11/08/2011 00:00,733,530.68404,698,143,285,185
12/08/2011 00:00,729,510.6933946,691,117,289,183
13/08/2011 00:00,730,518.099671,683,113,286,202
14/08/2011 00:00,728,515.9757082,676,110,266,177
15/08/2011 00:00,725,523.1744375,673,107,254,175
16/08/2011 00:00,725,528.2368585,668,127,255,179
17/08/2011 00:00,721,504.6820816,666,108,279,193
18/08/2011 00:00,715,483.3269675,661,106,311,217
19/08/2011 00:00,713,502.5015693,664,104,327,271
20/08/2011 00:00,709,549.9412277,668,103,323,337
21/08/2011 00:00,704,557.4744914,683,118,288,267
22/08/2011 00:00,700,513.8964789,693,104,323,249
23/08/2011 00:00,697,522.8792776,694,103,345,298
24/08/2011 00:00,696,538.4033245,697,103,329,294
25/08/2011 00:00,694,532.5207497,703,102,356,321
26/08/2011 00:00,693,553.1687315,707,100,321,295
27/08/2011 00:00,690,540.1851553,710,100,308,250
28/08/2011 00:00,689,527.6119707,710,100,310,233
29/08/2011 00:00,689,548.4726329,709,101,308,264
30/08/2011 00:00,687,549.3230255,708,111,288,229
31/08/2011 00:00,685,539.6769531,709,106,279,201
01/09/2011 00:00,685,536.3520393,705,110,267,179
02/09/2011 00:00,685,532.8546039,697,140,263,159
03/09/2011 00:00,685,538.2204673,690,112,242,159
04/09/2011 00:00,683,514.4098734,680,110,254,153
05/09/2011 00:00,681,526.1460847,670,110,227,141
06/09/2011 00:00,678,481.3464651,660,108,247,114
07/09/2011 00:00,675,481.7530224,646,107,240,121
08/09/2011 00:00,673,508.1437929,634,130,224,139
09/09/2011 00:00,673,461.7158401,638,115,276,151
10/09/2011 00:00,671,517.5415796,648,134,283,229
11/09/2011 00:00,669,553.4059886,654,218,267,205
12/09/2011 00:00,665,543.8509609,665,245,296,207
13/09/2011 00:00,660,538.0565144,663,180,275,205
14/09/2011 00:00,656,484.5192836,658,131,289,176
15/09/2011 00:00,653,497.3516953,655,124,278,187
16/09/2011 00:00,650,482.5311111,646,120,279,178
17/09/2011 00:00,648,504.0750745,645,116,270,202
18/09/2011 00:00,647,468.6739812,643,114,296,190
19/09/2011 00:00,652,488.4028259,648,113,306,232
20/09/2011 00:00,653,516.7557621,657,112,285,234
21/09/2011 00:00,653,503.6760355,666,111,304,233
22/09/2011 00:00,655,502.4531508,670,109,295,213
23/09/2011 00:00,653,511.4011769,667,108,282,211
24/09/2011 00:00,653,532.9519507,663,185,278,199
25/09/2011 00:00,653,562.7144518,661,262,298,236
26/09/2011 00:00,652,519.4075375,662,142,282,210
27/09/2011 00:00,652,497.623385,665,135,288,185
28/09/2011 00:00,651,487.9603988,659,137,299,193
29/09/2011 00:00,651,485.6017177,652,123,296,201
30/09/2011 00:00,651,488.686032,651,118,284,191
01/10/2011 00:00,649,468.2252441,651,102,300,193
02/10/2011 00:00,647,477.0324008,651,101,307,219
03/10/2011 00:00,645,468.910004,650,128,330,228
04/10/2011 00:00,645,483.5921148,650,112,330,261
05/10/2011 00:00,645,468.056271,656,138,351,247
06/10/2011 00:00,644,514.2923697,665,159,330,265
07/10/2011 00:00,645,469.3253678,666,139,362,254
08/10/2011 00:00,647,512.9758752,667,113,338,300
09/10/2011 00:00,649,510.2048664,676,123,340,282
10/10/2011 00:00,650,513.2943808,683,131,347,285
11/10/2011 00:00,651,512.0255146,688,129,379,329
12/10/2011 00:00,659,521.6751398,696,183,391,322
13/10/2011 00:00,661,546.9096117,710,130,371,345
14/10/2011 00:00,663,535.6116947,726,106,397,363
15/10/2011 00:00,667,553.6459629,739,133,403,370
16/10/2011 00:00,676,609.3633839,756,130,363,377
17/10/2011 00:00,682,559.7893283,772,114,400,346
18/10/2011 00:00,691,582.0237147,786,110,412,386
19/10/2011 00:00,696,558.7836298,795,106,446,394
20/10/2011 00:00,702,586.8629057,801,102,429,407
21/10/2011 00:00,709,618.474363,812,85,398,405
22/10/2011 00:00,713,610.7305683,816,85,392,378
23/10/2011 00:00,717,604.8362865,822,86,386,351
24/10/2011 00:00,723,628.4556708,827,95,348,317
25/10/2011 00:00,727,624.9736466,829,99,332,281
26/10/2011 00:00,733,594.4522632,832,105,360,269
27/10/2011 00:00,738,598.3363647,833,93,362,284
28/10/2011 00:00,744,596.8757089,833,109,379,299
29/10/2011 00:00,754,626.1181943,833,94,370,340
30/10/2011 00:00,757,608.5816942,834,109,374,308
31/10/2011 00:00,762,617.8416166,835,112,383,334
01/11/2011 00:00,765,629.5456713,834,100,351,310
02/11/2011 00:00,769,617.9263481,833,97,334,267
03/11/2011 00:00,772,598.7918542,829,95,334,242
04/11/2011 00:00,774,611.2485661,827,93,345,283
05/11/2011 00:00,774,616.2282638,821,92,342,294
06/11/2011 00:00,774,615.1198314,818,112,330,265
07/11/2011 00:00,775,587.9587318,812,123,369,284
08/11/2011 00:00,777,584.214695,809,115,384,310
09/11/2011 00:00,778,596.0524169,809,125,399,347
10/11/2011 00:00,779,563.0757624,810,128,455,380
11/11/2011 00:00,779,620.312779,811,159,408,378
12/11/2011 00:00,781,653.8885011,813,221,389,363
13/11/2011 00:00,783,599.9809749,814,173,438,381
14/11/2011 00:00,784,560.7864108,817,120,473,401
15/11/2011 00:00,784,562.1799242,822,104,477,413
16/11/2011 00:00,786,612.5199496,825,110,435,420
17/11/2011 00:00,788,614.8951331,826,123,425,399
18/11/2011 00:00,788,603.1317718,837,131,450,402
19/11/2011 00:00,789,592.743399,846,121,485,436
20/11/2011 00:00,791,585.4788346,853,101,501,453
21/11/2011 00:00,793,609.0051061,858,108,488,460
22/11/2011 00:00,797,616.180032,862,124,486,454
23/11/2011 00:00,800,614.3472007,864,115,483,449
24/11/2011 00:00,802,636.5658536,869,223,506,452
25/11/2011 00:00,806,601.2179177,874,142,524,465
26/11/2011 00:00,810,608.6924758,879,102,510,472
27/11/2011 00:00,813,640.4260586,886,101,481,469
28/11/2011 00:00,817,627.3214721,891,103,497,466
29/11/2011 00:00,824,643.5970471,897,109,490,470
30/11/2011 00:00,833,627.6595182,901,101,509,474
01/12/2011 00:00,839,632.5978779,904,128,512,467
02/12/2011 00:00,845,645.4014642,906,148,510,470
03/12/2011 00:00,854,668.023013,906,152,487,467
04/12/2011 00:00,860,646.2881383,905,137,496,456
05/12/2011 00:00,864,663.5174673,905,169,493,460
06/12/2011 00:00,868,699.129442,908,236,479,452
07/12/2011 00:00,873,714.6049726,913,257,475,452
08/12/2011 00:00,876,683.5439217,920,226,501,453
09/12/2011 00:00,880,649.8646228,921,169,520,461
10/12/2011 00:00,885,653.1399548,921,150,513,466
11/12/2011 00:00,888,646.498148,922,141,516,464
12/12/2011 00:00,893,627.3833369,924,144,540,467
13/12/2011 00:00,897,627.1981633,929,142,549,476
14/12/2011 00:00,899,671.5357733,928,178,523,486
15/12/2011 00:00,904,659.8164898,927,165,532,490
16/12/2011 00:00,909,675.6133732,927,214,538,496
17/12/2011 00:00,912,675.9461904,926,200,535,501
18/12/2011 00:00,915,686.4552452,927,215,532,503
19/12/2011 00:00,917,684.8584101,927,205,530,503
20/12/2011 00:00,917,661.8776548,927,185,544,500
21/12/2011 00:00,917,660.445832,928,176,541,497
22/12/2011 00:00,916,681.2674689,930,159,512,492
23/12/2011 00:00,915,695.3568029,930,149,489,484
24/12/2011 00:00,914,702.9050244,930,126,454,454
25/12/2011 00:00,913,694.7511883,929,136,440,414
26/12/2011 00:00,911,667.0007654,926,121,442,385
27/12/2011 00:00,910,669.5227952,923,117,425,368
28/12/2011 00:00,911,676.3455096,917,123,402,346
29/12/2011 00:00,911,664.2527639,910,123,392,319
30/12/2011 00:00,910,650.6141281,909,118,395,306
31/12/2011 00:00,908,641.5102977,889,118,391,309
01/01/2012 00:00,906,444,875,132,380,294
02/01/2012 00:00,902,418,859,129,346,269
03/01/2012 00:00,897,415,846,129,345,244
04/01/2012 00:00,893,425,833,155,376,250
05/01/2012 00:00,888,431,813,145,344,258
06/01/2012 00:00,879,426,799,124,391,252
07/01/2012 00:00,872,419,785,132,384,293
08/01/2012 00:00,863,414,774,117,377,278
09/01/2012 00:00,855,409,765,130,398,279
10/01/2012 00:00,846,399,755,129,379,280
11/01/2012 00:00,838,392,748,113,377,267
12/01/2012 00:00,829,387,739,108,366,259
13/01/2012 00:00,819,380,731,107,366,255
14/01/2012 00:00,809,376,722,112,335,239
15/01/2012 00:00,799,370,713,108,362,221
16/01/2012 00:00,791,365,704,112,364,253
17/01/2012 00:00,781,358,695,109,351,244
18/01/2012 00:00,771,350,690,126,340,245
19/01/2012 00:00,760,344,683,144,346,247
20/01/2012 00:00,749,338,677,143,366,246
21/01/2012 00:00,739,345,674,160,370,257
22/01/2012 00:00,729,349,669,137,358,261
23/01/2012 00:00,719,351,666,133,366,253
24/01/2012 00:00,707,356,662,124,372,259
25/01/2012 00:00,697,360,658,137,429,298
26/01/2012 00:00,687,362,656,124,391,316
27/01/2012 00:00,676,366,659,122,382,284
28/01/2012 00:00,664,370,660,125,351,271
29/01/2012 00:00,655,376,655,118,371,252
30/01/2012 00:00,646,385,650,112,379,271
31/01/2012 00:00,637,393,645,111,412,294
01/02/2012 00:00,628,401,645,144,372,315
02/02/2012 00:00,619,408,646,117,360,278
03/02/2012 00:00,609,416,647,113,341,260
04/02/2012 00:00,602,426,640,119,339,246
05/02/2012 00:00,596,437,632,114,324,230
06/02/2012 00:00,590,444,626,195,357,220
07/02/2012 00:00,583,449,621,190,386,255
08/02/2012 00:00,576,443,619,235,381,280
09/02/2012 00:00,570,436,624,199,400,300
10/02/2012 00:00,565,429,625,158,366,280
11/02/2012 00:00,562,418,627,158,368,270
12/02/2012 00:00,559,408,627,165,380,287
13/02/2012 00:00,556,393,624,125,358,288
14/02/2012 00:00,551,388,624,120,350,257
15/02/2012 00:00,547,375,623,115,323,244
16/02/2012 00:00,542,366,618,104,302,205
17/02/2012 00:00,536,351,611,100,307,200
18/02/2012 00:00,531,339,601,100,285,200
19/02/2012 00:00,526,329,592,100,291,195
20/02/2012 00:00,518,319,587,106,283,188
21/02/2012 00:00,510,316,574,102,281,180
22/02/2012 00:00,502,317,567,104,276,175
23/02/2012 00:00,491,315,562,102,276,175
24/02/2012 00:00,483,314,555,100,251,172
25/02/2012 00:00,474,308,548,102,257,165
26/02/2012 00:00,466,302,541,110,279,168
27/02/2012 00:00,456,297,529,117,262,175
28/02/2012 00:00,444,294,525,108,252,180
29/02/2012 00:00,432,288,526,101,273,163
01/03/2012 00:00,423,281,520,179,271,152.4059679
02/03/2012 00:00,417,273,510,155,258,139.266973
03/03/2012 00:00,409,265,514,176,258,138.0121132
04/03/2012 00:00,400,255,515,194,259,137.4254488
05/03/2012 00:00,395,248,506,169,272,150.9284527
06/03/2012 00:00,389,237,502,135,291,171.713485
07/03/2012 00:00,384,238,507,118,291,174.3535339
08/03/2012 00:00,376,243,517,122,287,172.6367005
09/03/2012 00:00,374,249,527,131,281,168.1258037
10/03/2012 00:00,371,255,526,142,284,170.9415316
11/03/2012 00:00,371,262,524,222,273,153.6701891
12/03/2012 00:00,369,272,526,189,269,153.7371782
13/03/2012 00:00,368,282,532,172,287,175.3795604
14/03/2012 00:00,366,291,526,159,312,201.9021528
15/03/2012 00:00,365,302,518,161,285,174.2518168
16/03/2012 00:00,364,314,522,174,280,170.0078645
17/03/2012 00:00,362,326,530,195,320,211.4787676
18/03/2012 00:00,362,342,526,167,315,209.6259181
19/03/2012 00:00,365,344,525,170,295,188.9003117
20/03/2012 00:00,365,343,535,159,323,219.6689829
21/03/2012 00:00,367,350,545,171,335,232.9728919
22/03/2012 00:00,371,345,547,188,365,298
23/03/2012 00:00,373,343,554,184,380,356
24/03/2012 00:00,378,355,569,185,380,318
25/03/2012 00:00,384,374,590,190,371,316
26/03/2012 00:00,392,376,589,187,382,320
27/03/2012 00:00,403,379,589,197,431,364
28/03/2012 00:00,410,380,597,155,398,355
29/03/2012 00:00,416,384,611,143,407,338
30/03/2012 00:00,421,387,616,156,390,349
31/03/2012 00:00,426,391,613,194,373,347
01/04/2012 00:00,431,393,616,189,347,307
02/04/2012 00:00,435,397,617,172,358,307
03/04/2012 00:00,440,393,611,146,376,327
04/04/2012 00:00,443,383,617,144,389,327
05/04/2012 00:00,445,381,620,184,378,361
06/04/2012 00:00,449,392,623,158,362,332
07/04/2012 00:00,454,416,632,143,383,322
08/04/2012 00:00,459,438,632,163,401,355
09/04/2012 00:00,465,455,640,162,405,396
10/04/2012 00:00,474,461,654,156,398,390
11/04/2012 00:00,484,468,665,169,387,357
12/04/2012 00:00,494,475,674,168,403,358
13/04/2012 00:00,502,482,676,164,481,418
14/04/2012 00:00,507,487,687,147,457,430
15/04/2012 00:00,513,484,700,174,437,421
16/04/2012 00:00,521,480,710,172,401,383
17/04/2012 00:00,527,477,715,166,414,370
18/04/2012 00:00,531,474,719,173,395,384
19/04/2012 00:00,535,463,723,188,424,395
20/04/2012 00:00,543,464,726,167,446,406
21/04/2012 00:00,552,462,731,165,462,411
22/04/2012 00:00,559,466,735,191,466,429
23/04/2012 00:00,564,474,742,170,475,410
24/04/2012 00:00,571,480,748,150,500,433
25/04/2012 00:00,578,487,754,127,486,458
26/04/2012 00:00,582,495,760,122,439,451
27/04/2012 00:00,593,500,767,125,407,425
28/04/2012 00:00,601,507,773,132,399,407
29/04/2012 00:00,608,517,784,123,436,409
30/04/2012 00:00,615,517,785,130,420,403
01/05/2012 00:00,622,523,796,175,474,393
02/05/2012 00:00,629,531,796,176,473,437
03/05/2012 00:00,635,535,799,151,459,425
04/05/2012 00:00,639,539,802,143,439,422
05/05/2012 00:00,644,541,810,130,429,421
06/05/2012 00:00,650,546,817,138,465,441
07/05/2012 00:00,655,557,819,154,477,455
08/05/2012 00:00,660,564,821,153,475,468
09/05/2012 00:00,665,573,823,119,451,462
10/05/2012 00:00,671,572,824,112,449,458
11/05/2012 00:00,677,570,826,113,419,437
12/05/2012 00:00,681,565,827,114,410,417
13/05/2012 00:00,685,556,829,123,396,405
14/05/2012 00:00,689,550,830,159,394,374
15/05/2012 00:00,693,545,830,171,401,388
16/05/2012 00:00,698,530,830,139,390,368
17/05/2012 00:00,702,510,829,188,374,345
18/05/2012 00:00,706,514,828,171,365,337
19/05/2012 00:00,711,522,826,141,373,343
20/05/2012 00:00,716,532,824,146,376,363
21/05/2012 00:00,721,540,823,170,351,343
22/05/2012 00:00,725,543,820,182,381,326
23/05/2012 00:00,729,537,816,150,388,368
24/05/2012 00:00,731,530,813,124,364,365
25/05/2012 00:00,733,523,812,127,361,334
26/05/2012 00:00,733,514,812,119,346,322
27/05/2012 00:00,734,512,807,116,340,315
28/05/2012 00:00,735,513,799,123,333,278
29/05/2012 00:00,735,515,792,202,323,265
30/05/2012 00:00,735,514,781,187,295,250
31/05/2012 00:00,733,513,771,138,287,205
01/06/2012 00:00,732,511,758,157,289,200
02/06/2012 00:00,732,507,741,240,281,200
03/06/2012 00:00,731,506,729,166,300,214.2269858
04/06/2012 00:00,728,510,718,131,313,208
05/06/2012 00:00,724,508,708,109,328,215
06/06/2012 00:00,720,501,704,103,291,243
07/06/2012 00:00,714,492,699,101,303,196
08/06/2012 00:00,708,488,694,112,309,199
09/06/2012 00:00,699,477,675,157,295,208
10/06/2012 00:00,693,469,667,320,267,205
11/06/2012 00:00,686,461,660,230,258,201
12/06/2012 00:00,678,449,650,160,256,194
13/06/2012 00:00,669,430,638,138,276,180
14/06/2012 00:00,661,416,630,159,282,212
15/06/2012 00:00,653,414,635,147,314,212
16/06/2012 00:00,645,404,645,126,336,262
17/06/2012 00:00,639,397,650,116,322,318
18/06/2012 00:00,632,390,665,105,304,262
19/06/2012 00:00,626,381,676,115,288,245
20/06/2012 00:00,622,372,666,104,289,223
21/06/2012 00:00,618,370,659,115,271,223
22/06/2012 00:00,613,369,651,105,288,233
23/06/2012 00:00,609,377,647,103,272,225
24/06/2012 00:00,604,385,647,107,280,198
25/06/2012 00:00,601,381,642,112,259,199
26/06/2012 00:00,596,377,632,205,252,180
27/06/2012 00:00,591,369,629,169,250,180
28/06/2012 00:00,587,371,621,143,232,166
29/06/2012 00:00,580,360,614,140,236,151
30/06/2012 00:00,574,355,607,119,243,169
01/07/2012 00:00,569,350,597,141,268,174
02/07/2012 00:00,563,346,596,212,246,217
03/07/2012 00:00,554,355,596,200,293,173
04/07/2012 00:00,548,359,603,174,306,251
05/07/2012 00:00,542,363,595,170,308,249
06/07/2012 00:00,538,377,611,156,327,266
07/07/2012 00:00,532,387,619,130,303,269
08/07/2012 00:00,531,395,622,132,268,229
09/07/2012 00:00,530,408,623,154,248,179
10/07/2012 00:00,530,418,612,174,243,164
11/07/2012 00:00,527,428,593,142,237,161
12/07/2012 00:00,521,437,579,143,287,175
13/07/2012 00:00,514,444,577,118,270,242
14/07/2012 00:00,510,456,579,115,280,208
15/07/2012 00:00,505,465,597,121,278,237
16/07/2012 00:00,503,474,597,117,293,232
17/07/2012 00:00,503,475,601,134,289,234
18/07/2012 00:00,502,463,600,178,302,224
19/07/2012 00:00,499,457,597,222,264,233
20/07/2012 00:00,495,451,594,157,234,175
21/07/2012 00:00,492,445,594,118,233,152
22/07/2012 00:00,494,447,581,112,236,148
23/07/2012 00:00,491,455,562,133,222,139
24/07/2012 00:00,487,459,550,163,210,127
25/07/2012 00:00,480,467,542,176,257,123
26/07/2012 00:00,474,475,532,132,250,109
27/07/2012 00:00,468,480,525,121,243,163
28/07/2012 00:00,460,483,531,243,231,158
29/07/2012 00:00,451,487,529,194,230,146
30/07/2012 00:00,445,493,524,175,235,147
31/07/2012 00:00,445,502,528,166,267,168
01/08/2012 00:00,446,507,532,202,242,193
02/08/2012 00:00,448,512,545,191,266,193
03/08/2012 00:00,453,514,555,131,292,252
04/08/2012 00:00,458,517,555,115,301,240
05/08/2012 00:00,461,522,570,111,281,236
06/08/2012 00:00,461,529,576,117,303,235
07/08/2012 00:00,464,537,578,104,301,260
08/08/2012 00:00,469,539,580,92,266,230
09/08/2012 00:00,471,550,588,94,245,200
10/08/2012 00:00,472,557,587,94,231,161
11/08/2012 00:00,473,565,581,125,230,138
12/08/2012 00:00,474,569,569,116,231,138
13/08/2012 00:00,473,575,558,104,246,145
14/08/2012 00:00,472,581,558,161,240,183
15/08/2012 00:00,475,583,562,197,231,207
16/08/2012 00:00,483,588,579,125,241,166
17/08/2012 00:00,490,585,586,156,266,169
18/08/2012 00:00,497,583,580,193,254,201
19/08/2012 00:00,502,589,576,167,233,175
20/08/2012 00:00,505,594,581,122,257,172
21/08/2012 00:00,504,608,582,81,269,196
22/08/2012 00:00,507,614,578,78,247,195
23/08/2012 00:00,520,656,580,73,268,187
24/08/2012 00:00,525,673,584,68,296,238
25/08/2012 00:00,529,676,591,66,279,263
26/08/2012 00:00,531,670,604,171,282,253
27/08/2012 00:00,535,664,613,268,269,275
28/08/2012 00:00,541,660,614,190,244,225
29/08/2012 00:00,543,655,615,251,239,178
30/08/2012 00:00,546,654,610,283,245,168
31/08/2012 00:00,549,658,593,181,229,163
01/09/2012 00:00,551,655,581,139,249,143
02/09/2012 00:00,551,651,574,145,270,175
03/09/2012 00:00,550,644,562,185,289,193
04/09/2012 00:00,547,639,562,197,262,215
05/09/2012 00:00,544,633,571,170,270,185
06/09/2012 00:00,542,624,575,135,257,185
07/09/2012 00:00,542,616,568,120,270,185
08/09/2012 00:00,541,608,566,112,251,198
09/09/2012 00:00,541,601,567,114,214,156
10/09/2012 00:00,537,592,567,109,235,150.8344983
11/09/2012 00:00,533,579,553,109,239,145
12/09/2012 00:00,530,570,537,168,234,152
13/09/2012 00:00,526,565,536,152,218,156
14/09/2012 00:00,521,563,539,121,201,134
15/09/2012 00:00,517,551,536,101,200,108.6091476
16/09/2012 00:00,514,542,528,95,204,111.2460776
17/09/2012 00:00,507,535,514,87,190,110
18/09/2012 00:00,497,530,505,84,185,108
19/09/2012 00:00,490,522,499,84,224,103
20/09/2012 00:00,484,513,493,82,222,135
21/09/2012 00:00,479,376.7511039,496,80,234,148
22/09/2012 00:00,474,448.2156982,508,79,236,135.7015319
23/09/2012 00:00,472,480.6333259,524,84,217,121.8638115
24/09/2012 00:00,473,405.7811313,537,84,243,158
25/09/2012 00:00,477,433.6992928,545,80,232,178
26/09/2012 00:00,481,444.3884303,551,79,211,155
27/09/2012 00:00,482,449.1769381,558,103,214,145
28/09/2012 00:00,481,453.195902,557,106,231,178
29/09/2012 00:00,481,529.3107396,553,98,195,107.0470908
30/09/2012 00:00,480,569.6307174,553,179,184,93.36542809
01/10/2012 00:00,478,563,553,141,215,120
02/10/2012 00:00,474,570,541,109,257,148
03/10/2012 00:00,472,574,526,104,235,185
04/10/2012 00:00,469,578,529,96,241,169
05/10/2012 00:00,464,571,544,85,253,178
06/10/2012 00:00,460,560,544,135,270,222
07/10/2012 00:00,460,552,559,176,287,240
08/10/2012 00:00,460,541,572,173,283,277
09/10/2012 00:00,463,534,580,155,266,251
10/10/2012 00:00,470,527,592,127,267,243
11/10/2012 00:00,473,534,595,115,260,246
12/10/2012 00:00,477,539,598,105,237,217
13/10/2012 00:00,486,544,600,111,267,212
14/10/2012 00:00,489,544,595,91,284,281
15/10/2012 00:00,490,531,599,111,261,263
16/10/2012 00:00,492,523,613,119,276,280
17/10/2012 00:00,498,515,618,103,281,291
18/10/2012 00:00,505,504,629,124,276,288
19/10/2012 00:00,515,495,637,147,336,321
20/10/2012 00:00,521,481,645,125,365,329
21/10/2012 00:00,526,470,653,104,409,384
22/10/2012 00:00,531,462,663,113,379,406
23/10/2012 00:00,535,446,678,118,326,367
24/10/2012 00:00,542,446,692,104,351,330
25/10/2012 00:00,550,449,696,145,397,365
26/10/2012 00:00,554,441,701,128,403,392
27/10/2012 00:00,560,452,709,98,341,361
28/10/2012 00:00,562,580.5083368,716,96,293,293
29/10/2012 00:00,566,564.9153759,719,92,277,241
30/10/2012 00:00,572,528.1325555,713,89,300,227
31/10/2012 00:00,575,548.7429836,704,91,321,303
01/11/2012 00:00,579,443,701,87,307,313
02/11/2012 00:00,581,445,714,86,311,280
03/11/2012 00:00,583,453,717,85,313,264
04/11/2012 00:00,588,459,709,85,302,288
05/11/2012 00:00,591,453,704,86,326,262
06/11/2012 00:00,592,447,705,92,298,287
07/11/2012 00:00,593,441,701,90,269,237
08/11/2012 00:00,593,435,699,93,266,211
09/11/2012 00:00,594,428,687,89,269,200
10/11/2012 00:00,594,425,672,87,283,201
11/11/2012 00:00,594,419,661,90,323,221
12/11/2012 00:00,592,417,653,89,304,264
13/11/2012 00:00,590,424,655,110,306,258
14/11/2012 00:00,588,432,665,116,298,244
15/11/2012 00:00,585,444,666,128,304,248
16/11/2012 00:00,584,462,660,130,387,320
17/11/2012 00:00,586,480,664,106,405,377
18/11/2012 00:00,584,492,695,103,410,372
19/11/2012 00:00,585,507,711,98,397,396
20/11/2012 00:00,591,508,721,91,407,360
21/11/2012 00:00,593,500,727,76,395,358
22/11/2012 00:00,595,493,724,76,349,339
23/11/2012 00:00,596,488,727,89,326,304
24/11/2012 00:00,598,482,729,80,342,278
25/11/2012 00:00,599,478,722,76,323,276
26/11/2012 00:00,601,473,713,80,325,253
27/11/2012 00:00,602,467,706,78,356,253
28/11/2012 00:00,602,460,697,76,358,299
29/11/2012 00:00,602,453,689,75,351,302
30/11/2012 00:00,601,444,692,79,351,285
01/12/2012 00:00,599,437,693,90,346,309
02/12/2012 00:00,599,432,688,91,314,278
03/12/2012 00:00,598,445,689,90,313,245
04/12/2012 00:00,595,445,681,90,305,241
05/12/2012 00:00,593,440,668,86,314,218
06/12/2012 00:00,592,432,659,90,323,225
07/12/2012 00:00,589,421,649,90,293,221
08/12/2012 00:00,586,421,644,91,290,181
09/12/2012 00:00,581,408,639,95,290,179
10/12/2012 00:00,577,401,622,95,292,170
11/12/2012 00:00,569,398,611,92,299,181
12/12/2012 00:00,560,393,600,85,309,186
13/12/2012 00:00,552,388,594,87,288,200
14/12/2012 00:00,543,382,593,94,298,205
15/12/2012 00:00,539,377,596,89,328,226
16/12/2012 00:00,533,370,599,89,325,240
17/12/2012 00:00,529,385,603,104,298,216
18/12/2012 00:00,525,408,608,101,300,186
19/12/2012 00:00,522,435,600,145,313,185
20/12/2012 00:00,519,445,584,119,351,202
21/12/2012 00:00,510,437,578,107,322,241
22/12/2012 00:00,500,433,579,103,325,211
23/12/2012 00:00,491,437,586,103,300,217
24/12/2012 00:00,480,443,582,130,299,184
25/12/2012 00:00,476,447,581,116,347,184
26/12/2012 00:00,472,450,572,111,331,242
27/12/2012 00:00,468,454,564,179,306,225
28/12/2012 00:00,459,457,576,144,315,198
29/12/2012 00:00,452,457,578,111,309,201
30/12/2012 00:00,449,450,564,106,298,193
31/12/2012 00:00,443,445,554,104,293,182
01/01/2013 00:00,435,429,545,129,317,176
02/01/2013 00:00,428,423,538,122,317,198
03/01/2013 00:00,418,417,533,122,315,197
04/01/2013 00:00,408,408,529,124,271,191
05/01/2013 00:00,399,402,529,124,263,138
06/01/2013 00:00,393,393,527,123,236,129
07/01/2013 00:00,389,385,503,120,227,95
08/01/2013 00:00,381,380,487,116,235,86
09/01/2013 00:00,368,375,471,114,231,95
10/01/2013 00:00,352,370,451,112,220,88
11/01/2013 00:00,337,363,444,110,241,74
12/01/2013 00:00,325,357,436,107,242,104
13/01/2013 00:00,309,350,426,107,224,99
14/01/2013 00:00,298,340,429,107,223,80
15/01/2013 00:00,288,333,432,107,218,82
16/01/2013 00:00,280,333,419,106,207,73
17/01/2013 00:00,273,339,412,104,242,69
18/01/2013 00:00,267,345,408,106,235,105
19/01/2013 00:00,258,347,403,110,233,97
20/01/2013 00:00,249,340,413,112,232,99
21/01/2013 00:00,243,335,416,111,257,99
22/01/2013 00:00,241,345,412,108,238,123
23/01/2013 00:00,239,356,414,105,243,104
24/01/2013 00:00,235,367,418,103,245,109
25/01/2013 00:00,232,376,420,103,249,115
26/01/2013 00:00,232,381,415,105,239,125
27/01/2013 00:00,233,377,418,110,240,120
28/01/2013 00:00,230,371,427,108,260,124
29/01/2013 00:00,227,365,428,106,261,137
30/01/2013 00:00,220,358,426,103,244,136
31/01/2013 00:00,220,357,428,102,231,113
01/02/2013 00:00,219,367,428,129.8706348,252,100
02/02/2013 00:00,215,378,421,125.8255005,258,148
03/02/2013 00:00,211,374,407,123.934671,253,150
04/02/2013 00:00,207,366,417,119.5059459,235,134
05/02/2013 00:00,203,370,435,195,257,137
06/02/2013 00:00,200,381,435,137,282,159
07/02/2013 00:00,209,393,428,135,304,197
08/02/2013 00:00,223,407,438,132,302,209
09/02/2013 00:00,230,414,465,144,312,205
10/02/2013 00:00,231,419,483,150,314,248
11/02/2013 00:00,239,417,490,141,345,229
12/02/2013 00:00,252,413,508,158,392,258
13/02/2013 00:00,262,406,515,159,369,297
14/02/2013 00:00,272,405,525,187,387,269
15/02/2013 00:00,280,400,543,168,388,293
16/02/2013 00:00,289,393,543,157,371,282
17/02/2013 00:00,294,387,544,147,342,259
18/02/2013 00:00,302,380,548,187,359,251
19/02/2013 00:00,304,382,541,179,330,251
20/02/2013 00:00,305,387,535,163,318,219
21/02/2013 00:00,305,392,537,155,335,218
22/02/2013 00:00,304,390,527,153,329,220
23/02/2013 00:00,303,382,520,147,338,221
24/02/2013 00:00,300,375,518,140,340,221
25/02/2013 00:00,299,368,513,141,355,240
26/02/2013 00:00,297,371,513,138,310,230
27/02/2013 00:00,294,377,515,133,318,197
28/02/2013 00:00,292,385,519,139,333,213
01/03/2013 00:00,293,384,508,130,332,220
02/03/2013 00:00,294,377,509,183,331,232
03/03/2013 00:00,292,375,516,160,326,218
04/03/2013 00:00,293,391,523,152,340,208
05/03/2013 00:00,299,408,524,168,341,216
06/03/2013 00:00,303,405,519,161,310,205
07/03/2013 00:00,305,394,522,151,317,197
08/03/2013 00:00,305,391,524,144,326,224
09/03/2013 00:00,305,392,514,143,300,200
10/03/2013 00:00,304,387,515,152,292,204
11/03/2013 00:00,301,386,515,152,268,195
12/03/2013 00:00,302,393,507,146,292,190
13/03/2013 00:00,302,403,509,143,306,193
14/03/2013 00:00,302,420,501,140,283,207
15/03/2013 00:00,302,459,507,113,310,218
16/03/2013 00:00,302,475,514,157,388,285
17/03/2013 00:00,305,459,527,150,381,305
18/03/2013 00:00,315,431,549,144,382,291
19/03/2013 00:00,328,408,569,188,378,293
20/03/2013 00:00,337,391,571,165,357,285
21/03/2013 00:00,346,379,578,159,393,295
22/03/2013 00:00,351,368,582,154,372,315
23/03/2013 00:00,353,361,586,148,342,270
24/03/2013 00:00,358,355,591,144,372,281.0774152
25/03/2013 00:00,362,348,586,134.4534375,378,273
26/03/2013 00:00,364,341,577,124.375496,356,289
27/03/2013 00:00,364,334,583,125.6272126,343,248
28/03/2013 00:00,361,326,589,124.3987146,341,245
29/03/2013 00:00,362,318,583,128.5938831,354,240
30/03/2013 00:00,364,313,576,126.7281651,344,229
31/03/2013 00:00,362,316,574,118.1441089,309,215
01/04/2013 00:00,360,320,575,105,280,200
02/04/2013 00:00,360,313,570,103,301,192
03/04/2013 00:00,360,304,564,105,292,232
04/04/2013 00:00,361,308,560,100,283,202
05/04/2013 00:00,364,315,561,85,285,182
06/04/2013 00:00,363,322,557,73,311,190
07/04/2013 00:00,363,328,549,72,286,208
08/04/2013 00:00,362,333,541,78,292,199
09/04/2013 00:00,358,330,544,69,317,211
10/04/2013 00:00,355,322,543,70,302,238
11/04/2013 00:00,353,316,541,68,301,229
12/04/2013 00:00,351,310,549,74,300,216
13/04/2013 00:00,349,307,549,73,287,212
14/04/2013 00:00,350,313,547,68,277,198
15/04/2013 00:00,350,324,543,145,279,190
16/04/2013 00:00,348,332,536,140,267,190
17/04/2013 00:00,345,338,534,105,273,178
18/04/2013 00:00,345,351,532,178,292,192
19/04/2013 00:00,346,358,531,184,325,214
20/04/2013 00:00,348,369,534,198,343,261
21/04/2013 00:00,351,374,538,145,367,276
22/04/2013 00:00,353,379,555,190,413,351
23/04/2013 00:00,356,385,580,199,392,333
24/04/2013 00:00,362,392,608,133,369,306
25/04/2013 00:00,373,396,611,103,393,296
26/04/2013 00:00,383,393,606,85,363,305
27/04/2013 00:00,390,401,605,90,352,280
28/04/2013 00:00,392,404,613,99,353,271
29/04/2013 00:00,396,406,617,90,347,292
30/04/2013 00:00,401,408,615,95,344,265
01/05/2013 00:00,406,411,616,95,332,267
02/05/2013 00:00,411,416,617,103,341,258
03/05/2013 00:00,415,417,620,97,391,313
04/05/2013 00:00,419,423,628,99,398,378
05/05/2013 00:00,423,435,650,120,441,372
06/05/2013 00:00,432,443,675,99,424,418
07/05/2013 00:00,443,454,682,122,431,390
08/05/2013 00:00,454,466,699,162,390,371
09/05/2013 00:00,464,469,705,138,409,327
10/05/2013 00:00,472,460,711,128,433,361
11/05/2013 00:00,481,452,710,145,398,359
12/05/2013 00:00,486,443,718,160,340,295
13/05/2013 00:00,491,434,716,141,362,254
14/05/2013 00:00,497,437,707,138,360,275
15/05/2013 00:00,500,445,700,178,353,279
16/05/2013 00:00,501,450,700,158,353,270
17/05/2013 00:00,504,456,695,223,424,304
18/05/2013 00:00,507,466,696,157,449,383
19/05/2013 00:00,515,473,698,174,401,341
20/05/2013 00:00,521,466,702,146,388,335
21/05/2013 00:00,524,460,713,203,402,344
22/05/2013 00:00,529,467,715,185,448,373
23/05/2013 00:00,531,472,721,138,469,415
24/05/2013 00:00,537,485,730,121,471,435
25/05/2013 00:00,541,489,740,111,477,430
26/05/2013 00:00,547,495,751,179,463,415
27/05/2013 00:00,554,496,761,182,445,406
28/05/2013 00:00,562,502,768,181,427,380
29/05/2013 00:00,569,506,771,176,411,363
30/05/2013 00:00,573,502,775,145,416,343
31/05/2013 00:00,577,510,777,180,423,374
01/06/2013 00:00,585,511,779,158,419,386
02/06/2013 00:00,593,502,781,141,413,356
03/06/2013 00:00,599,488,783,131,393,331
04/06/2013 00:00,605,481,786,127,378,306
05/06/2013 00:00,609,480,787,156,338,278
06/06/2013 00:00,613,473,786,137,325,244
07/06/2013 00:00,616,463,782,131,316,233
08/06/2013 00:00,621,448,774,176,326,219
09/06/2013 00:00,622,419,763,206,316,218
10/06/2013 00:00,622,410,751,189,311,207
11/06/2013 00:00,623,393,739,195,321,210
12/06/2013 00:00,623,388,727,175,315,227
13/06/2013 00:00,623,397,716,184,329,232
14/06/2013 00:00,622,412,712,160,330,260
15/06/2013 00:00,623,420,710,160,344,252
16/06/2013 00:00,626,428,715,160,319,263
17/06/2013 00:00,627,437,715,146,328,247
18/06/2013 00:00,627,438,710,140,333,244
19/06/2013 00:00,625,438,708,176,322,221
20/06/2013 00:00,623,436,701,165,313,217
21/06/2013 00:00,620,437,696,134,319,228
22/06/2013 00:00,617,425,693,124,301,226
23/06/2013 00:00,614,414,687,124,300,198
24/06/2013 00:00,609,410,683,117,306,200
25/06/2013 00:00,605,414,675,120,291,200
26/06/2013 00:00,603,421,663,105,270,194
27/06/2013 00:00,600,433,657,104,267,176
28/06/2013 00:00,597,439,658,133,311,176
29/06/2013 00:00,594,438,655,119.786305,304,249
30/06/2013 00:00,592,437,642,123.2255231,306,233
01/07/2013 00:00,590,436,652,124.3327494,318,248
02/07/2013 00:00,588,433,634.4174763,129.9709448,333,244
03/07/2013 00:00,587,427,664,150,338,263
04/07/2013 00:00,585,427,665,120,316,250
05/07/2013 00:00,583,431,663,115,313,221
06/07/2013 00:00,581,433,664,170,292,217
07/07/2013 00:00,578,427,660,163,299,198
08/07/2013 00:00,573,422,651,150,280,203
09/07/2013 00:00,569,417,643,213,314,197
10/07/2013 00:00,563,408,634,227,285,215
11/07/2013 00:00,559,397,627,166,268,170
12/07/2013 00:00,552,390,623,180,266,159
13/07/2013 00:00,547,384,621,168,305,151
14/07/2013 00:00,541,377,608,158,315,197
15/07/2013 00:00,534,370,595,195,302,197
16/07/2013 00:00,528,361,586,274,305,185
17/07/2013 00:00,516,350,591,299,290,186
18/07/2013 00:00,506,339,591,271,301,174
19/07/2013 00:00,498,336,584,210,325,190
20/07/2013 00:00,490,343,587,181,304,226
21/07/2013 00:00,484,350,582,170,308,196
22/07/2013 00:00,479,350,581,159,313,195
23/07/2013 00:00,472,344,587,147,304,210
24/07/2013 00:00,469,338,581,127,301,196
25/07/2013 00:00,464,334,576,120,303,185
26/07/2013 00:00,460,341,576,233,304,182
27/07/2013 00:00,456,349,572,149,288,183
28/07/2013 00:00,450,350,565,119,286,161
29/07/2013 00:00,444,345,559,181,256,157
30/07/2013 00:00,439,351,555,174,267,137
31/07/2013 00:00,430,346,546,144,278,163
01/08/2013 00:00,423,347,539,153,284,182
02/08/2013 00:00,419,352,527,176,275,196
03/08/2013 00:00,416,357,526,195,295,196
04/08/2013 00:00,416,363,534,195,271,214
05/08/2013 00:00,416,380,543,172,279,182
06/08/2013 00:00,416,396,543,153,265,197
07/08/2013 00:00,416,404,547,158,278,176
08/08/2013 00:00,420,409,537,168,259,182
09/08/2013 00:00,419,415,533,127,255,170
10/08/2013 00:00,412,420,533,148,263,175
11/08/2013 00:00,410,425,531,146,294,204
12/08/2013 00:00,411,433,533,105,321,260
13/08/2013 00:00,413,438,539,119,336,285
14/08/2013 00:00,416,441,561,129,367,293
15/08/2013 00:00,422,447,588,174,326,307
16/08/2013 00:00,444,453,603,223,297,256
17/08/2013 00:00,457,459,613,186,330,236
18/08/2013 00:00,464,466,620,164,351,241
19/08/2013 00:00,468,463,613,137,321,283
20/08/2013 00:00,472,458,612,118,317,262
21/08/2013 00:00,475,450,618,175,328,269
22/08/2013 00:00,481,454,630,165,316,275
23/08/2013 00:00,487,466,633,146,322,251
24/08/2013 00:00,493,474,636,120,325,278
25/08/2013 00:00,497,470,639,111,312,266
26/08/2013 00:00,499,465,638,124,286,240
27/08/2013 00:00,503,467,642,167,268,215
28/08/2013 00:00,511,477,647,175,277,193
29/08/2013 00:00,515,481,648,205,273,186
30/08/2013 00:00,522,485,647,161,255,195
31/08/2013 00:00,528,489,643,115,285,167
01/09/2013 00:00,530,494,639,155,303,189
02/09/2013 00:00,531,498,636,132,271,203
03/09/2013 00:00,532,505,632,113,299,173
04/09/2013 00:00,536,511,630,110,339,229
05/09/2013 00:00,541,518,633,114,311,256
06/09/2013 00:00,543,513,630,116,312,240
07/09/2013 00:00,546,502,637,109,335,246
08/09/2013 00:00,548,493,650,110,322,265
09/09/2013 00:00,552,486,650,130,320,252
10/09/2013 00:00,556,478,658,163,309,267
11/09/2013 00:00,559,471,665,130,314,250
12/09/2013 00:00,563,465,667,114,314,258
13/09/2013 00:00,565,455,671,98,310,259
14/09/2013 00:00,569,446,671,100,336,274
15/09/2013 00:00,571,439,673,118,293,268
16/09/2013 00:00,573,444,678,131,263,213
17/09/2013 00:00,576,450,679,118,268,193
18/09/2013 00:00,576,457,677,150,282,189
19/09/2013 00:00,577,465,669,143,286,210
20/09/2013 00:00,577,474,665,189,261,195
21/09/2013 00:00,576,479,661,154,248,157
22/09/2013 00:00,577,479,660,140,254,143
23/09/2013 00:00,578,473,655,115,271,148
24/09/2013 00:00,578,467,642,113,269,191
25/09/2013 00:00,578,460,630,100,262,192
26/09/2013 00:00,577,454,624,149,285,171
27/09/2013 00:00,578,447,629,165,291,208
28/09/2013 00:00,578,440,632,138,293,211
29/09/2013 00:00,577,433,625,133,321,256
30/09/2013 00:00,575,428,632,165,306,258
01/10/2013 00:00,572,425,642,130,318,287
02/10/2013 00:00,572,418,656,130,354,317
03/10/2013 00:00,573,411,667,121,336,301
04/10/2013 00:00,576,404,680,139,329,293
05/10/2013 00:00,583,397,691,134,332,295
06/10/2013 00:00,584,389,694,123,301,285
07/10/2013 00:00,586,384,692,100,284,228
08/10/2013 00:00,587,375,694,115,277,210
09/10/2013 00:00,587,368,692,104,295,203
10/10/2013 00:00,587,364,680,126,292,221
11/10/2013 00:00,587,369,670,119,299,237
12/10/2013 00:00,587,378,665,120,301,273
13/10/2013 00:00,585,386,663,118,326,248
14/10/2013 00:00,582,393,665,105,342,320
15/10/2013 00:00,580,402,671,106,327,285
16/10/2013 00:00,583,413,677,100,343,346
17/10/2013 00:00,589,425,695,123,381,350
18/10/2013 00:00,591,436,702,105,363,348
19/10/2013 00:00,594,447,708,87,356,310
20/10/2013 00:00,595,456,716,84,344,291
21/10/2013 00:00,597,462,721,95,354,265
22/10/2013 00:00,599,458,723,100,377,310
23/10/2013 00:00,600,461,732,109,382,304
24/10/2013 00:00,602,459,737,103,347,282
25/10/2013 00:00,603,453,742,93,331,259
26/10/2013 00:00,604,447,743,87,317,233
27/10/2013 00:00,606,443,743,95,310,226
28/10/2013 00:00,608,447,738,95,331,243
29/10/2013 00:00,609,455,731,98,348,264
30/10/2013 00:00,610,466,722,99,314,256
31/10/2013 00:00,612,474,718,99,302,220
01/11/2013 00:00,616,477,724,104,310,249
02/11/2013 00:00,617,483,723,96,318,234
03/11/2013 00:00,618,488,715,119,330,236
04/11/2013 00:00,619,493,715,108,317,250
05/11/2013 00:00,618,498,708,118,350,236
06/11/2013 00:00,618,504,701,138,361,295
07/11/2013 00:00,619,514,701,109,383,301
08/11/2013 00:00,622,523,713,137,384,373
09/11/2013 00:00,625,529,728,105,407,333
10/11/2013 00:00,628,534,743,87,393,343
11/11/2013 00:00,631,540,751,83,368,318
12/11/2013 00:00,633,539,754,125,393,295
13/11/2013 00:00,635,530,757,111,365,301
14/11/2013 00:00,635,521,757,87,361,277
15/11/2013 00:00,637,512,755,113,346,291
16/11/2013 00:00,638,506,754,95,344,256
17/11/2013 00:00,639,497,751,73,319,246
18/11/2013 00:00,639,489,748,93,308,211
19/11/2013 00:00,639,483,741,116,324,230
20/11/2013 00:00,636,478,732,104,321,278
21/11/2013 00:00,635,470,722,132,334,252
22/11/2013 00:00,633,464,720,105,321,251
23/11/2013 00:00,632,456,725,113,368,240
24/11/2013 00:00,631,450,721,145,378,279
25/11/2013 00:00,631,453,715,152,377,333
26/11/2013 00:00,630,451,712,155,358,342
27/11/2013 00:00,630,460,719,130,351,281
28/11/2013 00:00,630,467,732,114,351,283
29/11/2013 00:00,631,474,736,131,359,307
30/11/2013 00:00,632,487,731,132,372,256
01/12/2013 00:00,631,496,736,146,410,291
02/12/2013 00:00,630,509,735,157,437,334
03/12/2013 00:00,629,514,741,208,462,360
04/12/2013 00:00,629,510,748,153,475,381
05/12/2013 00:00,629,506,751,161,460,386
06/12/2013 00:00,630,501,754,123,424,364
07/12/2013 00:00,631,496,759,123,431,332
08/12/2013 00:00,631,492,759,164,467,373
09/12/2013 00:00,631,487,757,145,491,412
10/12/2013 00:00,630,490,760,119,492,424
11/12/2013 00:00,630,497,764,113,463,401
12/12/2013 00:00,630,503,769,100,415,366
13/12/2013 00:00,631,508,772,105,392,319
14/12/2013 00:00,631,512,768,104,396,327
15/12/2013 00:00,630,509,763,95,381,292
16/12/2013 00:00,630,503,762,88,362,279
17/12/2013 00:00,629,497,758,111,381,266
18/12/2013 00:00,628,492,749,143,385,292
19/12/2013 00:00,627,487,739,125,390,326
20/12/2013 00:00,626,481,742,138,356,316
21/12/2013 00:00,625,476,745,115,351,257
22/12/2013 00:00,623,473,739,202,334,240
23/12/2013 00:00,621,469,725,220,332,209
24/12/2013 00:00,619,465,711,176,377,218
25/12/2013 00:00,614,462,694,131,409,275
26/12/2013 00:00,609,458,682,128,408,303
27/12/2013 00:00,604,455,690,113,385,288
28/12/2013 00:00,600,451,701,109,373,260
29/12/2013 00:00,596,448,698,112,358,247
30/12/2013 00:00,593,445,691,100,343,256
31/12/2013 00:00,589,441,674,70,305,211
01/01/2014 00:00,583,443,660,62,314,166
02/01/2014 00:00,574,448,657,70,305,179
03/01/2014 00:00,566,452,642,60,337,170
04/01/2014 00:00,554,455,621,61,326,201
05/01/2014 00:00,542,451,613,89,295,183
06/01/2014 00:00,533,447,605,100,295,146
07/01/2014 00:00,527,444,606,77,349,189
08/01/2014 00:00,518,438,600,63,300,224
09/01/2014 00:00,508,434,583,60,319,178
10/01/2014 00:00,499,431,592,79,357,214
11/01/2014 00:00,489,427,604,125,369,251
12/01/2014 00:00,484,418,593,177,366,262
13/01/2014 00:00,481,411,595,130,364,245
14/01/2014 00:00,482,407,604,107,371,246
15/01/2014 00:00,478,398,609,100,349,243
16/01/2014 00:00,469,390,606,80,341,218
17/01/2014 00:00,464,388,601,70,346,210
18/01/2014 00:00,459,385,598,60,306,212
19/01/2014 00:00,454,383,590,60,290,163
20/01/2014 00:00,448,385,583,55,279,146
21/01/2014 00:00,438,391,578,59,283,128
22/01/2014 00:00,428,396,561,61,289,132
23/01/2014 00:00,418,393,543,59,306,146
24/01/2014 00:00,408,387,531,56,308,183
25/01/2014 00:00,398,390,525,50,291,169
26/01/2014 00:00,390,397,528,52,273,140
27/01/2014 00:00,386,405,539,135.077846,284,125
28/01/2014 00:00,380,407,537,115,274,141
29/01/2014 00:00,378,410,520,95,270,123
30/01/2014 00:00,369,412,506,88,297,128
31/01/2014 00:00,358,412,505,86,305,190
01/02/2014 00:00,350,408,498,80,291,183
02/02/2014 00:00,345,409,495,82,290,156
03/02/2014 00:00,341,411,511,80,312,154
04/02/2014 00:00,341,415,518,77,307,186
05/02/2014 00:00,342,421,507,72,303,175
06/02/2014 00:00,339,423,500,71,286,170
07/02/2014 00:00,334,417,507,86,300,145
08/02/2014 00:00,335,413,511,60,308,161
09/02/2014 00:00,337,409,505,66,306,170
10/02/2014 00:00,334,413,494,70,301,165
11/02/2014 00:00,329,422,490,74,309,163
12/02/2014 00:00,326,430,495,80,308,178
13/02/2014 00:00,326,438,496,88,283,173
14/02/2014 00:00,324,414,494,89,294,146
15/02/2014 00:00,321,419,498,96,295,174
16/02/2014 00:00,317,434,500,87,265,158
17/02/2014 00:00,314,439,490,91,277,128
18/02/2014 00:00,314,424,493,88,299,172
19/02/2014 00:00,313,422,494,115,308,173
20/02/2014 00:00,309,423,478,116,310,194
21/02/2014 00:00,303,428,485,119,308,185
22/02/2014 00:00,300,433,493,150,311,188
23/02/2014 00:00,301,427,501,118,312,220
24/02/2014 00:00,303,436,507,105,338,200
25/02/2014 00:00,299,442,508,95,357,230
26/02/2014 00:00,302,449,518,90,379,285
27/02/2014 00:00,312,459,518,99,340,269
28/02/2014 00:00,321,470,525,115,400,251
01/03/2014 00:00,327,492,550,145,374,344
02/03/2014 00:00,339,513,563,155,370,296
03/03/2014 00:00,354,523,567,145,357,301
04/03/2014 00:00,367,529,594,150,374,275
05/03/2014 00:00,379,525,599,166,394,285
06/03/2014 00:00,386,518,599,142,405,307
07/03/2014 00:00,385,513,593,160,381,322
08/03/2014 00:00,383,513,592,121,381,297
09/03/2014 00:00,384,515,599,165,419,354
10/03/2014 00:00,386,525,608,140,394,358
11/03/2014 00:00,388,544,610,118,389,322
12/03/2014 00:00,395,539,626,120,394,302
13/03/2014 00:00,405,534,636,132,389,303
14/03/2014 00:00,410,528,629,113,371,302
15/03/2014 00:00,409,522,621,79,383,283
16/03/2014 00:00,403,513,617,110,366,283
17/03/2014 00:00,400,505,618,144,387,284
18/03/2014 00:00,398,494,613,167,398,300
19/03/2014 00:00,398,490,609,120,403,311
20/03/2014 00:00,395,485,610,152,367,297
21/03/2014 00:00,392,476,612,192,355,269
22/03/2014 00:00,392,468,616,205,370,273
23/03/2014 00:00,393,460,613,134,361,278
24/03/2014 00:00,392,454,606,167,381,270
25/03/2014 00:00,390,446,605,119,351,281
26/03/2014 00:00,387,440,606,109,363,265
27/03/2014 00:00,389,436,607,185,379,302
28/03/2014 00:00,385,446,610,134,351,291
29/03/2014 00:00,385,457,612,95,334,251
30/03/2014 00:00,391,461,616,85,309,226
31/03/2014 00:00,392,458,616,85,301,190
01/04/2014 00:00,390,454,608,89,321,189
02/04/2014 00:00,383,447,596,80,309,199
03/04/2014 00:00,374,437,578,168,313,184
04/04/2014 00:00,365,443,566,165,313,193
05/04/2014 00:00,359,452,561,270,304,190
06/04/2014 00:00,353,446,550,320,292,184
07/04/2014 00:00,350,448,545,237,292,165
08/04/2014 00:00,344,451,544,205,290,176
09/04/2014 00:00,341,456,539,165,270,156
10/04/2014 00:00,340,460,533,125,267,134
11/04/2014 00:00,337,464,530,169,272,131
12/04/2014 00:00,335,457,520,152,298,143
13/04/2014 00:00,329,457,502,100,301,175
14/04/2014 00:00,320,462,491,100,294,176
15/04/2014 00:00,309,467,488,142,304,177
16/04/2014 00:00,304,470,497,160,309,191
17/04/2014 00:00,300,477,500,139,302,210
18/04/2014 00:00,305,516,501,115,305,193
19/04/2014 00:00,309,536,509,125,316,190
20/04/2014 00:00,317,537,522,170,328,212
21/04/2014 00:00,325,541,527,142,334,233
22/04/2014 00:00,339,547,524,187,324,234
23/04/2014 00:00,342,555,532,183,330,250
24/04/2014 00:00,348,571,542,190,350,242
25/04/2014 00:00,359,590,545,147,375,325
26/04/2014 00:00,367,614,554,185.5853335,470,334
27/04/2014 00:00,383,629,564,163.5003365,423,387
28/04/2014 00:00,393,631,593,166.0603835,412,343
29/04/2014 00:00,403,637,616,172.2752594,427,333
30/04/2014 00:00,415,644,639,153,427,349
01/05/2014 00:00,428,649,646,140,440,347
02/05/2014 00:00,435,661,647,170,417,362
03/05/2014 00:00,441,676,651,165,438,347
04/05/2014 00:00,446,685,660,141,410,359
05/05/2014 00:00,452,693,669,126,391,358
06/05/2014 00:00,460,690,671,150,411,321
07/05/2014 00:00,466,691,677,162,378,335
08/05/2014 00:00,470,709,681,258,435,314
09/05/2014 00:00,473,728,683,250,456,372
10/05/2014 00:00,482,741,686,177,450,412
11/05/2014 00:00,490,753,689,266,491,392
12/05/2014 00:00,496,765,703,255,478,423
13/05/2014 00:00,504,781,718,285,461,394
14/05/2014 00:00,518,790,725,189.2185672,472,398
15/05/2014 00:00,525,794,732,159,451,400
16/05/2014 00:00,530,797,737,263,416,384
17/05/2014 00:00,532,799,740,185,412,343
18/05/2014 00:00,536,797,745,140,419,341
19/05/2014 00:00,541,794,749,164,406,341
20/05/2014 00:00,546,788,747,192,380,321
21/05/2014 00:00,548,780,746,136,384,297
22/05/2014 00:00,549,771,748,124,369,315
23/05/2014 00:00,550,759,748,116,375,288
24/05/2014 00:00,550,742,745,117,433,319
25/05/2014 00:00,550,722,746,110,403,354
26/05/2014 00:00,550,706,747,110,374,290
27/05/2014 00:00,550,689,748,117,347,264
28/05/2014 00:00,549,675,750,112,327,228
29/05/2014 00:00,545,658,749,113,333,201
30/05/2014 00:00,543,646,740,115,368,243
31/05/2014 00:00,540,634,730,115,364,271
01/06/2014 00:00,540,641,719,115,333,256
02/06/2014 00:00,538,656,719,112,336,217
03/06/2014 00:00,535,669,723,169,358,229
04/06/2014 00:00,535,681,716,190,348,248
05/06/2014 00:00,534,692,705,161,329,231
06/06/2014 00:00,532,710,701,330,342,222
07/06/2014 00:00,531,725,700,265,324,221
08/06/2014 00:00,530,736,694,360,358,227
09/06/2014 00:00,530,744,689,193,344,250
10/06/2014 00:00,531,757,687,201,368,230
11/06/2014 00:00,532,763,682,199,366,258
12/06/2014 00:00,530,771,682,160,345,250
13/06/2014 00:00,531,776,676,181,351,228
14/06/2014 00:00,533,773,678,208,329,248
15/06/2014 00:00,531,773,673,270,337,228
16/06/2014 00:00,530,767,663,191,338,262
17/06/2014 00:00,530,760,657,165,347,238
18/06/2014 00:00,530,755,649,179,337,243
19/06/2014 00:00,527,747,650,177,322,227
20/06/2014 00:00,524,736,643,158,321,207
21/06/2014 00:00,524,722,636,144,344,216
22/06/2014 00:00,516,703,626,177,350,241
23/06/2014 00:00,510,682,614,145,327,240
24/06/2014 00:00,505,677,609,170,325,216
25/06/2014 00:00,503,681,612,238,336,223
26/06/2014 00:00,493,689,612,206,340,240
27/06/2014 00:00,489,694,602,166,318,233
28/06/2014 00:00,484,703,596,148,326,210
29/06/2014 00:00,479,690,597,220,297,212
30/06/2014 00:00,477,677,594,163.8300504,316,187
01/07/2014 00:00,477,661,583,161.3485159,328,218
02/07/2014 00:00,465,670,577,163,328,237
03/07/2014 00:00,459,674,571,186,300,241
04/07/2014 00:00,456,665,572,151,325,196
05/07/2014 00:00,450,659,577,182,333,234
06/07/2014 00:00,445,655,578,159,300,245
07/07/2014 00:00,443,656,566,214,313,202
08/07/2014 00:00,439,654,569,375,310,218
09/07/2014 00:00,433,645,574,262,279,206
10/07/2014 00:00,430,628,561,215,277,161
11/07/2014 00:00,426,614,558,290,292,165
12/07/2014 00:00,419,606,551,378,318,180
13/07/2014 00:00,409,597,535,310,318,212
14/07/2014 00:00,398,590,526,360,343,215
15/07/2014 00:00,388,583,525,383,341,238
16/07/2014 00:00,381,575,531,231,364,240
17/07/2014 00:00,375,577,533,255,369,266
18/07/2014 00:00,372,577,541,253,364,266
19/07/2014 00:00,367,574,547,295,348,258
20/07/2014 00:00,371,570,554,195,327,239
21/07/2014 00:00,374,563,556,192,312,209
22/07/2014 00:00,372,561,555,210,308,194
23/07/2014 00:00,369,553,547,192,303,192
24/07/2014 00:00,366,547,534,160,302,187
25/07/2014 00:00,370,546,518,146,308,185
26/07/2014 00:00,367,547,512,138,307,191
27/07/2014 00:00,357,548,507,132,302,196
28/07/2014 00:00,344,557,498,133,291,194
29/07/2014 00:00,338,559,498,144,277,171
30/07/2014 00:00,335,554,500,165,244,150
31/07/2014 00:00,338,553,496,183,239,123
01/08/2014 00:00,329,547,484,157,233,160
02/08/2014 00:00,323,550,470,146,224,120
03/08/2014 00:00,319,559,457,142,220,92
04/08/2014 00:00,315,565,448,136,215,95
05/08/2014 00:00,313,575,444,128,271,90
06/08/2014 00:00,308,583,440,160,260,147
07/08/2014 00:00,299,601,438,192,267,144
08/08/2014 00:00,292,619,433,161,274,159
09/08/2014 00:00,299,634,445,158,261,165
10/08/2014 00:00,298,641,457,158,247,155
11/08/2014 00:00,332,646,463,141,266,149
12/08/2014 00:00,342,653,466,136,291,166
13/08/2014 00:00,351,660,469,195,260,186
14/08/2014 00:00,357,654,462,197,279,150
15/08/2014 00:00,361,661,467,168,288,169
16/08/2014 00:00,365,665,480,183,278,173
17/08/2014 00:00,371,657,481,180,278,160
18/08/2014 00:00,375,655,478,181,263,163
19/08/2014 00:00,370,654,483,211,264,157
20/08/2014 00:00,365,656,480,173,274,154
21/08/2014 00:00,367,653,482,154,315,159
22/08/2014 00:00,375,656,482,141,316,202
23/08/2014 00:00,379,652,480,131,303,220
24/08/2014 00:00,380,649,480,124,295,228
25/08/2014 00:00,379,649,493,118,305,209
26/08/2014 00:00,384,644,509,116,297,229
27/08/2014 00:00,394,644,521,127,262,202
28/08/2014 00:00,409,644,523,131,263,156
29/08/2014 00:00,421,660,527,132,289,169
30/08/2014 00:00,435,680,528,137,268,184
31/08/2014 00:00,449,696,516,124,249,148
01/09/2014 00:00,454,689,507,113,266,123
02/09/2014 00:00,456,674,512,109,280,141
03/09/2014 00:00,460,662,501,108,250,167
04/09/2014 00:00,457,646,481,106,268,126
05/09/2014 00:00,449,632,475,102,265,139
06/09/2014 00:00,441,618,482,99,253,148
07/09/2014 00:00,435,612,475,99,242,139
08/09/2014 00:00,432,602,465,141,229,117
09/09/2014 00:00,425,596,474,158,213,97
10/09/2014 00:00,416,584,471,143,207,89
11/09/2014 00:00,409,576,461,130,251,87
12/09/2014 00:00,401,565,449,136,288,143
13/09/2014 00:00,395,557,421,156,350,209
14/09/2014 00:00,389,563,432,140,368,276
15/09/2014 00:00,386,577,442,139,326,291
16/09/2014 00:00,391,581,484,131,285,244
17/09/2014 00:00,404,606,528,129,283,197
18/09/2014 00:00,425,623,555,121,309,205
19/09/2014 00:00,449,635,552,113,330,243
20/09/2014 00:00,460,641,540,118,343,262
21/09/2014 00:00,466,646,540,120,343,293
22/09/2014 00:00,471,652,552,120,383,283
23/09/2014 00:00,474,655,567,131,389,333
24/09/2014 00:00,485,651,585,122,378,345
25/09/2014 00:00,493,648,592,110,352,306
26/09/2014 00:00,500,642,636,102,346,285
27/09/2014 00:00,506,637,637,97,356,270
28/09/2014 00:00,512,627,633,95,328,260
29/09/2014 00:00,515,613,633,92,301,231
30/09/2014 00:00,515,602,629,88,279,218
01/10/2014 00:00,514,590,622,86,267,173
02/10/2014 00:00,512,581,615,85,272,153
03/10/2014 00:00,507,569,608,90,263,161
04/10/2014 00:00,502,554,591,134,241,146
05/10/2014 00:00,499,550,580,114,243,135
06/10/2014 00:00,493,565,575,103,243,137
07/10/2014 00:00,488,575,569,98,299,161
08/10/2014 00:00,486,583,564,94,309,251
09/10/2014 00:00,489,596,579,97,370,296
10/10/2014 00:00,499,614,609,130,397,396
11/10/2014 00:00,507,628,630,138,372,362
12/10/2014 00:00,518,639,668,156,362,346
13/10/2014 00:00,530,661,680,143,356,355
14/10/2014 00:00,541,674,684,138,372,338
15/10/2014 00:00,550,680,694,144,379,338
16/10/2014 00:00,555,681,694,161,382,330
17/10/2014 00:00,559,685,695,142,361,324
18/10/2014 00:00,564,681,703,130,353,315
19/10/2014 00:00,567,674,705,121,341,305
20/10/2014 00:00,571,666,712,116,400,306
21/10/2014 00:00,572,660,714,120,395,346
22/10/2014 00:00,575,663,716,114,360,324
23/10/2014 00:00,577,665,722,110,342,297
24/10/2014 00:00,579,660,723,106,309,264
25/10/2014 00:00,581,656,723,98,322,260
26/10/2014 00:00,583,653,722,98,349,246
27/10/2014 00:00,587,650,719,100,377,291
28/10/2014 00:00,587,648,717,99,336,294
29/10/2014 00:00,586,642,719,106,317,234
30/10/2014 00:00,588,637,721,102,321,218
31/10/2014 00:00,587,633,713,118,345,245
01/11/2014 00:00,588,629,708,110,360,279
02/11/2014 00:00,586,634,708,103,405,311
03/11/2014 00:00,586,638,720,100,385,335
04/11/2014 00:00,586,646,728,94,357,292
05/11/2014 00:00,586,653,732,97,381,280
06/11/2014 00:00,586,655,729,146,379,343
07/11/2014 00:00,587,661,730,145,354,310
08/11/2014 00:00,590,666,741,117,378,312
09/11/2014 00:00,592,676,742,121,378,347
10/11/2014 00:00,594,687,743,95,414,343
11/11/2014 00:00,602,696,751,99,414,371
12/11/2014 00:00,604,712,761,145,485,396
13/11/2014 00:00,607,724,777,165,458,428
14/11/2014 00:00,611,730,791,165,449,413
15/11/2014 00:00,613,737,799,135,438,393
16/11/2014 00:00,618,742,804,205,409,368
17/11/2014 00:00,624,744,809,158,401,331
18/11/2014 00:00,628,742,809,135,378,312
19/11/2014 00:00,631,739,806,164,342,310
20/11/2014 00:00,634,738,806,128,327,295
21/11/2014 00:00,639,736,805,134,310,249
22/11/2014 00:00,644,731,802,120,324,234
23/11/2014 00:00,645,724,794,116,345,256
24/11/2014 00:00,646,719,786,193,360,259
25/11/2014 00:00,647,713,784,149,372,262
26/11/2014 00:00,647,703,782,124,346,263
27/11/2014 00:00,649,691,781,145,368,289
28/11/2014 00:00,650,675,780,74,357,314
29/11/2014 00:00,650,675,783,99,376,267
30/11/2014 00:00,650,656,784,127,359,265
01/12/2014 00:00,650,650,773,210,339,245
02/12/2014 00:00,650,646,764,177,357,228
03/12/2014 00:00,648,636,756,139,358,252
04/12/2014 00:00,645,622,748,119,315,229
05/12/2014 00:00,642,610,745,117,307,183
06/12/2014 00:00,640,600,738,105,322,208
07/12/2014 00:00,637,595,720,92,314,202
08/12/2014 00:00,636,608,713,73,310,206
09/12/2014 00:00,635,619,707,118,325,205
10/12/2014 00:00,634,634,703,177,341,223
11/12/2014 00:00,632,647,697,161,370,266
12/12/2014 00:00,630,657,696,142,404,334
13/12/2014 00:00,630,666,707,116,415,316
14/12/2014 00:00,630,681,725,108,427,354
15/12/2014 00:00,630,692,732,88,422,364
16/12/2014 00:00,630,683,738,75,420,335
17/12/2014 00:00,631,674,741,105,403,317
18/12/2014 00:00,632,666,738,122,367,293
19/12/2014 00:00,631,655,736,166.1104459,388,264
20/12/2014 00:00,631,647,730,158.3945202,372,276
21/12/2014 00:00,630,634,719,124,342,246
22/12/2014 00:00,629,624,716,115,333,217
23/12/2014 00:00,626,612,707,105,371,214
24/12/2014 00:00,622,591,692,105,361,247
25/12/2014 00:00,618,571,680,132,309,215
26/12/2014 00:00,612,555,680,128,283,160
27/12/2014 00:00,606,539,667,139,289,132
28/12/2014 00:00,599,521,635,100,274,173
29/12/2014 00:00,590,509,610,98,283,116
30/12/2014 00:00,580,494,594,68,261,126
31/12/2014 00:00,568,485,577,70,261,169.0387405
01/01/2015 00:00,552,473,569,78,288,104
02/01/2015 00:00,539,466,559,74,285,132
03/01/2015 00:00,528,456,543,72,268,128
04/01/2015 00:00,505,447,547,70,250,109
05/01/2015 00:00,489,437,546,69,251,98
06/01/2015 00:00,472,430,525,68,241,99
07/01/2015 00:00,456,417,512,66,240,90
08/01/2015 00:00,434,409,506,65,234,89
09/01/2015 00:00,418,400,489,67,224,80
10/01/2015 00:00,407,391,480,80,216,68
11/01/2015 00:00,391,380,480,80,217,66
12/01/2015 00:00,377,372,484,102,209,63
13/01/2015 00:00,363,363,480,79,205,58
14/01/2015 00:00,352,357,478,70,231,56
15/01/2015 00:00,342,348,467,67,239,76
16/01/2015 00:00,335,340,462,65,243,97
17/01/2015 00:00,327,333,465,84,252,106
18/01/2015 00:00,316,327,463,110,260,112
19/01/2015 00:00,309,329,475,104,266,136
20/01/2015 00:00,305,337,480,98,305,145
21/01/2015 00:00,304,345,486,96,299,181
22/01/2015 00:00,307,358,485,173,321,170
23/01/2015 00:00,309,373,499,141,323,203
24/01/2015 00:00,311,392,513,164,331,210
25/01/2015 00:00,319,408,524,104,327,203
26/01/2015 00:00,330,412,532,85,320,198
27/01/2015 00:00,340,403,537,78,312,190
28/01/2015 00:00,349,398,533,161,336,203
29/01/2015 00:00,350,389,526,107,326,228
30/01/2015 00:00,349,380,524,86,304,206
31/01/2015 00:00,340,371,534,104,307,173
01/02/2015 00:00,333,362,533,233,333,173
02/02/2015 00:00,330,351,520,194,307,217
03/02/2015 00:00,330,340,515,233,327,186
04/02/2015 00:00,324,339,527,190,320,222
05/02/2015 00:00,315,349,525,160,290,188
06/02/2015 00:00,318,350,526,131,294,154
07/02/2015 00:00,324,347,529,131,351,176
08/02/2015 00:00,324,354,512,152,340,253
09/02/2015 00:00,321,369,505,218,357,257
10/02/2015 00:00,320,402,533,179,355,260
11/02/2015 00:00,323,422,547,140,365,253
12/02/2015 00:00,339,424,559,145,360,262
13/02/2015 00:00,352,426,566,162,385,240
14/02/2015 00:00,361,422,564,145,383,278
15/02/2015 00:00,364,421,560,123,378,269
16/02/2015 00:00,370,417,567,108,377,263
17/02/2015 00:00,367,402,578,97,353,245
18/02/2015 00:00,370,389,577,88,340,215
19/02/2015 00:00,370,372,576,85,329,203
20/02/2015 00:00,370,355,573,93,319,187
21/02/2015 00:00,369,346,562,83,305,175
22/02/2015 00:00,362,337,558,112,282,156
23/02/2015 00:00,356,330,551,82,278,125
24/02/2015 00:00,348,322,538,77,281,123
25/02/2015 00:00,339,319,523,74,281,181.6865634
26/02/2015 00:00,330,314,508,72,280,128
27/02/2015 00:00,319,309,496,70,270,133
28/02/2015 00:00,309,301,486,74,291,115
01/03/2015 00:00,300,295,491,77,306,142
02/03/2015 00:00,289,285,490,105,292,168
03/03/2015 00:00,285,277,493,86,291,150
04/03/2015 00:00,279,267,501,106,291,145
05/03/2015 00:00,274,259,495,89,298,147
06/03/2015 00:00,271,252,487,76,289,153
07/03/2015 00:00,271,243,485,76,292,145
08/03/2015 00:00,269,247,485,99,304,145
09/03/2015 00:00,264,254,483,88,294,163
10/03/2015 00:00,260,261,473,161,285,149
11/03/2015 00:00,260,269,474,166,271,135
12/03/2015 00:00,260,279,480,119,259,127
13/03/2015 00:00,258,287,470,94,268,107
14/03/2015 00:00,260,296,461,112,272,138
15/03/2015 00:00,259,310,445,102,258,132
16/03/2015 00:00,253,321,443,86,294,111
17/03/2015 00:00,247,330,456,85,319,189
18/03/2015 00:00,233,341,444,172,303,202
19/03/2015 00:00,225,351,462,142,355,183
20/03/2015 00:00,242,358,496,199,397,250
21/03/2015 00:00,239,362,493,147,365,310
22/03/2015 00:00,265,369,527,126,360,290
23/03/2015 00:00,285,366,559,149,398,272
24/03/2015 00:00,309,355,562,118,378,285
25/03/2015 00:00,334,346,560,109,371,258
26/03/2015 00:00,350,339,562,106,369,260
27/03/2015 00:00,352,337,559,106,369,243
28/03/2015 00:00,353,347,556,91,360,242
29/03/2015 00:00,353,358,552,163,366,238
30/03/2015 00:00,348,366,552,144,390,272
31/03/2015 00:00,340,377,558,105,379,280
01/04/2015 00:00,335,387,564,109,382,259
02/04/2015 00:00,339,397,580,98,389,267
03/04/2015 00:00,352,404,576,127,395,280
04/04/2015 00:00,360,393,575,147,391,310
05/04/2015 00:00,367,396,584,127,380,280
06/04/2015 00:00,367,408,593,132,425,328
07/04/2015 00:00,369,419,600,138,413,318
08/04/2015 00:00,377,430,609,139,436,325
09/04/2015 00:00,384,441,622,108,420,355
10/04/2015 00:00,392,448,625,96,382,303
11/04/2015 00:00,401,457,636,96,366,277
12/04/2015 00:00,406,469,632,153,351,270
13/04/2015 00:00,410,477,623,128,329,248
14/04/2015 00:00,414,485,617,101,350,235
15/04/2015 00:00,413,488,608,94,351,255
16/04/2015 00:00,410,485,607,92,393,265
17/04/2015 00:00,407,489,610,100,416,318
18/04/2015 00:00,401,496,615,96,427,315
19/04/2015 00:00,404,508,631,100,435,334
20/04/2015 00:00,414,517,641,100,416,353
21/04/2015 00:00,423,527,648,182,448,327
22/04/2015 00:00,430,536,658,161,430,364
23/04/2015 00:00,438,548,664,195,430,339
24/04/2015 00:00,448,545,672,156,406,333
25/04/2015 00:00,455,536,676,192,371,313
26/04/2015 00:00,460,527,679,234,386,277
27/04/2015 00:00,466,518,678,268,354,274
28/04/2015 00:00,468,509,670,221,340,225
29/04/2015 00:00,467,491,666,171,351,217
30/04/2015 00:00,459,480,656,126,349,232
01/05/2015 00:00,454,462,652,120,352,232
02/05/2015 00:00,449,451,652,108,341,252
03/05/2015 00:00,444,440,654,97,330,213
04/05/2015 00:00,440,433,656,96,343,223
05/05/2015 00:00,437,427,649,90,356,269
06/05/2015 00:00,434,423,647,91,327,227
07/05/2015 00:00,430,417,650,93,330,215
08/05/2015 00:00,426,412,651,94,325,237
09/05/2015 00:00,426,400,648,123,310,225
10/05/2015 00:00,426,385,649,170,288,172
11/05/2015 00:00,424,377,646,204,275,148
12/05/2015 00:00,420,366,635,131,272,137
13/05/2015 00:00,417,352,617,151,268,130
14/05/2015 00:00,409,351,599,195,282,140
15/05/2015 00:00,400,352,585,158,294,163
16/05/2015 00:00,389,374,578,145,304,171
17/05/2015 00:00,382,405,579,156,317,187
18/05/2015 00:00,375,433,596,255,317,206
19/05/2015 00:00,383,451,594,197,305,236
20/05/2015 00:00,394,474,601,139,299,197
21/05/2015 00:00,405,490,606,231,326,189
22/05/2015 00:00,414,502,604,167,341,252
23/05/2015 00:00,420,513,599,168,329,248
24/05/2015 00:00,426,525,611,121,348,225
25/05/2015 00:00,431,537,614,106,318,250
26/05/2015 00:00,434,545,614,115,314,225
27/05/2015 00:00,442,550,618,130,324,220
28/05/2015 00:00,446,554,622,157,339,210
29/05/2015 00:00,450,572,620,174,345,258
30/05/2015 00:00,454,585,624,142,363,273
31/05/2015 00:00,457,597,635,145,364,303
01/06/2015 00:00,464,614,649,156,357,287
02/06/2015 00:00,474,630,658,175,326,248
03/06/2015 00:00,486,643,661,243,328,203
04/06/2015 00:00,491,652,655,266,334,218
05/06/2015 00:00,498,657,642,379,303,205
06/06/2015 00:00,499,650,639,230,296,171
07/06/2015 00:00,496,641,639,181,321,165
08/06/2015 00:00,496,630,634,170,344,200
09/06/2015 00:00,494,630,624,167,348,224
10/06/2015 00:00,494,627,624,189,383,272
11/06/2015 00:00,494,619,636,173,397,299
12/06/2015 00:00,494,607,641,155,385,293
13/06/2015 00:00,496,595,649,173,373,279
14/06/2015 00:00,497,586,655,142,326,233
15/06/2015 00:00,498,571,652,135,334,209
16/06/2015 00:00,499,554,647,140,344,214
17/06/2015 00:00,498,547,643,193,343,246
18/06/2015 00:00,496,536,641,188,304,219
19/06/2015 00:00,492,519,638,266,290,210
20/06/2015 00:00,487,503,636,337,288,170
21/06/2015 00:00,481,493,619,261,288,160
22/06/2015 00:00,472,486,598,245,322,156
23/06/2015 00:00,463,470,584,262,325,195
24/06/2015 00:00,455,458,582,366,311,178
25/06/2015 00:00,451,452,587,243,341,168
26/06/2015 00:00,434,447,589,310,360,205
27/06/2015 00:00,427,441,576,330,362,225
28/06/2015 00:00,420,436,574,255,372,224
29/06/2015 00:00,411,431,574,251,374,238
30/06/2015 00:00,402,422,585,226,369,235
01/07/2015 00:00,397,414,584,194,392,230
02/07/2015 00:00,392,407,590,203,383,269
03/07/2015 00:00,387,418,591,165,330,237
04/07/2015 00:00,384,428,591,161,320,185
05/07/2015 00:00,382,435,589,209,314,175
06/07/2015 00:00,381,450,570,184,300,158
07/07/2015 00:00,374,460,554,205,299,146
08/07/2015 00:00,365,472,536,166,310,148
09/07/2015 00:00,353,482,523,144,290,166
10/07/2015 00:00,345,487,515,181,264,135
11/07/2015 00:00,339,493,510,289,254,122
12/07/2015 00:00,335,496,499,231,239,103
13/07/2015 00:00,333,488,490,177,246,102
14/07/2015 00:00,330,486,481,142,270,127
15/07/2015 00:00,324,493,475,130,264,137
16/07/2015 00:00,319,501,473,192,264,148
17/07/2015 00:00,315,509,496,179,255,188
18/07/2015 00:00,328,515,498,182,288,145
19/07/2015 00:00,346,519,517,183,305,185
20/07/2015 00:00,357,522,516,161,270,198
21/07/2015 00:00,364,528,524,144,269,154
22/07/2015 00:00,370,540,540,208,278,159
23/07/2015 00:00,382,550,530,298,281,163
24/07/2015 00:00,398,557,516,223,279,171
25/07/2015 00:00,406,565,516,187,289,164
26/07/2015 00:00,410,569,515,185,285,166
27/07/2015 00:00,415,576,507,288,260,153
28/07/2015 00:00,412,576,504,241,253,135
29/07/2015 00:00,407,585,504,263,243,122
30/07/2015 00:00,403,576,500,319,260,121
31/07/2015 00:00,398,565,480,366,283,173.0457464
01/08/2015 00:00,389,556,474,262,278,163
02/08/2015 00:00,375,543,488,273,309,160
03/08/2015 00:00,364,533,506,204,279,180
04/08/2015 00:00,359,525,499,181,275,140
05/08/2015 00:00,363,513,504,188,279,141
06/08/2015 00:00,359,502,489,170,262,142
07/08/2015 00:00,353,492,476,154,250,126
08/08/2015 00:00,346,483,474,176,243,117
09/08/2015 00:00,334,475,469,180,256,121
10/08/2015 00:00,330,486,463,145,261,149
11/08/2015 00:00,340,491,470,134,241,156
12/08/2015 00:00,346,497,479,125,240,135
13/08/2015 00:00,348,491,488,125,220,118
14/08/2015 00:00,349,486,478,197,216,90
15/08/2015 00:00,352,483,471,297,225,86
16/08/2015 00:00,351,477,465,224,212,94
17/08/2015 00:00,346,470,454,236,200,85
18/08/2015 00:00,340,464,444,165,258,82
19/08/2015 00:00,333,458,431,137,263,125
20/08/2015 00:00,334,450,426,157,258,137
21/08/2015 00:00,333,446,437,153,295,133
22/08/2015 00:00,328,432,452,126,290,183
23/08/2015 00:00,329,437,460,118,282,189
24/08/2015 00:00,337,443,476,111,256,165
25/08/2015 00:00,346,453,499,138,239,148
26/08/2015 00:00,348,462,504,159,265,124
27/08/2015 00:00,365,470,501,115,263,151
28/08/2015 00:00,376,482,493,128,267,138
29/08/2015 00:00,387,496,484,176,261,148
30/08/2015 00:00,393,508,492,139,237,141.4177791
31/08/2015 00:00,393,521,496,161,249,153.7163267
01/09/2015 00:00,393,533,493,195,251,124
02/09/2015 00:00,392,545,484,195,243,143
03/09/2015 00:00,388,540,479,182,223,148
04/09/2015 00:00,388,533,488,137,216,127
05/09/2015 00:00,388,526,492,119,216,100
06/09/2015 00:00,388,520,487,124,232,100
07/09/2015 00:00,385,514,474,179,239,122
08/09/2015 00:00,385,508,471,146,242,127
09/09/2015 00:00,382,514,470,124,224,147
10/09/2015 00:00,378,521,474,124,245,117
11/09/2015 00:00,376,524,470,108,253,137
12/09/2015 00:00,380,532,466,106,248,152
13/09/2015 00:00,378,538,470,98,239,144
14/09/2015 00:00,379,529,481,92,231,124
15/09/2015 00:00,381,518,476,89,232,112
16/09/2015 00:00,377,501,474,87,222,115
17/09/2015 00:00,371,486,459,86,243,109
18/09/2015 00:00,366,475,460,97,244,131
19/09/2015 00:00,359,465,466,102,275,162
20/09/2015 00:00,355,458,483,104,321,194
21/09/2015 00:00,353,449,495,98,301,232
22/09/2015 00:00,354,441,511,111,275,246
23/09/2015 00:00,359,430,518,99,265,192
24/09/2015 00:00,364,417,544,93,262,170
25/09/2015 00:00,369,415,534,84,249,191
26/09/2015 00:00,374,426,518,81,227,165
27/09/2015 00:00,377,436,521,83,212,123
28/09/2015 00:00,372,446,504,80,217,101
29/09/2015 00:00,367,453,480,76,218,87
30/09/2015 00:00,358,460,464,75,258,95
01/10/2015 00:00,348,470,446,87,256,134
02/10/2015 00:00,335,485,445,97,233,151
03/10/2015 00:00,322,500,454,84,242,120
04/10/2015 00:00,316,518,471,129,289,138
05/10/2015 00:00,317,527,450,134,276,190
06/10/2015 00:00,322,536,437,102,286,171
07/10/2015 00:00,326,546,452,97,259,177
08/10/2015 00:00,320,555,456,84,244,164
09/10/2015 00:00,317,564,458,79,272,135
10/10/2015 00:00,320,569,452,77,282,157
11/10/2015 00:00,323,577,445,84,262,163
12/10/2015 00:00,320,585,449,105,335,156
13/10/2015 00:00,321,591,473,88,303,220
14/10/2015 00:00,328,602,475,90,301,230
15/10/2015 00:00,339,621,504,177,308,245
16/10/2015 00:00,352,637,528,178,299,208
17/10/2015 00:00,362,652,545,141,322,215
18/10/2015 00:00,380,665,543,152,324,223
19/10/2015 00:00,399,673,538,143,305,221
20/10/2015 00:00,411,666,546,103,279,197
21/10/2015 00:00,417,661,553,90,263,167
22/10/2015 00:00,421,655,546,82,251,159
23/10/2015 00:00,423,640,535,78,247,129
24/10/2015 00:00,423,621,533,83,260,117
25/10/2015 00:00,423,617,524,94,274,143
26/10/2015 00:00,422,608,520,110,263,173
27/10/2015 00:00,416,609,514,89,273,184
28/10/2015 00:00,416,613,524,88,270,170
29/10/2015 00:00,417,614,528,83,277,160
30/10/2015 00:00,419,619,528,89,343,175
31/10/2015 00:00,419,621,522,78,326,253
01/11/2015 00:00,419,627,525,85,289,218
02/11/2015 00:00,419,636,549,97,300,227
03/11/2015 00:00,423,646,561,87,336,284
04/11/2015 00:00,430,657,568,87,310,261
05/11/2015 00:00,440,665,586,91,310,233
06/11/2015 00:00,452,674,593,112,353,283
07/11/2015 00:00,459,672,591,187,327,292
08/11/2015 00:00,468,667,603,148,312,274
09/11/2015 00:00,469,654,612,115,301,272
10/11/2015 00:00,473,644,612,101,357,237
11/11/2015 00:00,479,642,612,96,346,286
12/11/2015 00:00,482,651,608,109,303,262
13/11/2015 00:00,483,653,613,91,289,207
14/11/2015 00:00,484,644,618,83,291,203
15/11/2015 00:00,486,633,605,83,271,186
16/11/2015 00:00,486,627,596,84,261,172
17/11/2015 00:00,484,620,594,99,261,175
18/11/2015 00:00,483,616,587,128,282,162
19/11/2015 00:00,480,623,595,102,288,188
20/11/2015 00:00,479,624,587,135,301,183
21/11/2015 00:00,480,627,584,189,283,189
22/11/2015 00:00,481,634,585,127,273,173
23/11/2015 00:00,480,637,583,101,294,177
24/11/2015 00:00,477,646,577,119,348,240
25/11/2015 00:00,476,656,571,124,330,263
26/11/2015 00:00,476,664,588,103,333,259
27/11/2015 00:00,477,664,601,94,338,239
28/11/2015 00:00,479,670,601,84,323,238
29/11/2015 00:00,482,666,603,81,320,218
30/11/2015 00:00,484,654,599,91,307,214
01/12/2015 00:00,485,647,594,110,278,188
02/12/2015 00:00,486,632,587,154,261,150
03/12/2015 00:00,482,621,582,107,272,129
04/12/2015 00:00,477,610,567,88,295,141
05/12/2015 00:00,472,593,546,84,275,166
06/12/2015 00:00,463,586,538,81,262,140
07/12/2015 00:00,451,577,541,72,266,129
08/12/2015 00:00,437,569,529,64,254,126
09/12/2015 00:00,427,562,513,62,258,112
10/12/2015 00:00,418,550,508,72,271,118
11/12/2015 00:00,405,535,505,69,249,137
12/12/2015 00:00,396,525,487,71,252,124
13/12/2015 00:00,384,512,481,60,260,112
14/12/2015 00:00,376,498,473,61,233,119
15/12/2015 00:00,371,482,460,57,256,95
16/12/2015 00:00,354,470,462,136.8425204,269,148
17/12/2015 00:00,344,461,469,53,270,144
18/12/2015 00:00,335,451,467,53,287,145
19/12/2015 00:00,333,440,478,66,273,152
20/12/2015 00:00,333,431,484,72,249,152
21/12/2015 00:00,334,420,485,120,233,120
22/12/2015 00:00,335,414,491,99,237,97
23/12/2015 00:00,334,391,465,94,227,91
24/12/2015 00:00,330,376,440,86,216,83
25/12/2015 00:00,319,364,430,75,208,66
26/12/2015 00:00,299,351,436,62,198,55
27/12/2015 00:00,284,339,413,61,207,45
28/12/2015 00:00,276,322,396,60,189,52
29/12/2015 00:00,265,311,361.7980773,54,209,35
30/12/2015 00:00,249,295,358.468855,51,218,53
31/12/2015 00:00,228,286,340.3481342,62,191,64
01/01/2016 00:00,210.9166667,358.5071188,341.6629662,67.44886364,202.7608696,31.58333333
02/01/2016 00:00,213.8125,273.5,399.6666667,62.26041667,238.75,49.6875
03/01/2016 00:00,214.6875,268.125,400,59.13020833,223.0625,88.625
04/01/2016 00:00,220.1875,262.9375,337.9291523,58.02604167,199.5208333,76.0625
05/01/2016 00:00,228.1875,255.9375,347.2374167,57.625,238.8541667,53.5625
06/01/2016 00:00,227.5625,250.0625,383.6666667,56.45833333,224.1041667,97.625
07/01/2016 00:00,221.5625,245.375,369.5,62.88541667,205,83.75
08/01/2016 00:00,224.8125,248.6875,374.0625,59.83854167,191.5208333,65.875
09/01/2016 00:00,225.875,257.375,385.3125,64.47916667,211.375,43.875
10/01/2016 00:00,223.9375,265.4375,397.6875,62.02083333,213.6666667,61.125
11/01/2016 00:00,221.375,272.6875,371.25,94.08333333,214.5625,63
12/01/2016 00:00,223.625,270.9375,356.625,107.125,225.375,63.4375
13/01/2016 00:00,216.6875,261.9375,358.125,82.94791667,195.0833333,72.5625
14/01/2016 00:00,214.625,252.5625,358.875,66.453125,206.4166667,45.625
15/01/2016 00:00,192.0625,248.0625,379.875,60.00520833,189.5208333,52.125
16/01/2016 00:00,181.9375,243.9375,366.75,56.52604167,201.5,37.625
17/01/2016 00:00,185.5,238.625,364.8125,54.53125,196.9583333,45.5
18/01/2016 00:00,187.3125,236,350.125,54.265625,185.1458333,41.375
19/01/2016 00:00,182.625,232.6875,343.5,52.48958333,179.7708333,29.75
20/01/2016 00:00,171.5625,222.625,342.4375,51.4375,174.9166667,19.5
21/01/2016 00:00,162.5625,214.0625,353.4375,50.83854167,178.2708333,16.25
22/01/2016 00:00,156.875,207.5625,337.9375,51.67708333,190.4375,20.75
23/01/2016 00:00,159.0625,204.6875,323.1875,50.66145833,185.7916667,31.1875
24/01/2016 00:00,160.125,208,319.375,49.609375,199.9583333,28.3125
25/01/2016 00:00,152.375,208.625,337.375,48.9375,210.625,40.3125
26/01/2016 00:00,143.8125,202.9375,348.6875,56.01041667,225.6666667,56.0625
27/01/2016 00:00,144.4375,204.5,332.6875,51.609375,222.7083333,74.75
28/01/2016 00:00,152.1875,208,327.875,48.23958333,203.8333333,74.5
29/01/2016 00:00,154.5625,211.5625,333.5,46.82291667,204.375,51.5
30/01/2016 00:00,155.6875,212,339.5,49.09895833,206.125,47.5
31/01/2016 00:00,152.75,198.875,334.75,49.05729167,213.8541667,62.75
01/02/2016 00:00,154.5,181.6875,325.8125,47.53645833,199.375,78.875
02/02/2016 00:00,155.375,170.25,340.6875,46.21354167,199.5416667,50.25
03/02/2016 00:00,152.8125,163.5625,343.3125,45.90104167,198.5,44.1875
04/02/2016 00:00,147.6875,170.3125,334.9375,45.58854167,192.6041667,43
05/02/2016 00:00,145.5,181.375,323.125,77.640625,188.7083333,36.4375
06/02/2016 00:00,142.9375,191.5,315,75.63020833,172.4583333,33.0625
07/02/2016 00:00,138.875,199.125,314,62.390625,214.8333333,19.9375
08/02/2016 00:00,134.3125,207.75,328.375,108.6614583,197.875,59.4375
09/02/2016 00:00,135.625,214.25,312.8125,137.078125,226.1041667,48.5
10/02/2016 00:00,138.875,223.375,308.3125,125.0885417,221.25,70.6875
11/02/2016 00:00,138.0625,223.1875,316.875,170.6041667,210.1875,72.5625
12/02/2016 00:00,132,211.1875,316.0625,93.26041667,239.8541667,73.875
13/02/2016 00:00,135.125,216.1875,324.125,71.61979167,221.8541667,100.9375
14/02/2016 00:00,139.125,213.0625,325.25,64.07291667,210.9375,77.6875
15/02/2016 00:00,137.125,206.9375,329.875,69.53125,233.7916667,68.4375
16/02/2016 00:00,137.625,202.0625,338.9375,110.5260417,215.5833333,91.3125
17/02/2016 00:00,140.4375,199.0625,331.1875,94.58333333,224.7708333,73.6875
18/02/2016 00:00,143.6875,195.375,350.375,77.859375,229.5,99.5625
19/02/2016 00:00,147.625,192.4375,344.5625,113.3489583,208.1458333,99.75
20/02/2016 00:00,146.875,201.5,336.1875,78.08333333,223.4583333,67.9375
21/02/2016 00:00,151.1875,210.4375,344.3125,84.06770833,276.1875,80.5
22/02/2016 00:00,150.0625,217.4375,344.6875,121.1927083,273.3541667,129.625
23/02/2016 00:00,150.5625,223.6875,331.125,115.8958333,264.2708333,136.4375
24/02/2016 00:00,150.6875,230.875,346.3125,85.52083333,257.1458333,121.625
25/02/2016 00:00,146.8125,226.125,386.4375,72.76041667,263,114.9375
26/02/2016 00:00,152.0625,219.5625,385.0625,164.7239583,294.375,149
27/02/2016 00:00,168.5,214.9375,382.6875,135.078125,274.3958333,201.5
28/02/2016 00:00,180.3125,209.5625,386.4375,104.1302083,279.625,157.75
29/02/2016 00:00,177.875,204.375,419.0625,79.203125,272.625,146.25
01/03/2016 00:00,176,196.9375,422.8125,70.421875,271.8958333,132.5625
02/03/2016 00:00,185.1875,188.875,404.25,85.97395833,242.625,127.1875
03/03/2016 00:00,195.4375,182.6875,392.3125,133.9791667,251.7083333,96.0625
04/03/2016 00:00,193.3125,188.5625,396.25,157.1822917,270,106
05/03/2016 00:00,187.6875,196.9375,386,158.046875,289.5625,124.875
06/03/2016 00:00,184.8125,204.5,372.1875,132.7395833,288.125,144.0625
07/03/2016 00:00,179.6875,210.4375,374.8125,121.7083333,305.2708333,155.6875
08/03/2016 00:00,177.4375,205.6875,385.5625,125.4739583,282.5625,172.875
09/03/2016 00:00,175.6875,201.6875,393.375,92.09375,277,157.3125
10/03/2016 00:00,177.5625,193.3125,415.8125,92.96875,258.375,137.5
11/03/2016 00:00,181.625,197.25,417.25,183.6875,274.3333333,112.75
12/03/2016 00:00,188.375,202.5625,402.625,118.59375,275.8541667,130.1875
13/03/2016 00:00,191.875,208.375,383.625,120.3645833,278.8125,132.8125
14/03/2016 00:00,190.8125,212.3125,387.875,129.8489583,282.5416667,137.125
15/03/2016 00:00,187.125,213.875,384.625,96.41666667,300.5416667,145.875
16/03/2016 00:00,185.5,220.4375,378.5625,102.1770833,301.75,165.6875
17/03/2016 00:00,183.375,226,378,167.2760417,275.1875,171.6875
18/03/2016 00:00,179.625,231.4375,387.9375,200.609375,284.0833333,183.75
19/03/2016 00:00,179.1875,234.25,413.4017857,137.0520833,273.1041667,166.375
20/03/2016 00:00,183.6875,230.4375,441.889881,162.96875,285.9791667,152.25
21/03/2016 00:00,192.625,224.5,437.375,141.6197917,300.2708333,158.125
22/03/2016 00:00,205,222.875,428.375,156.1510417,289.5625,167.5625
23/03/2016 00:00,213.9375,229.5625,414.375,149.1510417,294.625,160.75
24/03/2016 00:00,211,236,420,154.8385417,307.875,161.875
25/03/2016 00:00,208.125,228.3125,415.625,112.5572917,306.2708333,170.6875
26/03/2016 00:00,208.625,214.25,411.1428571,92.08333333,305.7708333,166.3125
27/03/2016 00:00,210.3125,207.0625,428.9196429,82.27083333,299.0208333,164.25
28/03/2016 00:00,207.9375,201.75,437.6458333,76.57291667,273.75,158.375
29/03/2016 00:00,205.125,197.3125,439.0833333,72.52083333,271.375,144.0625
30/03/2016 00:00,205.0625,197.6875,438.625,69.16145833,256.0833333,151.9375
31/03/2016 00:00,206.5,199,427.75,80.52604167,279.125,134.1875
01/04/2016 00:00,208.5,203.125,425.9583333,92.64583333,285.9375,189.5
02/04/2016 00:00,208.75,210.875,427.125,154.8072917,305.1666667,179.5
03/04/2016 00:00,205.75,216.9375,427.5833333,176.3229167,345.0833333,248.9375
04/04/2016 00:00,207.5625,223.1875,434.875,150.140625,349.6875,253.9375
05/04/2016 00:00,211.0625,239.125,451.7083333,157.0416667,311.4791667,236.1875
06/04/2016 00:00,216.75,256.375,486.3333333,128.703125,289.5208333,181.625
07/04/2016 00:00,228.6875,264.4375,499.6458333,104.1979167,331.8958333,161.5625
08/04/2016 00:00,246.0625,270,490,90.984375,307.8958333,205.4375
09/04/2016 00:00,260.875,275.625,463.9375,99.53125,303.8958333,195.25
10/04/2016 00:00,260.5625,288.8125,457.0833333,154.7395833,302.3333333,194.25
11/04/2016 00:00,250.375,302.875,472.0833333,143.0989583,306.8541667,189.5
12/04/2016 00:00,240.5,290.25,472.5,140.140625,331.6666667,228.5625
13/04/2016 00:00,242.9375,269.6875,464.8125,181.1875,376.5833333,289.9583333
14/04/2016 00:00,252.1875,279,468.1875,161.1770833,412.1041667,337.3541667
15/04/2016 00:00,254.875,317.1875,509.7916667,124.984375,376.1041667,325.3958333
16/04/2016 00:00,259.625,332.5,556.0625,106.8489583,334.9166667,259.4375
17/04/2016 00:00,277.625,338.4375,574.8541667,152.453125,328.5208333,226.25
18/04/2016 00:00,300.3125,341.5625,564.3958333,162.3177083,375.4791667,223.1875
19/04/2016 00:00,321.9375,344.75,544.6875,127.6927083,394.6666667,270.5416667
20/04/2016 00:00,322.9375,353.25,536.8958333,108.375,363.9375,276.6875
21/04/2016 00:00,320.8125,360.5625,542.6041667,114.1614583,344.7708333,265.4166667
22/04/2016 00:00,316.375,367.25,565.6458333,110.171875,321.7291667,261.1875
23/04/2016 00:00,318.0625,379.375,575.1666667,180.1822917,330.875,212.5
24/04/2016 00:00,320.5625,392.375,576.0833333,117.9166667,328.7708333,250.9791667
25/04/2016 00:00,337.3125,400.4375,561.0416667,137.3645833,316.5833333,241.5208333
26/04/2016 00:00,341.75,404.5,553.6666667,109.859375,298.2708333,229.3333333
27/04/2016 00:00,347.6875,410.6875,565.6458333,121.9583333,311.4583333,188.3125
28/04/2016 00:00,348,422.5625,558.375,202.8854167,320.3958333,216.0625
29/04/2016 00:00,349.1875,435.5,543.2083333,210.5677083,387.4791667,255.6458333
30/04/2016 00:00,353.375,437,541.25,125.9791667,405.2916667,345.4166667
01/05/2016 00:00,354.375,433.5625,560.6875,138.7135417,392.4166667,326.3541667
02/05/2016 00:00,353.6875,439.1875,595.3333333,136.9895833,373.3333333,321.2291667
03/05/2016 00:00,358.25,466.5,620.5208333,130.453125,375.6458333,295.4375
04/05/2016 00:00,370.375,491.375,630.5625,126.0833333,388.2916667,298.375
05/05/2016 00:00,389.375,504.25,631.0416667,136.7916667,381.375,338.2291667
06/05/2016 00:00,406,510.8125,637.0833333,121.0833333,338.3333333,287.0625
07/05/2016 00:00,416.0625,514.25,653.375,149.296875,357.6041667,265.75
08/05/2016 00:00,425.1875,520.0625,656.5833333,129.578125,382.0416667,322.5625
09/05/2016 00:00,433.9375,530.125,653.2083333,160.3854167,406.375,314.7083333
10/05/2016 00:00,440.8125,544.125,665.8541667,177.1614583,435.3125,365.75
11/05/2016 00:00,445.125,544.5,679.9166667,179.4895833,425.0208333,383.1041667
12/05/2016 00:00,452.625,566.375,690.6875,136.3541667,430.1666667,357.7083333
13/05/2016 00:00,463.5625,584,705.1458333,124.4375,371.75,342.5
14/05/2016 00:00,475.4375,574,710.6458333,152.4010417,355,275.9375
15/05/2016 00:00,484.875,559.75,709.8958333,224.0989583,341.6666667,259.8958333
16/05/2016 00:00,489.8125,547.6875,698.9375,170.78125,342.9375,237.375
17/05/2016 00:00,490.9375,529.875,687.4166667,194.8072917,342.5833333,242.7708333
18/05/2016 00:00,490.375,508.25,677.5833333,201.8697917,317.875,243.0833333
19/05/2016 00:00,486.9375,489.875,670.9583333,156.9583333,295.8125,203.8958333
20/05/2016 00:00,481.5,471.125,665.7708333,155.8802083,304.0625,178.75
21/05/2016 00:00,475.875,460.75,655.6041667,154.2135417,319.5416667,188.2291667
22/05/2016 00:00,468.5625,456.375,646.125,171.28125,313.6041667,206.1875
23/05/2016 00:00,462.0625,450.3125,640.875,143.296875,292.4791667,194.7708333
24/05/2016 00:00,456.9375,448.6875,639.7916667,218.9947917,303.6041667,170.6666667
25/05/2016 00:00,451.6875,442.125,632.3333333,193.3177083,314.9583333,191.4791667
26/05/2016 00:00,448.875,450.0625,620.3541667,126.296875,310.3333333,218.875
27/05/2016 00:00,443.0625,464.1875,617.5625,108.0260417,345.625,256.3333333
28/05/2016 00:00,438.0625,480.1875,622.3333333,176.609375,332.8333333,257.0625
29/05/2016 00:00,437.125,492.25,629.3541667,268.890625,366.9166667,271.7916667
30/05/2016 00:00,439.625,498,633.375,155.5052083,325.375,296.0625
31/05/2016 00:00,444.5625,509.8125,636.2083333,138.828125,320.0625,268.2708333
01/06/2016 00:00,451.5625,538.3125,642.6458333,181.171875,317.3541667,297.375
02/06/2016 00:00,459.9375,563.875,642.6458333,157.4322917,357.6458333,263.125
03/06/2016 00:00,467.5625,574.9375,644.7083333,137.6510417,345.3958333,284.5833333
04/06/2016 00:00,474.875,586.3125,642.9583333,116.9375,344.5,291.0208333
05/06/2016 00:00,480,596.1875,644.2916667,112.734375,316.4791667,278.3541667
06/06/2016 00:00,485.0625,605.9375,645.6041667,100.7083333,318.0625,228.25
07/06/2016 00:00,491.375,614,647.75,113.2604167,341.875,254.5208333
08/06/2016 00:00,494.9375,612.5,642.6875,160.6822917,306.4583333,272.6041667
09/06/2016 00:00,496.625,606,642.1041667,134.1875,279.3333333,216.9166667
10/06/2016 00:00,500.375,600.0625,647.2083333,124.5989583,282.0625,186.4375
11/06/2016 00:00,501.9375,597.875,645.25,177.8854167,281.625,196.5833333
12/06/2016 00:00,502,592.875,636.75,192.3489583,269.5833333,187.0625
13/06/2016 00:00,501.4375,577.6875,630.125,271.7604167,283.6458333,170.3333333
14/06/2016 00:00,500.0625,557.3125,619.0833333,216.1666667,286.625,189.6041667
15/06/2016 00:00,498.8125,544.25,615.2708333,169.6197917,269.4375,192.625
16/06/2016 00:00,494,530.9375,616,233.296875,270.1041667,163.25
17/06/2016 00:00,489,524.625,607.1875,210.2604167,281.9791667,161.5833333
18/06/2016 00:00,484.0625,511.875,594.0833333,155.515625,272.375,170.2708333
19/06/2016 00:00,479.9375,506.0625,579.4166667,233.5,275.6458333,163.1458333
20/06/2016 00:00,474.4375,506.1875,579.875,262.265625,288.5,179.9791667
21/06/2016 00:00,467.4375,509.8125,582.6041667,315.3125,279.9166667,195.9166667
22/06/2016 00:00,460.6875,507.375,581.3541667,275.4739583,271.8958333,176.7916667
23/06/2016 00:00,457.5625,511.875,577.5625,219.8125,293.375,158.6458333
24/06/2016 00:00,456,526.625,573.5625,197.5729167,292.0208333,185.1875
25/06/2016 00:00,455.5,536.3125,563.1666667,189.3802083,309.5416667,195.7083333
26/06/2016 00:00,455.125,541.1875,568.5625,206.296875,313.6875,216.7916667
27/06/2016 00:00,456,555.5625,571.7708333,201.7916667,322.6041667,221.6875
28/06/2016 00:00,457,546,572.4583333,256.3854167,329.8125,222.4791667
29/06/2016 00:00,457.3125,528.1875,576.2708333,312.1145833,330.8541667,222.4166667
30/06/2016 00:00,455.125,514.125,576.4166667,307.7239583,305.9375,216.9375
01/07/2016 00:00,453.8125,504.3125,575.5416667,317.4635417,285.2291667,187.7291667
02/07/2016 00:00,449.5625,503.6875,574.6875,282.3229167,289.125,162.75
03/07/2016 00:00,446,509.5625,567.4166667,243.3333333,319.5833333,169.8541667
04/07/2016 00:00,443.125,516.1875,550.3333333,231.6927083,336.2916667,207.875
05/07/2016 00:00,441.875,526.3125,539,214.5416667,326.6458333,231.2708333
06/07/2016 00:00,437.375,534.5,543.6666667,191.9010417,345.4583333,234.25
07/07/2016 00:00,431.375,542.0625,559.5625,204.7291667,355.3333333,270.0625
08/07/2016 00:00,431.0625,551.25,566.8541667,208.6458333,366.8125,270.4791667
09/07/2016 00:00,434.0625,552.0625,575.7916667,180.1510417,342.2291667,270.3333333
10/07/2016 00:00,439.875,541.5625,580.4375,167.421875,300.9375,230.9375
11/07/2016 00:00,442.875,526.9375,582.4375,151.8697917,284.1875,183.6666667
12/07/2016 00:00,443,516.25,576.625,175.3385417,287.9583333,162.8125
13/07/2016 00:00,442.4375,515.5625,555,144.4322917,294.7083333,171.4375
14/07/2016 00:00,439.8125,516.4375,541.1875,148.9114583,290.5625,175.8125
15/07/2016 00:00,433.5,526.375,535.0625,178.0729167,295.6875,173.5833333
16/07/2016 00:00,425.6875,536,530.5,132.5416667,305.3125,186.25
17/07/2016 00:00,417,548,521.9375,135.0677083,306.9583333,203.1458333
18/07/2016 00:00,417.625,559.4375,523,248.8697917,311.7916667,217.5
19/07/2016 00:00,420.0625,563.8125,533.6875,194.0989583,309.8333333,239.6041667
20/07/2016 00:00,424.0625,567.8125,543.4791667,171.8802083,298.4166667,217.4166667
21/07/2016 00:00,427.8125,562.5625,553.9375,270.109375,297.6875,196.9583333
22/07/2016 00:00,428.5625,566.25,559.0833333,206.1875,280.7708333,196.3333333
23/07/2016 00:00,431.125,570.5,551.9166667,198.8177083,281.8125,192.0416667
24/07/2016 00:00,436.5625,574.625,552.8541667,163.8958333,308.2291667,185.8333333
25/07/2016 00:00,443,580.5,557.1458333,219.9166667,305.5,211.1666667
26/07/2016 00:00,448.875,583.6875,552.25,178.109375,296.4375,208.7708333
27/07/2016 00:00,452.375,579.9375,554.4166667,189.7708333,294.2916667,189.3125
28/07/2016 00:00,453,578.5625,555.1041667,311.921875,314.25,197.9791667
29/07/2016 00:00,453.875,578.3125,549.6666667,294.2916667,283.0208333,211.8541667
30/07/2016 00:00,453.125,583.3125,544.9166667,230.53125,288,175.2083333
31/07/2016 00:00,453,582,548.0625,226.1979167,300.4583333,180.6875
01/08/2016 00:00,453.0625,585.125,539.9166667,202.5677083,298.3958333,202.8125
02/08/2016 00:00,453.3125,590.6875,535.6666667,154.8854167,302.25,231.7291667
03/08/2016 00:00,450.4375,591.25,542.0625,179.2395833,295.7916667,235.2708333
04/08/2016 00:00,444.6875,579,551.4375,175.5520833,304.625,229.8333333
05/08/2016 00:00,446.375,570.0625,559.375,162.5104167,304.7083333,242.2470238
06/08/2016 00:00,458,561.5,560.1041667,132.75,293.6875,214.3571429
07/08/2016 00:00,467.4375,553,561.1041667,130.8489583,282.5208333,190
08/08/2016 00:00,473.6875,542.9375,560.3958333,141.7395833,280.8125,169.875
09/08/2016 00:00,474,531.375,557.4583333,139.375,286.3958333,184.25
10/08/2016 00:00,473.375,519.6875,554.7291667,154.4739583,277.5625,176.0625
11/08/2016 00:00,470.5625,509.375,550.5208333,254.625,288.7916667,168.5625
12/08/2016 00:00,465.75,495.5,550.2291667,197.140625,302.4791667,187.875
13/08/2016 00:00,464.25,483.5625,544.7708333,144.3958333,294.0833333,227.75
14/08/2016 00:00,462.5,473.0625,540.5416667,154.3142361,288.75,203.625
15/08/2016 00:00,460.4375,462.75,550.8125,139.7708333,276.0625,222.1875
16/08/2016 00:00,458.125,461.125,552.5625,138.8645833,294.6666667,183.5625
17/08/2016 00:00,457.4375,449.8125,555.9583333,137.6770833,305.0625,198.25
18/08/2016 00:00,455.5,444.5,551.625,141.8333333,298.7291667,215.375
19/08/2016 00:00,452.5,440.5625,547.2916667,143.0208333,292.7916667,213.25
20/08/2016 00:00,448.875,437.25,548.9583333,137.5208333,264,199.625
21/08/2016 00:00,444.0625,429.9375,551.2708333,116.46875,252.5833333,159.125
22/08/2016 00:00,440.5625,432.5,548.8125,185.0885417,238.6666667,130.375
23/08/2016 00:00,438.4375,439.625,536.9375,196.6458333,236.0833333,112.5
24/08/2016 00:00,433.8125,447.625,520.9791667,135.5729167,225.5208333,107.8125
25/08/2016 00:00,425.0625,456.0625,506.3125,114.2864583,232.875,93.9375
26/08/2016 00:00,417.5,465.875,500.2291667,108.2395833,250.8958333,113.6875
27/08/2016 00:00,409.9375,473.4375,494.5208333,143.1875,249.375,156.3125
28/08/2016 00:00,401.6875,486.125,500.1041667,127.0104167,253.5416667,156.625
29/08/2016 00:00,399.25,494.8125,511.3125,110.9427083,267.5208333,195.375
30/08/2016 00:00,402.5,502.125,526.8958333,104.5833333,286,187.375
31/08/2016 00:00,446.2940298,511.3125,536.0416667,99.890625,303.5833333,224.375
01/09/2016 00:00,420.4166667,516.625,535.4791667,134.4947917,273.9583333,225.3125
02/09/2016 00:00,427.375,524.4375,539.875,133.8385417,303.6666667,207.6875
03/09/2016 00:00,434.125,531.1875,551.6666667,106.125,318.1458333,222.75
04/09/2016 00:00,442.4375,529.3125,551.1458333,99.46875,346.0416667,232.1875
05/09/2016 00:00,448.875,521.6875,557.0833333,120.9583333,350.0416667,259.0625
06/09/2016 00:00,453.5,526.9375,565.5,210.9479167,318.75,271.75
07/09/2016 00:00,457.4375,534.75,579.4375,199.0572917,303.6041667,253.875
08/09/2016 00:00,461.3125,538.5625,593.4375,149.7604167,315.3333333,251
09/09/2016 00:00,471.5625,543.625,602.8125,142.546875,297.9375,230.75
10/09/2016 00:00,482.875,550.0625,601.9583333,209.1354167,288.375,202.375
11/09/2016 00:00,490.8125,557.5625,592.25,216.421875,323.75,209.5
12/09/2016 00:00,494.5,566.875,587.5,186.5677083,341.25,268.4375
13/09/2016 00:00,496.875,575.625,586.6875,135.3645833,330.1875,299.3125
14/09/2016 00:00,497.0625,585.6875,595.2708333,222.8229167,322.7291667,260.125
15/09/2016 00:00,499.125,590.1875,610.1875,237.3854167,373.25,262.875
16/09/2016 00:00,503.375,596.5625,615.2083333,169.8020833,343.7708333,317.4375
17/09/2016 00:00,506.125,594.5,611.3958333,133.8854167,383.5416667,272.625
18/09/2016 00:00,510.375,588.4375,621.7083333,119.671875,350.7083333,298.1875
19/09/2016 00:00,513.0625,579.3125,626.1875,122.3802083,318.3958333,251.625
20/09/2016 00:00,515.875,566.5625,631.0625,184.7760417,329.3125,225.875
21/09/2016 00:00,516,556.5625,633.7916667,153.4166667,321.2291667,222.4375
22/09/2016 00:00,516.0625,547.5625,627.5208333,141.875,297.5,239.5
23/09/2016 00:00,516.9375,543.875,627.0416667,138.828125,286.9791667,185.4375
24/09/2016 00:00,517,550.0625,628.2083333,166.2135417,298.9375,171.8125
25/09/2016 00:00,516.8125,556,625.0833333,185.5989583,310,202.1875
26/09/2016 00:00,513.625,562.5625,621.4375,149.8802083,294.2916667,248.4375
27/09/2016 00:00,512.0625,566.0625,621.9166667,155.3229167,326.8125,207.8125
28/09/2016 00:00,512,558.9375,625.6875,122.25,328.2916667,235.75
29/09/2016 00:00,510.875,550.5,623.0625,119.1979167,347.375,232.5
30/09/2016 00:00,507.5625,542.75,624.25,115.3697917,339.9166667,247.625
01/10/2016 00:00,506.625,534.3125,627.9375,140.1354167,340.2291667,240
02/10/2016 00:00,506.8125,529.9375,635.5833333,133.328125,331.625,272.625
03/10/2016 00:00,504.125,523.5625,636.9791667,127.1510417,322.8541667,250.5
04/10/2016 00:00,505.875,518.25,639.75,107.203125,331.6458333,279.4375
05/10/2016 00:00,506.6875,527.3125,640.6041667,123.2447917,347.7291667,258.8125
06/10/2016 00:00,508.5625,537.4375,643.5833333,110.2447917,337.4791667,309.625
07/10/2016 00:00,510.9375,546.125,645.75,126.265625,340.25,264.1875
08/10/2016 00:00,512.5625,555.0625,651.1041667,152.3020833,349.2291667,289.0625
09/10/2016 00:00,516.0625,565.125,653,154.4010417,355.4583333,284.625
10/10/2016 00:00,520.375,581.375,656.1666667,148.625,411.0833333,303
11/10/2016 00:00,523.1875,596.25,662.0625,118.3645833,422.5416667,363.625
12/10/2016 00:00,530.125,613.3125,670.5625,114.984375,412.8125,368.5416667
13/10/2016 00:00,539.4375,630.4375,683.6875,107,402.6875,372.9375
14/10/2016 00:00,547.5,646.8125,702.0625,125.1666667,396.3541667,334.7291667
15/10/2016 00:00,556.625,665.25,713.3125,126.2604167,401.0416667,340.375
16/10/2016 00:00,567.8125,667.3125,717.9375,150.5520833,405.8958333,341.5625
17/10/2016 00:00,574.3125,660.375,720.5,108.7135417,373.3125,344.4791667
18/10/2016 00:00,576.625,652.625,723,100.5260417,362.9791667,296.6041667
19/10/2016 00:00,580.4375,646.8125,724,95.61458333,392.2916667,307.5208333
20/10/2016 00:00,583.5,639.125,724.5625,90.83333333,374.875,307.0625
21/10/2016 00:00,587,636.3125,726.0625,88.43229167,362.0416667,283.7291667
22/10/2016 00:00,589.9375,639.5,726.9375,92.55729167,367.9583333,265.625
23/10/2016 00:00,591,642.6875,727.4375,98.51041667,390.7708333,284.6041667
24/10/2016 00:00,592.5,641.375,728.5625,99.13020833,393.4375,315.6875
25/10/2016 00:00,594,646,731.6875,105.1354167,386.125,304.9166667
26/10/2016 00:00,595,653.0625,738.8125,118.5729167,377.75,321.3541667
27/10/2016 00:00,596.5,661.0625,742.9375,107.609375,411.1666667,336.625
28/10/2016 00:00,599.0625,672.6875,744.25,98.49479167,414.2708333,344.9583333
29/10/2016 00:00,602.5,690.5625,750.0625,137.9791667,377.3541667,357.4375
30/10/2016 00:00,605.5,707.1875,756.125,107.1822917,422.5416667,388.2708333
31/10/2016 00:00,609.625,715.9375,763.25,92.10416667,392.375,381.5208333
01/11/2016 00:00,616,721.5,771.1875,88.890625,389.4583333,362.875
02/11/2016 00:00,621.9375,724.75,780.875,98.13020833,359.3958333,382.9583333
03/11/2016 00:00,626.9375,724.125,787.8125,122.03125,358.2291667,339.375
04/11/2016 00:00,630.5,724.375,793.4375,180.5833333,352.7708333,323.4166667
05/11/2016 00:00,633.6875,723,797.5,189.7708333,334.8333333,293.375
06/11/2016 00:00,635.3125,722.125,800.5,157.734375,302.6875,266.1041667
07/11/2016 00:00,641.125,723.5,802.1875,167.2552083,352.1875,259.9583333
08/11/2016 00:00,646.3125,723.75,803.375,117.2447917,338.0833333,309.6041667
09/11/2016 00:00,647.5,719.125,801.5625,122.2395833,308.7291667,265.0208333
10/11/2016 00:00,648.5,715.75,801.75,125.71875,320.0625,230.2916667
11/11/2016 00:00,650,709.5625,797.375,209.53125,384.0833333,275.375
12/11/2016 00:00,651.5625,704.125,790.1875,155.390625,401.8958333,341.6041667
13/11/2016 00:00,653.9375,699.125,790.4375,118.1614583,413.7083333,325.5625
14/11/2016 00:00,655.5625,688.75,800.4375,104.1041667,410.8958333,339.8125
15/11/2016 00:00,659.0625,680.8125,807.375,97.42708333,368.0833333,362.875
16/11/2016 00:00,662.875,681.5625,811.125,97.734375,377.7291667,352.625
17/11/2016 00:00,664,686.9375,817.8125,104.3229167,363.5833333,354.5
18/11/2016 00:00,665,691.125,821.9375,111.3645833,363.0625,326.9166667
19/11/2016 00:00,666.625,697.8125,826.3125,141.4791667,382.1041667,323.8541667
20/11/2016 00:00,671,708.3125,834.8125,161.03125,399.3333333,359.9583333
21/11/2016 00:00,675.4375,717.5,838.875,107.3541667,429.3541667,378.3958333
22/11/2016 00:00,678.4375,726.3125,841.5,93.40625,387.8541667,385.3333333
23/11/2016 00:00,680.5,730.3125,845.25,91.36979167,348.7291667,328.5208333
24/11/2016 00:00,682.5,729.5625,851.0625,91.64583333,330.3125,284.6041667
25/11/2016 00:00,684.5,729.5625,856.4375,167.59375,318.8333333,293.7083333
26/11/2016 00:00,687.125,731.5,856.6875,157.6666667,343.2708333,261.7083333
27/11/2016 00:00,691.5,733.9375,859.5625,156.5989583,363.3541667,270.5208333
28/11/2016 00:00,695.4375,734.5625,861,131.3854167,407.0416667,316.4791667
29/11/2016 00:00,697.9375,736,862.5625,119.140625,386.4583333,329
30/11/2016 00:00,699,738.75,866.375,153.46875,418.0625,342.1458333
01/12/2016 00:00,700,743.75,868.1875,123.171875,400.0208333,340.0416667
02/12/2016 00:00,701.5625,746.6875,871.0625,130.2239583,402.5416667,323.375
03/12/2016 00:00,704.4375,752.3125,873.125,112.265625,383.2291667,338.5833333
04/12/2016 00:00,706.5,756.5,870.6875,112.25,388.8541667,327.3541667
05/12/2016 00:00,708.5,761.125,872.5,109.2239583,403.6041667,329.2083333
06/12/2016 00:00,710.5,763.5,872.875,104.2083333,383.8958333,357.5833333
07/12/2016 00:00,712.5625,766.875,872.625,127.7760417,396.3333333,312.1666667
08/12/2016 00:00,714.9375,770,875.875,136.8645833,400.5416667,337.9166667
09/12/2016 00:00,716.5625,770.8125,875.0625,112.0052083,425.3333333,350.1875
10/12/2016 00:00,718.9375,768.6875,875.25,111.34375,440.375,374.4791667
11/12/2016 00:00,720.5,767.75,873.3125,105.5625,414.6875,368.0625
12/12/2016 00:00,722.5,763.625,873.5,101.4583333,395.75,343.6458333
13/12/2016 00:00,724,762,873.4375,93.44791667,361.375,300.6458333
14/12/2016 00:00,725.5,759.3125,872.8125,92.28645833,377.1875,273.4583333
15/12/2016 00:00,727.5,751.9375,868.4375,91.890625,362.7916667,284.2708333
16/12/2016 00:00,728.9375,743.5625,865.0625,87.296875,342.3958333,253.25
17/12/2016 00:00,729,735.9375,857.0625,83.80208333,355.0208333,232.8125
18/12/2016 00:00,729.0625,727.125,851.875,80.71354167,386.7291667,254.8541667
19/12/2016 00:00,729.9375,720.5,842.5,78.171875,393.2916667,275.5833333
20/12/2016 00:00,730,713.5,834.125,82.4375,368.6041667,278.7291667
21/12/2016 00:00,729.9375,705.8125,830.5625,114.359375,373.4791667,250.1041667
22/12/2016 00:00,729,696.0625,826.6875,132.5416667,370.2261905,262.4166667
23/12/2016 00:00,728.0625,686.8125,817.0625,132.7864583,349.6071429,276.4583333
24/12/2016 00:00,728,675.1875,809.125,120.7135417,341.125,235.9166667
25/12/2016 00:00,728,665.75,802.25,106.0416667,332,221.5
26/12/2016 00:00,727.9375,650.0625,789.9375,103.0260417,348.625,216.2083333
27/12/2016 00:00,727,635.1875,775.0625,104.0833333,368.8125,227.8541667
28/12/2016 00:00,724.9375,625.9375,763.1875,105.6822917,373.2708333,272.7083333
29/12/2016 00:00,721.5625,615.4375,758.1875,97.828125,371.8125,269
30/12/2016 00:00,719.5,600.375,759.4375,151.3958431,363.8333333,257.2291667
31/12/2016 00:00,717.5,580.1875,758.775,154.2852529,384.9791667,267.6145833
01/01/2017 00:00,714.9375,565.5,756.8083333,164.7222222,376.5416667,300.5104167
02/01/2017 00:00,711.4375,554.4375,754.7916667,189.7708333,375.5625,281.5
03/01/2017 00:00,707.0625,544.25,756.1041667,135.1041667,372.4166667,270.6041667
04/01/2017 00:00,702.875,539,750.4791667,103.8541667,392.9375,274.6041667
05/01/2017 00:00,697.0625,533.5625,744,97.72916667,354.5416667,285.3541667
06/01/2017 00:00,692,529,739.5833333,180.7708333,359.2916667,257.2291667
07/01/2017 00:00,686.9375,523.875,737.3541667,147.625,356.75,257.9375
08/01/2017 00:00,681.1875,516.4375,727.5,120.8125,384.7708333,264.7916667
09/01/2017 00:00,677.8125,508.3125,717.1041667,131.3125,383.125,289.6875
10/01/2017 00:00,671.5625,515.375,713.2291667,168.2291667,423.75,319.7708333
11/01/2017 00:00,666,525.875,716.375,203.4583333,378.0833333,335.5625
12/01/2017 00:00,660.375,523.4375,723.4583333,166.4375,374.4166667,279.1458333
13/01/2017 00:00,654.3125,514.625,729.6458333,128.3958333,367.1041667,269.3333333
14/01/2017 00:00,652.75,505.6875,724.4166667,120.75,374.7083333,257.4166667
15/01/2017 00:00,647,492.8125,714.2916667,143.625,388.2916667,264.0416667
16/01/2017 00:00,641,486.5,706.0625,118.2708333,389.125,274.562525
17/01/2017 00:00,634.5,482.375,703.5208333,147.875,401.2291667,271.1458333
18/01/2017 00:00,627.5,484.9375,702.5416667,217.375,360.5625,273.25
19/01/2017 00:00,621.125,490.125,699.125,212.3333333,363.2083333,234.7708333
20/01/2017 00:00,616.875,502.5625,692.5625,175.9166667,382.2291667,239.9375
21/01/2017 00:00,611,515.4375,681.7083333,238.8125,402.6666667,266.6875
22/01/2017 00:00,605.0625,521.875,675.1041667,185.375,361.125,273.2291667
23/01/2017 00:00,599.9375,525,674.2916667,137.3541667,354.25,224.625
24/01/2017 00:00,595.75,529.5,672.5625,119.7708333,387.3125,229.1666667
25/01/2017 00:00,589.4375,531.25,654.0625,112.1666667,341.8541667,250.8958333
26/01/2017 00:00,586.875,524.375,648.2708333,113.0208333,318.7708333,193.5833333
27/01/2017 00:00,580.8125,516.4375,650.0625,197.6875,322.9791667,171.2916667
28/01/2017 00:00,571.5,507,634.9375,180.8333333,322,174.1875
29/01/2017 00:00,562.0625,496.25,619.0833333,149.9583333,324.9375,174.6041667
30/01/2017 00:00,553.0625,480.8125,608.9583333,149.2708333,348.4375,183.6666667
31/01/2017 00:00,544.4375,469.3125,607.2708333,140.5625,325.1041667,228.8125
01/02/2017 00:00,535.5625,458.625,603.6041667,129.8125,321.4375,184.5
02/02/2017 00:00,526.25,450.0625,604.3958333,118.2916667,361.8333333,192.6875
03/02/2017 00:00,513.125,442.5,603.6666667,109.3333333,372.5208333,246.2291667
04/02/2017 00:00,504.0625,434.4375,589.5714286,106.5625,327.7916667,246.875
05/02/2017 00:00,495.9375,426,603.2708333,116.5625,314.3333333,186.6041667
06/02/2017 00:00,487.125,419,611.7083333,100.0833333,321.2291667,170.2291667
07/02/2017 00:00,481.0625,411.6875,596.7291667,92.79166667,330.8333333,179.7708333
08/02/2017 00:00,474.875,407.4375,581.4166667,88.75,325.125,188.8125
09/02/2017 00:00,465.9375,402.8125,581.3541667,84.39583333,322.3333333,179.3333333
10/02/2017 00:00,455.5,394.9375,583.5,82.58333333,324.1458333,186.5416667
11/02/2017 00:00,444.625,386.25,579.2291667,99.02083333,319.4791667,193.8125
12/02/2017 00:00,437,380.5,575.9166667,112.875,324.3333333,194.8333333
13/02/2017 00:00,430.4375,373,580.1666667,121.5,290.3958333,184.9791667
14/02/2017 00:00,422.5625,364.4375,578.2708333,93.29166667,274.9583333,140.625
15/02/2017 00:00,416.0625,355.8125,572.75,85.8125,291.3541667,122.2916667
16/02/2017 00:00,411.0625,345.3125,558.7857143,86.5625,290.125,140.7708333
17/02/2017 00:00,407.0625,339.9375,544.2142857,81.04166667,284.3541667,137.8958333
18/02/2017 00:00,398.6875,337.4375,537.1041667,86.66666667,287.4583333,138.0416667
19/02/2017 00:00,377,339.9375,534.3125,81.77083333,271.4166667,149.6666667
20/02/2017 00:00,362.625,331.1875,530.1041667,82.70833333,274.6875,120.7083333
21/02/2017 00:00,358.4375,323.75,526.5,83.27083333,296.3125,127.8958333
22/02/2017 00:00,349.9375,324.75,518.8125,104.0833333,276.8958333,149.4375
23/02/2017 00:00,340.5625,323.6875,505.0625,118.5208333,281.7708333,125.3333333
24/02/2017 00:00,330.1875,323.25,512.2708333,92.39583333,296.4791667,134.3541667
25/02/2017 00:00,323,320.625,517.125,96.41666667,313.8125,153.2916667
26/02/2017 00:00,319.5625,317.75,517.6041667,134.125,324.1875,175.6458333
27/02/2017 00:00,317.375,309.0625,524.4583333,131.1666667,319.7708333,196.0416667
28/02/2017 00:00,313.625,297.875,533.7291667,99.8925,309.8055583,193.0208333
01/03/2017 00:00,312.625,310.625,539.5208333,115.6041667,325.541675,183.1666667
02/03/2017 00:00,315.1875,322.5,538.2916667,153.4791667,312.75,195.1041667
03/03/2017 00:00,320.375,316.5625,533.3541667,146.0833333,323.625,186.7708333
04/03/2017 00:00,322.9375,315,535.5625,105.8333333,350.625,206.625
05/03/2017 00:00,324.5,323.25,531.6041667,92.625,345.125,234.7916667
06/03/2017 00:00,324.6875,334.875,533.4375,97.70833333,330.375,222.75
07/03/2017 00:00,320.9375,341.0625,538.1875,134.0208333,355,201.6458333
08/03/2017 00:00,324.5,354.8125,541.3125,175.7291667,389.875,269.4583333
09/03/2017 00:00,329,365.375,536.3541667,144.6666667,359.125,291.5416667
10/03/2017 00:00,334,381.5625,548.4166667,171.1875,365.875,243.4791667
11/03/2017 00:00,339.625,402.1875,565.4375,149.6041667,370,258.7083333
12/03/2017 00:00,350.3125,419.3125,563.3541667,230.8125,379.75,266.4583333
13/03/2017 00:00,366.625,440.375,559.1458333,185.1875,412.125,318.3125
14/03/2017 00:00,376.875,460.6875,569.25,219.3958333,432.25,314.6458333
15/03/2017 00:00,383.6875,480.5,582.6875,187.9166667,431.25,333.5625
16/03/2017 00:00,392.9375,503,592.8125,150.5416667,459.75,378.6458333
17/03/2017 00:00,403.1875,532,603.625,164.5,462.75,398.698575
18/03/2017 00:00,415,539,626.875,168.0208333,464.5,379.322275
19/03/2017 00:00,426.5,530.8125,645.0625,177.2291667,434,362.2708333
20/03/2017 00:00,437.9375,523.125,650.9375,151.7916667,410.125,319.6458333
21/03/2017 00:00,447.3125,530.5,651.75,156.6666667,410.625,316.1666667
22/03/2017 00:00,452.9375,537.8125,647.125,172.0833333,404.75,307.75
23/03/2017 00:00,455.9375,542.625,643.4375,158.6458333,419.625,302.0625
24/03/2017 00:00,457.5625,550.0625,641.375,172.6875,434.375,330.9583333
25/03/2017 00:00,460.4375,557.5,639.25,187.4583333,413.75,346.375
26/03/2017 00:00,462.625,565,641.875,212.6041667,452.75,335.75
27/03/2017 00:00,466.9375,572.4375,650.8839286,173.8541667,480.625,396.0625
28/03/2017 00:00,471.0625,580,657.5327381,181.8958333,459.25,382.4583333
29/03/2017 00:00,476.5625,587.25,668.7708333,235.3125,462.75,362.7291667
30/03/2017 00:00,484,594.3125,678.9791667,186.2916667,476.75,371.9791667
31/03/2017 00:00,491,595.6875,681.2708333,266.5208333,518.75,401.4583333
01/04/2017 00:00,496.875,607.875,686.3541667,275,532.875,418.9791667
02/04/2017 00:00,501.6875,616.4375,694.8958333,186.1666667,506.375,428.0416667
03/04/2017 00:00,508.9375,622.0625,704.9583333,158.5625,509.5,420.6458333
04/04/2017 00:00,514.9375,617.3125,714.9375,138.7291667,510.625,422.25
05/04/2017 00:00,519.4375,601.5,722.5625,123.3541667,451.25,410.75
06/04/2017 00:00,523,585.5625,728.0625,114.6041667,416.375,359.375
07/04/2017 00:00,526.4375,577.0625,732.9166667,108.9375,391.625,310.875
08/04/2017 00:00,528.5,569.625,734.0416667,105.625,407.5,286.9166667
09/04/2017 00:00,529.9375,563,728.9583333,115.6458333,414.625,306.1875
10/04/2017 00:00,529.4375,556.25,722.8125,139.0208333,427.875,328.2083333
11/04/2017 00:00,527.5,545.6875,722.7916667,182.3333333,437,321.4166667
12/04/2017 00:00,526,538.625,725,162.8125,430.375,349.1666667
13/04/2017 00:00,525.0625,534.25,725.8333333,164.1458333,413.375,367.1666667
14/04/2017 00:00,525,527,728.5625,157.5625,432.25,344.5625
15/04/2017 00:00,525,518.25,732.9791667,219.1875,431.25,360.9791667
16/04/2017 00:00,525.5625,515.3125,733.5,167.2708333,459.75,366.3333333
17/04/2017 00:00,527,521.5,736.7916667,209.6041667,462.75,319.8125
18/04/2017 00:00,528.5,524.875,739.7708333,189.125,464.5,327.0416667
19/04/2017 00:00,530.5,516.9375,739.9375,165.2291667,425.25,306.1041667
20/04/2017 00:00,531.9375,518.3125,740.9166667,194.8125,410.375,356.1041667
21/04/2017 00:00,532.0625,531.5625,743.3541667,192.6041667,432.375,364.625
22/04/2017 00:00,533.5,552.9375,746.3125,157.1666667,462.6875,377.8541667
23/04/2017 00:00,535.5625,574,749.6666667,133.8541667,451.9375,375.2083333
24/04/2017 00:00,539.125,573,754.2083333,118.9791667,413.875,358.4375
25/04/2017 00:00,543.75,572,757.875,113.7916667,394.25,345.4583333
26/04/2017 00:00,544.5625,578.375,760.3541667,188.8333333,414.5,311.0625
27/04/2017 00:00,546.5,584.625,761.5625,169.2083333,466.5,360.7291667
28/04/2017 00:00,548.5,589.3125,761.7916667,126.7291667,464,373.25
29/04/2017 00:00,551.125,581.6875,763.7083333,187.8958333,418.875,358.6041667
30/04/2017 00:00,554.8125,588.875,768.0208333,320.0833333,383.5,314.5625
01/05/2017 00:00,555,602.625,771.0208333,260.8125,404.5,335.875
02/05/2017 00:00,556.0625,616.3125,771.2083333,205.375,437,317.0416667
03/05/2017 00:00,559.0625,623.8125,772.9375,171.9375,456.5,383.1666667
04/05/2017 00:00,562.5625,630.875,773.8333333,164.7708333,459,391.1875
05/05/2017 00:00,567,630.375,777.625,160.8333333,452,380.6875
06/05/2017 00:00,572.5625,637.6875,786.5625,166.7291667,462.625,380.1666667
07/05/2017 00:00,578.375,644.1875,792.3958333,141.4583333,500.625,409.5
08/05/2017 00:00,581.4375,648.75,797.25,191.75,506,423.0625
09/05/2017 00:00,583.375,668.375,806.8958333,179.2291667,515.875,433.8541667
10/05/2017 00:00,590.6875,681,815.25,315.1041667,518.625,444.9375
11/05/2017 00:00,595.125,703.375,826.75,310.2291667,535.25,455.4791667
12/05/2017 00:00,601,730.625,840.4166667,199.7083333,530.75,473.1666667
13/05/2017 00:00,607,749.125,848.4791667,190.1458333,537.625,475.9791667
14/05/2017 00:00,613,762.75,857.375,268.1041667,535,474.6041667
15/05/2017 00:00,619.375,777.75,865.1041667,254.7708333,528.625,475.625
16/05/2017 00:00,624.625,777,871.3333333,208.4166667,534.5,477.1458333
17/05/2017 00:00,630.9375,771.5625,878.3541667,170.3333333,544.125,481.0208333
18/05/2017 00:00,636,767.375,885.375,158.9791667,558.25,483.9166667
19/05/2017 00:00,640.9375,761.9375,891.1041667,155.2916667,564.75,486.7291667
20/05/2017 00:00,645,754.9375,896.1666667,145.4375,543.75,488.3333333
21/05/2017 00:00,648.5625,746.625,902.1666667,159.7708333,515.625,492.1875
22/05/2017 00:00,653.0625,739.4375,908.6666667,217.2291667,479.5,480.4791667
23/05/2017 00:00,658.875,731,914.1666667,184.5625,470.25,461.5
24/05/2017 00:00,662.5625,722.375,919.1458333,158.5208333,487.75,426.9375
25/05/2017 00:00,666.5,712.0625,923.7708333,145.8541667,483.125,415.2708333
26/05/2017 00:00,670.375,701.125,927.0416667,148.9583333,433,393.2916667
27/05/2017 00:00,672.625,692.125,930.9791667,149.5416667,408.25,340.6875
28/05/2017 00:00,676.4375,687.9375,932.5208333,134.0625,387.625,309.75
29/05/2017 00:00,679.5,683.75,932.0833333,135.9375,368.375,275.2291667
30/05/2017 00:00,682.9375,674.625,930.8125,140.4791667,399.875,275.8333333
31/05/2017 00:00,686.0625,666.0625,927.375,135.5833333,360.125,313.625
01/06/2017 00:00,690,659.0625,923.0208333,164.3958333,379.375,256.6875
02/06/2017 00:00,693.5,653.875,918.4583333,164.4375,396.125,272.9166667
03/06/2017 00:00,697,647.5625,912.25,149.4791667,371.125,285.1458333
04/06/2017 00:00,701,640.5625,905,175.0833333,354,242.8125
05/06/2017 00:00,705,634.375,899.6041667,259.8958333,336.5,234.6875
06/06/2017 00:00,709,627.3125,890.4583333,158.25,337,227.25
07/06/2017 00:00,713,627.3125,880.1041667,134.1875,362.125,217.4375
08/06/2017 00:00,718.75,635.375,875.5,185.875,359.375,272.0833333
09/06/2017 00:00,727.25,642.0625,869.0416667,154.6875,352.625,289.5208333
10/06/2017 00:00,730.4375,648.875,865.5,137.5208333,338.75,269.3125
11/06/2017 00:00,733.0625,652.6875,861.7708333,164.0625,365.125,241.4375
12/06/2017 00:00,735.9375,657.6875,856.7083333,131.625,384,275.0208333
13/06/2017 00:00,737,661.3125,850.7708333,189.75,389,299.5416667
14/06/2017 00:00,737.9375,671.375,849,252.1041667,401.375,299.3958333
15/06/2017 00:00,739.125,679.9375,851.1041667,240.2708333,440.625,316.3541667
16/06/2017 00:00,741.9375,686.125,852.2708333,199.2916667,418.25,349.1458333
17/06/2017 00:00,744.0625,690.25,852.7916667,158.875,394.75,319.9791667
18/06/2017 00:00,746.9375,691.6875,854.6041667,140.4791667,400.75,312.75
19/06/2017 00:00,747.9375,697.9375,853.6458333,161,413.25,325.8958333
20/06/2017 00:00,748.625,702.5,852.4375,165.2291667,402.75,337.6875
21/06/2017 00:00,750.8125,704.875,852.0416667,326.8958333,402.75,310.6666667
22/06/2017 00:00,750.0625,704.875,852.0833333,212.2916667,393.5,315.8958333
23/06/2017 00:00,750.625,700.9375,852.0416667,177.1875,385.875,289.0625
24/06/2017 00:00,752.9375,695.3125,852,156.3958333,369.625,290.8333333
25/06/2017 00:00,754.5,689.5625,850.625,225.5625,362.4375,263.2916667
26/06/2017 00:00,756,684.0625,849.4791667,200.8333333,377.6875,259.5833333
27/06/2017 00:00,757.5,679,849.6041667,163.7708333,374.5,302.3333333
28/06/2017 00:00,759.5625,673.5,846.7916667,148.8958333,367.25,290.3125
29/06/2017 00:00,761.9375,667.5625,844.5,142.8333333,366.625,282.2916667
30/06/2017 00:00,762.9375,662.5,842.7386364,165.4375,403.125,275.3958333
01/07/2017 00:00,763.0625,658.625,839.0113636,148.25,391,326.4583333
02/07/2017 00:00,764.5,657.25,835,163.1458333,349.25,278.3958333
03/07/2017 00:00,765.9375,650.5625,832.4464286,254.7916667,338.25,249.4166667
04/07/2017 00:00,766,646.375,832.3035714,201.5625,325.375,243.5
05/07/2017 00:00,765.9375,652.0625,824.875,167.4583333,338.375,227.0833333
06/07/2017 00:00,765.0625,649.9375,818.125,205.5208333,326.75,228.2708333
07/07/2017 00:00,765,641,809.3958333,245.3333333,288.25,209.2291667
08/07/2017 00:00,764.9375,629,801.5625,244.5416667,265.5,158.8333333
09/07/2017 00:00,764.0625,617.5625,791.5625,282.7291667,267.625,134.9583333
10/07/2017 00:00,764,608.5625,773.5833333,237.2083333,285.375,146.9791667
11/07/2017 00:00,763.9375,599.3125,758.2916667,200.1666667,301.75,163.9791667
12/07/2017 00:00,763,598.125,751.7916667,175.6666667,305.875,190.4791667
13/07/2017 00:00,762,604.4375,746.6458333,148.4791667,328.625,183.6666667
14/07/2017 00:00,761,610.875,743.9791667,132.5833333,323.75,217.875
15/07/2017 00:00,760.125,615.5,739.5208333,123.9375,308,205.6041667
16/07/2017 00:00,760.875,617,742.7291667,120.2708333,310.625,194.0625
17/07/2017 00:00,760.0625,617.5625,739.7708333,116.3958333,321.75,201.9583333
18/07/2017 00:00,759.9375,621.5,732.875,175.7708333,306.625,213.1458333
19/07/2017 00:00,758,626.625,730.4583333,342.5208333,319.875,191.8541667
20/07/2017 00:00,754.9375,628.5,731.8125,226.2083333,336.625,237.1458333
21/07/2017 00:00,751.5625,620.6875,729.2083333,158.7916667,328.875,240.0833333
22/07/2017 00:00,748.9375,615.25,734.1458333,137.1458333,296.5,222.9791667
23/07/2017 00:00,746.0625,602.125,734.4166667,144.7291667,265.375,179.5208333
24/07/2017 00:00,744.4375,589.5,725.4791667,181.2291667,265,140.7083333
25/07/2017 00:00,741.5625,572.8125,710.3958333,291.0833333,258.625,140.8958333
26/07/2017 00:00,738.9375,561.6875,692.3958333,289.2708333,276,124.2708333
27/07/2017 00:00,735,556,679.7708333,306.1041667,288.3125,150.75
28/07/2017 00:00,730.9375,550.0625,667.0416667,220.9375,301.3125,158.0833333
29/07/2017 00:00,725.4375,543.0625,663.2291667,196.6875,270.75,174.6041667
30/07/2017 00:00,719.6875,538.8125,662.6666667,199.2916667,297.375,138.375
31/07/2017 00:00,716.9375,535.5625,665.2083333,186.9791667,307.5,181.6458333
01/08/2017 00:00,711.1875,530.9375,660.1041667,143.3125,287.5,181.2916667
02/08/2017 00:00,703,524.25,663.8541667,126.9375,279.5,159.2291667
03/08/2017 00:00,702.25,533.0625,664.3958333,119.2708333,272.25,147.5
04/08/2017 00:00,697.5,548.75,654.5416667,143.5,279.5,139.125
05/08/2017 00:00,693.0625,560.5625,645.6666667,186.625,272.875,155.1875
06/08/2017 00:00,688.9375,571.8125,635.25,175.8333333,269.5,148.4583333
07/08/2017 00:00,684,580.75,636.5833333,185.875,285.5,137.9583333
08/08/2017 00:00,679.0625,582.4375,634.5416667,179.625,287.875,166.7916667
09/08/2017 00:00,674.9375,578.9375,627.7708333,289.5,283.125,171.25
10/08/2017 00:00,670.5625,573.4375,634.2291667,220.8541667,285.875,171.2916667
11/08/2017 00:00,666.9375,576.6875,639.8541667,151.5416667,308.625,164.8541667
12/08/2017 00:00,663.25,587,640.2708333,135.5833333,341.625,199.7291667
13/08/2017 00:00,663.875,597.3125,641.9375,130.8541667,315.5,255.2708333
14/08/2017 00:00,661.3125,606.5625,652.7916667,123.8125,278.25,200.0416667
15/08/2017 00:00,655.0625,591.5625,663.25,114.7708333,282.625,154.5208333
16/08/2017 00:00,651.125,581.5,657.875,109.7291667,283.875,165.1875
17/08/2017 00:00,649.5,589.3125,646.1666667,105.4583333,278.75,178.8541667
18/08/2017 00:00,647.375,589.9375,643.775,102.9166667,288.125,161.7708333
19/08/2017 00:00,644.125,580.625,648.6,119.0208333,301,179.7708333
20/08/2017 00:00,643,573.625,648.5208333,127.4375,327.75,236.9791667
21/08/2017 00:00,642.625,581.0625,654.6666667,143.1666667,313.625,241.9375
22/08/2017 00:00,643.9375,595.125,662.2291667,253.5416667,322.875,217.2916667
23/08/2017 00:00,644,608.3125,663.9583333,191.4583333,309.25,218.5416667
24/08/2017 00:00,643.9375,617.4375,664.4375,132.5,299.625,205.3333333
25/08/2017 00:00,643,620.375,666.0625,120.7916667,291.875,206.375
26/08/2017 00:00,642,611.6875,665.125,142.9791667,281.125,187.6458333
27/08/2017 00:00,641,605.125,663.6875,124.4375,299.5,174.2708333
28/08/2017 00:00,639.5,595.375,664.7916667,144.3333333,333,232.3750042
29/08/2017 00:00,637.5,590.875,666.8125,153.4166667,326.875,244.9375
30/08/2017 00:00,634.0833333,590.5,674.2083333,265.3541667,320.625,265.0416667
31/08/2017 00:00,612.6591529,603.5,680.625,238.2916667,308.375,271.7499792
01/09/2017 00:00,637.75,619.4375,683.8333333,184.0833333,312.875,223.125
02/09/2017 00:00,639,614.6875,685.9166667,142.875,312.875,211.7083333
03/09/2017 00:00,639.8125,607.0625,684.3958333,158.6458333,313.875,209.2916667
04/09/2017 00:00,637.1875,593.375,681.9791667,134.5625,286.5,210.5416708
05/09/2017 00:00,632.875,585.375,679.0208333,118.6041667,306.5,171.2187292
06/09/2017 00:00,633.5,577.125,675.6041667,114.9791667,311.25,195.90625
07/09/2017 00:00,631.5,572.375,669.8541667,119.9166667,312.625,239.875
08/09/2017 00:00,630,567.125,672.6041667,109.2916667,327.75,257.9999958
09/09/2017 00:00,629.625,573.1875,680.9791667,105.9375,349,253.9375
10/09/2017 00:00,631.5,585.8125,688.9375,121.4166667,335.875,273.375
11/09/2017 00:00,634.0625,594.875,694.1041667,104.7916667,331.125,263.1785714
12/09/2017 00:00,636.875,610.875,698.1041667,99.02083333,330,251.8214286
13/09/2017 00:00,637.0625,628.25,703.2708333,97.4375,366,234.25
14/09/2017 00:00,637.9375,641.625,700.875,101.7916667,314.25,275.7321429
15/09/2017 00:00,638.625,654.1875,698.4583333,99.20833333,319.75,226.4553571
16/09/2017 00:00,641.5,661,703.75,119.7291667,353.25,254.6666667
17/09/2017 00:00,643.875,666.625,698.5625,147.3333333,366,291.8958167
18/09/2017 00:00,644,673.9375,701.0833333,193.7708333,319.25,296.7916875
19/09/2017 00:00,644,679.5,707.1875,162.125,322.625,228.5833333
20/09/2017 00:00,644,681.625,710.375,115.2083333,357.25,250.2291667
21/09/2017 00:00,644,675.9375,704.7083333,101,347.125,300.6041667
22/09/2017 00:00,644.5625,669.625,704.9166667,94.375,305.5,252
23/09/2017 00:00,645.9375,664.4375,710.1071429,92.625,320.375,226.3125
24/09/2017 00:00,646.0625,657.9375,710.0595238,150.125,321.125,285.6875
25/09/2017 00:00,647,661.5625,707.8125,238.2916667,299.625,246.3749792
26/09/2017 00:00,647.9375,668.25,716.1666667,181.9583333,287.875,219.7083333
27/09/2017 00:00,648.5625,667.5625,714.75,120.375,287,193.6458333
28/09/2017 00:00,649.9375,669,709.2708333,106.6666667,296.75,196.7916667
29/09/2017 00:00,649.9375,674.6875,703.5208333,108.1458333,300.625,229.7083333
30/09/2017 00:00,649.125,681.5,703.75,140.6041667,333,240.0625
01/10/2017 00:00,649.9375,677.125,709.125,155.25,360.375,306.8541625
02/10/2017 00:00,650,663.875,715.5,121.3125,369.875,329.75
03/10/2017 00:00,650.625,667.375,725.8958333,114.3958333,381.6875,363.3125
04/10/2017 00:00,652.9375,674.5,735.4375,191.9166667,398.8125,351.1875
05/10/2017 00:00,655.0625,680,746.125,198.1666667,403.625,383.375
06/10/2017 00:00,657.875,675,753.5,169.8958333,368.25,359.875
07/10/2017 00:00,658.5625,666.125,761.2857143,129.8958333,374.625,336.25
08/10/2017 00:00,660,659.9375,769.1190476,132.125,340.125,314.75
09/10/2017 00:00,661,653.4375,770.25,122.1041667,341.375,267.875
10/10/2017 00:00,661.9375,646.5,771.3333333,108.3541667,345.75,271.125
11/10/2017 00:00,662,651.1875,771.9375,100.4583333,341.375,267.4375
12/10/2017 00:00,662.5625,662.8125,773.1666667,102.3958333,383.5,274.5
13/10/2017 00:00,663.9375,666.1875,771.2708333,103.8541667,340.875,286.2465857
14/10/2017 00:00,664,653.1875,769.1041667,124.4166667,308.375,248.088381
15/10/2017 00:00,664.0625,640.625,767.9791667,136.875,300.125,224.6875417
16/10/2017 00:00,664.9375,630,761.2291667,179.1875,304,211.6041667
17/10/2017 00:00,660.5625,621.125,751.7708333,145.3125,285.875,199.25
18/10/2017 00:00,663.4375,613.3125,740.5208333,153.0416667,272,173.5714286
19/10/2017 00:00,663.4375,603.5625,730,119.4375,278.5,150.6160714
20/10/2017 00:00,662,595.4375,718.3958333,114.3958333,290.5,168.6041667
21/10/2017 00:00,661,586.5625,708.4583333,102.5,274.75,172.2291667
22/10/2017 00:00,659.5,590,702.5625,154.9166667,308.875,170.7708333
23/10/2017 00:00,657.5,599.5,698.21875,153.875,349.5,257.0625
24/10/2017 00:00,656.625,606.25,692.1458333,121.6666667,343.625,253.875
25/10/2017 00:00,657.3125,615.875,706.375,118.6666667,316.25,243.8333333
26/10/2017 00:00,655.125,626,715.6770833,117.8541667,292.5,208.1041667
27/10/2017 00:00,654.4375,636.0625,710.0208333,110.2291667,336.5,215.75
28/10/2017 00:00,653.0625,646.5625,704.1041667,138.9791667,345.375,260.8125
29/10/2017 00:00,653,657.4375,713.3541667,137.4791667,357.5,298.25
30/10/2017 00:00,653,661.75,723.4791667,122.6458333,354.375,327.1458333
31/10/2017 00:00,653,648.6875,737.4583333,134.125,358.75,288
01/11/2017 00:00,653.0625,639.0625,744.2916667,126.5,358.4375,286.5
02/11/2017 00:00,653.9375,651.75,736.8125,157.5,330.1875,285.875
03/11/2017 00:00,654,658.6875,734.2708333,138.1666667,324.5,255.4583333
04/11/2017 00:00,654.5625,655.875,734,175.2916667,369.75,272.7083333
05/11/2017 00:00,655.875,666.8125,730.0208333,140.9375,409.375,351.1458333
06/11/2017 00:00,655.0625,681.4375,734.2083333,110.6875,425,362.4375
07/11/2017 00:00,655.5625,692.25,743.2708333,99.5,392.75,356.9583333
08/11/2017 00:00,657,696.4375,747.3541667,101.5208333,349,307.1666667
09/11/2017 00:00,657.9375,699.9375,753.9375,115.8125,343.875,287.8541667
10/11/2017 00:00,658,701.25,758.9375,125.7708333,378.25,311.3125
11/11/2017 00:00,658,696.6875,759.2291667,168.2291667,391.25,323.8541667
12/11/2017 00:00,658.0625,693.8125,761.0208333,136,374.375,322.9375
13/11/2017 00:00,658.9375,689.5,761.1458333,112.8125,395.875,304.6875
14/11/2017 00:00,659,683.6875,762.0416667,135.4166667,399,330.1875
15/11/2017 00:00,659.5625,676.9375,763.9791667,158.3958333,390.625,333.5416667
16/11/2017 00:00,661,685.6875,768.3958333,155.2291667,426.75,346
17/11/2017 00:00,662.5,689.5625,772.625,128.5833333,497.25,392.4166667
18/11/2017 00:00,664.5,694.0625,776.6666667,114.6875,487.5,442.4583125
19/11/2017 00:00,666.5,700.75,783.3125,101.2708333,472.125,448.9166917
20/11/2017 00:00,668.5,715.5,791.1875,204.5,462.375,445.5625
21/11/2017 00:00,670.5,731.6875,799.0208333,252.3541667,434.125,435.0625
22/11/2017 00:00,672.5,745.75,806.8958333,137.6041667,440.25,406.125
23/11/2017 00:00,674.5,751.5625,814.5,120.25,448,403.0833333
24/11/2017 00:00,676.5625,765.6875,821.5208333,149.0625,426.625,403.7708333
25/11/2017 00:00,679.4375,772.5,829.1041667,128.0833333,438.875,396.875
26/11/2017 00:00,681.8125,775.4375,835.1458333,121.1041667,451.5,395.2083333
27/11/2017 00:00,687.25,768.5625,840.3125,117.2083333,425.375,378.9791667
28/11/2017 00:00,689.4375,760,844.6666667,150.8541667,430.875,361.0625
29/11/2017 00:00,691.5625,750,847.9583333,119.3333333,419.5,361.625
30/11/2017 00:00,694.4375,740.4375,849.1666667,102.5416667,408.5,353.2708333
01/12/2017 00:00,696.5625,730.625,850.4166667,102,395.375,352.1875
02/12/2017 00:00,699.5,720.4375,852,165.3125,378.375,326.5416667
03/12/2017 00:00,701.875,709.3125,853.0416667,205.4791667,344.75,325
04/12/2017 00:00,702.625,697.75,852.4791667,159.25,340.875,263.4791667
05/12/2017 00:00,705.5,690.0625,849.9791667,150.3333333,389.375,258.9791667
06/12/2017 00:00,707.875,683.9375,842.1458333,112,349.25,302.7916667
07/12/2017 00:00,708,677.0625,836.4583333,99.375,337,244.2708333
08/12/2017 00:00,708,673.375,834.6041667,93.64583333,315.5,244.5208333
09/12/2017 00:00,708,675.6875,825.3541667,97.41666667,356.75,236.9583333
10/12/2017 00:00,708,671.5,819.0208333,99.47916667,365,279.4583333
11/12/2017 00:00,708,666.8125,811.9375,105.2708333,384.875,336.3333333
12/12/2017 00:00,708,663.3125,815.0833333,95.1875,354.375,317.0833333
13/12/2017 00:00,708,664.5,820.2916667,88.58333333,354.125,296.0833333
14/12/2017 00:00,708,663,819.2916667,83.95833333,358,304.375
15/12/2017 00:00,708,660.9375,815.0625,80.52083333,368,282.5416667
16/12/2017 00:00,708,651.5625,812.125,78.27083333,332.125,268.9791667
17/12/2017 00:00,707.4375,634.0625,806.4375,76.83333333,309.25,226.9166667
18/12/2017 00:00,705.5,621.0625,797.375,75.35416667,315.5,201.3333333
19/12/2017 00:00,703.375,603.375,783.8125,73.85416667,280.75,199.5833333
20/12/2017 00:00,699.0625,584.5,769.3958333,75.9375,273.625,155.5416667
21/12/2017 00:00,694.9375,570.0625,756.1458333,74.6875,280.25,148.6458333
22/12/2017 00:00,690.5625,556.0625,734.1666667,73.27083333,298.5,155.7083333
23/12/2017 00:00,686.875,544.625,706.5,71.47916667,285.625,164.8198042
24/12/2017 00:00,681,535.75,701.8333333,73.4375,288.5,147.3470708
25/12/2017 00:00,674.4375,522.8125,691,89.4375,280.375,165.125
26/12/2017 00:00,668.3125,525.5625,677.9375,124.7291667,307.125,153.2708333
27/12/2017 00:00,667.4375,536.5,670.1666667,170.5208333,327.125,193.375
28/12/2017 00:00,662.625,546.625,655.375,144.3333333,337.625,207.125
29/12/2017 00:00,651.125,561.1875,658.25,122.9166667,376,222.5416667
30/12/2017 00:00,642,573.3125,659,149.4583333,359.5,291.1041667
31/12/2017 00:00,635.3125,586.9375,658.3928571,117.5208333,338.625,259.5833333
01/01/2018 00:00,634.8125,602.25,681.0446429,150.75,347.375,247.7708333
02/01/2018 00:00,632.125,621.0625,685.6875,198.1458333,378.375,266.5625
03/01/2018 00:00,631.0625,631.5,676.0625,130.0625,408.5,298.2708333
04/01/2018 00:00,630.375,639.125,680.25,139.6041667,389.625,313.2916667
05/01/2018 00:00,627.5625,647.1875,690.625,110.6458333,373,306.1041667
06/01/2018 00:00,626.0625,651.625,693.0625,103.9791667,342.25,290.4166667
07/01/2018 00:00,626,654.125,695.4375,105.6875,331.375,305.875
08/01/2018 00:00,626,647.375,697.4375,104.5833333,335.25,271.2083333
09/01/2018 00:00,625.4375,639.1875,696,103.9791667,345.25,256.1041667
10/01/2018 00:00,623.5,633.5,692.0625,123.125,356.75,279.75
11/01/2018 00:00,622.0625,628.1875,683.4375,111.7916667,358.5,294.5416667
12/01/2018 00:00,621.4375,636.75,683.125,102.3541667,397.125,294.0416667
13/01/2018 00:00,619.5,633,685.6875,91.4375,386.625,320.6041667
14/01/2018 00:00,618,627.3125,683.875,93.04166667,393.75,325.4791667
15/01/2018 00:00,617,628.125,688.4375,125.875,382.75,336.5208333
16/01/2018 00:00,615.5,619.375,692.625,203.5833333,378.25,325.6458333
17/01/2018 00:00,614,607.3125,695.75,139.9375,411.375,323
18/01/2018 00:00,613.0625,593.875,695.5,113.5,395.875,371.0208333
19/01/2018 00:00,612.9375,585.3125,697.1875,134.1875,367,323.9791667
20/01/2018 00:00,612,574.6875,699.625,225.4166667,376.375,297.0625
21/01/2018 00:00,611.0625,566.4375,701.0625,177.9375,374.375,295.1666667
22/01/2018 00:00,610.9375,559.5,696.8125,122.9791667,358.25,282.0416667
23/01/2018 00:00,609.375,553.5625,690.625,107.1666667,337.25,259.8333333
24/01/2018 00:00,605.5625,547.3125,684.875,96.52083333,307.375,234.7708333
25/01/2018 00:00,601.9375,547.5625,675.75,89.6875,309.375,193.9166667
26/01/2018 00:00,597.5625,552.9375,653.375,86.77083333,328.375,197.5416667
27/01/2018 00:00,593.4375,549.25,650.4375,83.39583333,300,195.625
28/01/2018 00:00,587.4375,540.375,641.1875,88.08333333,294.875,171.4583333
29/01/2018 00:00,579.875,528.375,638.25,85.45833333,294.5,174.9166667
30/01/2018 00:00,570.0625,517.4375,629.4375,79.54166667,270.125,160.7916667
31/01/2018 00:00,562.0833333,500.625,611.8125,76.20833333,263,135.0416667
01/02/2018 00:00,559.090742,485.125,596.1875,73.875,289.625,122.2083333
02/02/2018 00:00,528.2416812,476.25,582.0625,72.41666667,295.75,158.2083333
03/02/2018 00:00,502.1523964,465.125,567.0625,74.77083333,321.5,163.1458333
04/02/2018 00:00,491.7143771,456,565.8125,112.2291667,295,202.1875
05/02/2018 00:00,492.4166667,445.875,574.1875,114.2916667,273.625,163.1041667
06/02/2018 00:00,484.625,432.25,586.6875,138.3125,285.25,137.4583333
07/02/2018 00:00,476.5625,422.5625,581.25,142.7916667,279.125,148.125
08/02/2018 00:00,470,416.75,551.3125,101.7916667,277.25,137.1875
09/02/2018 00:00,460.5625,418.3125,544.0625,88.91666667,263.75,129.3125
10/02/2018 00:00,450.8125,417.375,538.9375,82.875,284.625,116.5
11/02/2018 00:00,439.9375,411.5,520.75,77.9375,289.75,142.2083333
12/02/2018 00:00,426,404.8125,506,74.14583333,305.25,151.4791667
13/02/2018 00:00,411.4375,393.8125,514.0625,71.54166667,311.375,168.2083333
14/02/2018 00:00,398.75,389.125,518.0625,70.5625,295.5,166.9166667
15/02/2018 00:00,388.4375,384.125,513.6875,73.6875,282,158.6666667
16/02/2018 00:00,378.1875,378.6875,511,71.66666667,288,143.3333333
17/02/2018 00:00,373.25,374.3125,502.4375,69.83333333,315.375,149.0208333
18/02/2018 00:00,363.0625,377.625,499.875,86.27083333,320,197.0208333
19/02/2018 00:00,352.6875,385.8125,484.4375,124.9791667,297.875,190.2916667
20/02/2018 00:00,340.125,391.0625,509.4375,144.5625,295.75,163.875
21/02/2018 00:00,332,396.75,529.0625,204.625,299.75,161.6458333
22/02/2018 00:00,323.375,407.375,508.5,177.2083333,295.75,161.75
23/02/2018 00:00,325.625,417.3125,489.625,161.8333333,307.125,162.5625
24/02/2018 00:00,322.6875,424.125,483.8125,196.5208333,318.75,177.7083333
25/02/2018 00:00,314.125,431.125,486.625,149.5625,312.75,188.2916667
26/02/2018 00:00,310.75,429.4375,504.875,122.375,308,175.0416667
27/02/2018 00:00,313.0625,423,506.25,107.1458333,345.25,179.8958333
28/02/2018 00:00,315.8125,415.5625,512.1875,104.1041667,327.25,220
01/03/2018 00:00,315.625,409.375,502.375,96.04166667,306.375,194.8958333
02/03/2018 00:00,316.3125,402.8125,520.9375,166.2291667,314.5,174.1666667
03/03/2018 00:00,314.5625,393.6875,519.8125,180.7083333,308.1666667,167.0208333
04/03/2018 00:00,315,386.625,509.875,134.25,330.8958333,138.3125
05/03/2018 00:00,314.9375,380.9375,488.3125,111.2916667,350.6666667,213.2708333
06/03/2018 00:00,310,375.375,478.4375,119.625,340.3157453,234.8333333
07/03/2018 00:00,296.9375,386.1875,513.6875,126.5625,325.1185902,219.9791667
08/03/2018 00:00,286.875,396.5625,537.125,147.4791667,327.942629,194.3333333
09/03/2018 00:00,293.8125,410.25,532.125,143.0625,306.3708345,206.3125
10/03/2018 00:00,305.8125,428.625,524.125,110.75,281.73654,170.4791667
11/03/2018 00:00,311.5625,440,521.5625,94.9375,266.9689216,133.9375
12/03/2018 00:00,316.5,451.6875,521,87.89583333,262.2126835,111.3125
13/03/2018 00:00,340.625,465.6875,506.875,83.02083333,269.1879634,107.7291667
14/03/2018 00:00,339.75,475.1875,486.6875,79.54166667,264.70491,123.1875
15/03/2018 00:00,331.3125,485.5,466.5,77.33333333,264.8676899,115.3125
16/03/2018 00:00,319.5,495.4375,466.3125,78.95833333,278.9263031,109.9166667
17/03/2018 00:00,309.1875,505.6875,464.125,77.85416667,284.4849164,131.2708333
18/03/2018 00:00,303.6666667,517.875,452.3125,73.83333333,289.5155953,136.6041667
19/03/2018 00:00,353.7905348,527.5,444.9375,103.2083333,301.1192185,149.1666667
20/03/2018 00:00,350.4673267,537.5625,447.0625,98.20833333,303.2839326,168.125
21/03/2018 00:00,373.7302259,530.1875,467.625,97.10416667,324.9278134,164.5833333
22/03/2018 00:00,358.8542422,518.5,470.125,95.25,331.9258608,216.8958333
23/03/2018 00:00,365.1170959,507.9375,472.875,81.27083333,329.0697415,211.0208333
24/03/2018 00:00,393.5069544,497.4375,498.5,117.2291667,325.7344556,222.4791667
25/03/2018 00:00,405.1546638,486.25,512.4375,122.625,343.1939441,230.2916667
26/03/2018 00:00,396.0682967,482,512,141.3125,370.7083333,238.0208333
27/03/2018 00:00,390.5093716,489,522.875,155.7291667,363.8958333,302.4791667
28/03/2018 00:00,419.4067183,497.0625,536.3125,118.0416667,359.8958333,273.0833333
29/03/2018 00:00,444.2497182,506.875,553.125,170.375,350.0416667,263.2916667
30/03/2018 00:00,459.2600835,514.5625,565.8125,170.5,360.25,261.5833333
31/03/2018 00:00,466.6312193,522.6875,568.9375,132.7291667,345.5,264.8541667
01/04/2018 00:00,461.3646425,534.5,568.875,153.6458333,363.5225658,268.5208333
02/04/2018 00:00,422.3166605,546.375,568.5625,211.875,404.603249,359.3541667
03/04/2018 00:00,374.5,560.4375,579.5,173.9375,411.4705108,374.2916667
04/04/2018 00:00,380.3125,593.0625,605.6875,178.7291667,433.796106,387.1458333
05/04/2018 00:00,395.4375,612.6875,637.5625,150.5208333,443.7258679,379.8958333
06/04/2018 00:00,417.25,629.25,658.0625,136.125,477.099258,387.1875
07/04/2018 00:00,433.875,641.75,670,126.2083333,461.8931368,430.1875
08/04/2018 00:00,447.9375,655.9375,680.625,115.5208333,455.275798,394.9375
09/04/2018 00:00,460.4375,663.3125,692.375,104.0625,448.2626259,381.2291667
10/04/2018 00:00,470.4375,653.9375,698.75,103.2291667,443.7455322,367.0625
11/04/2018 00:00,477.875,660.0625,699,163.1458333,441.7232882,392.2916667
12/04/2018 00:00,482.4375,667.3125,701.3125,157.7291667,447.5181989,380.6041667
13/04/2018 00:00,486.0625,671.3125,710.9375,153.3958333,446.2922761,397.8125
14/04/2018 00:00,491.625,681.5625,718.375,183.1041667,446.3996867,380.1875
15/04/2018 00:00,498.9375,694.375,722,134.7708333,457.2570974,389.625
16/04/2018 00:00,505,693.8125,726.5625,112.3333333,473.4722798,380.6666667
17/04/2018 00:00,509.75,686.125,731.375,102.6666667,439.7391563,398.1666667
18/04/2018 00:00,512.9375,679.5,734.125,96.8125,400.9505989,339.9166667
19/04/2018 00:00,522.6875,672.0625,738.8125,136.6041667,406.0162082,323.0625
20/04/2018 00:00,527,664.875,738.1875,231.5,376.4609351,330.3958333
21/04/2018 00:00,530.4375,655.8125,731.75,162.0208333,346.8333333,281.3333333
22/04/2018 00:00,532,643.875,728.75,164.625,355.9375,249.4375
23/04/2018 00:00,532.9375,636.1875,720.9375,188.2916667,364.4583333,257.7708333
24/04/2018 00:00,533,625.0625,713.75,140.7916667,363.125,274.5208333
25/04/2018 00:00,531.8125,613.5625,713,134.8958333,375.75,270.7083333
26/04/2018 00:00,528.1875,603.625,713.75,144.6041667,382.875,318.2291667
27/04/2018 00:00,527.9375,596.875,717.0625,166.3125,381.75,339.3333333
28/04/2018 00:00,527.6875,589.25,720.4375,171.1041667,393,355.7083333
29/04/2018 00:00,531,587,724.9375,175.9375,420.625,342.6666667
30/04/2018 00:00,535.0625,585,728.9375,183.625,449.625,358.6041667
01/05/2018 00:00,538.875,578.75,731.0625,125.0208333,419.25,358.6875
02/05/2018 00:00,540.5,567.8125,735.0625,138.3958333,417,334.375
03/05/2018 00:00,541.375,554.75,738.125,166.6041667,410.875,334.25
04/05/2018 00:00,540,543.5625,740.8125,138.1041667,400.25,342.3125
05/05/2018 00:00,538.4375,552.4375,741.9375,125.6041667,414.125,355.0625
06/05/2018 00:00,536.0625,562.375,743.875,120.125,423.75,349.875
07/05/2018 00:00,535.625,577.125,747.6875,194.375,440.375,381.5
08/05/2018 00:00,538.75,585.375,753.75,157.8958333,471.875,411.5625
09/05/2018 00:00,545.25,590.125,760.5625,156.0625,484,427.0625
10/05/2018 00:00,548.125,596.3125,768.875,206.6041667,509.75,446.375
11/05/2018 00:00,552.9375,600.625,779.0625,186.9791667,521.125,455
12/05/2018 00:00,557.6875,605.3125,791.1875,140.1666667,511.375,460.9375
13/05/2018 00:00,565.4375,617.6875,805.75,152.7291667,495.875,462.1875
14/05/2018 00:00,573.0625,645.0625,817.25,153.375,478.375,458.75
15/05/2018 00:00,582.0625,672.9375,830.375,141,503.5,466.5
16/05/2018 00:00,591.375,692.875,841.3125,140.625,533.625,471.125
17/05/2018 00:00,598.4375,709.8125,849,140.3333333,509.5,475.3125
18/05/2018 00:00,605.0625,719.4375,856.0625,142.8333333,501.75,474.5
19/05/2018 00:00,611.9375,727.3125,864.375,128.1458333,484.125,467.4375
20/05/2018 00:00,616.9375,735.8125,870.9375,134.6875,479.25,464.75
21/05/2018 00:00,621.125,747.125,876.6875,215.8333333,477,456.8125
22/05/2018 00:00,627,750.5,882.9375,164.7708333,506.125,448.25
23/05/2018 00:00,633.5,752.4375,887.5,180.6458333,498.375,450.25
24/05/2018 00:00,639.0625,752.875,892.8125,233.2291667,461.125,439.3125
25/05/2018 00:00,644.8125,750.875,895.1875,203.3125,433.875,405.625
26/05/2018 00:00,649.0625,753.1875,900.4375,224.7708333,435.625,388.25
27/05/2018 00:00,653.4375,752.125,904.1875,224.4375,396.25,368.1875
28/05/2018 00:00,657.0625,753,910.25,231.9375,432,352.0625
29/05/2018 00:00,662,754.5625,913.3125,220.4583333,470.25,383.25
30/05/2018 00:00,666.9375,756.1875,912.6875,154.4791667,443.75,379.5
31/05/2018 00:00,670.4375,751.8125,914.8125,158.8958333,435.75,366.625
01/06/2018 00:00,673.1875,753.875,912.375,151.9375,409.375,350.25
02/06/2018 00:00,678.3125,748.875,913.1875,146.3125,445.375,360.375
03/06/2018 00:00,680.5,744.9375,911.5625,161.8125,416.625,388.5
04/06/2018 00:00,683.125,739.9375,910.5625,332.2291667,398.75,358.5
05/06/2018 00:00,687.4375,732.6875,910.3125,317,402.125,329.25
06/06/2018 00:00,690.5,728.9375,907,279.4791667,389.5,321.625
07/06/2018 00:00,693.4375,725.875,902.9375,198.7916667,403.375,302.75
08/06/2018 00:00,695.5625,719.5625,900.5,193.9583333,383,304.25
09/06/2018 00:00,698.5,712.8125,894.3125,211.9791667,360.5,272.5
10/06/2018 00:00,701.5,704.125,882.0625,218.5208333,358.125,255.125
11/06/2018 00:00,704.4375,698.5625,872.4375,245.9375,364.25,250.625
12/06/2018 00:00,705.9375,693,861.5,191.1666667,383,272.5625
13/06/2018 00:00,706.0625,687.0625,850.8125,151,395.625,292.125
14/06/2018 00:00,706.9375,683.375,845.5625,153.3333333,386.875,286.6875
15/06/2018 00:00,707,679.125,842.75,204.9375,363.125,285.5
16/06/2018 00:00,707,676,836.5,216.6458333,364.125,248.625
17/06/2018 00:00,707,670.5625,827.5625,277.8125,362.25,257
18/06/2018 00:00,707,665.8125,814.25,215.2291667,343.75,244.75
19/06/2018 00:00,707,660,806.125,184.2291667,356.875,228.625
20/06/2018 00:00,707,653.625,799,163.5833333,357,242.5
21/06/2018 00:00,707,648.9375,792.1875,183.2083333,343.875,234.5
22/06/2018 00:00,707,643.375,788.8125,183.6041667,344,225.625
23/06/2018 00:00,706.6875,637.125,782.0625,161.5,341.5,222.125
24/06/2018 00:00,704.8125,631.5,775,166.5,361.7083333,227.125
25/06/2018 00:00,706.9375,624.5,770,196.875,351.2708333,244.25
26/06/2018 00:00,706,619.0625,760.3125,213.9375,354.3333333,230.5208333
27/06/2018 00:00,704.5,614.9375,759.125,174.9375,356.1875,236.9166667
28/06/2018 00:00,703,610.0625,751.0625,256.8125,353.7083333,238.625
29/06/2018 00:00,701.4375,604.875,744.125,202.3125,334.5625,225.2708333
30/06/2018 00:00,698.5625,602.5625,739.3125,186.9791667,356.5208333,198.9583333
01/07/2018 00:00,696.4375,612.25,730.625,178.5625,346.4166667,234
02/07/2018 00:00,693.5625,617,718.0625,176.6041667,345.4791667,214.75
03/07/2018 00:00,691.4375,620.625,719.75,142.7083333,372.2916667,256.7083333
04/07/2018 00:00,688.5625,626,709.5625,129.4166667,357.6458333,297.9375
05/07/2018 00:00,686.5,629.6875,713.1875,151.1666667,353.8541667,252.1875
06/07/2018 00:00,684.375,627.375,723.375,179.7291667,343.8672116,244.75
07/07/2018 00:00,680.0625,622.0625,717,201.1666667,332.7957077,224.0625
08/07/2018 00:00,676.5,616.9375,709.625,173.0208333,313.844302,203.2708333
09/07/2018 00:00,673.4375,609.5625,697.4375,222.1458333,302.2573588,181.8541667
10/07/2018 00:00,669,595.1875,679.0625,216.0208333,303.1691785,178.9583333
11/07/2018 00:00,664,587.0625,667.9375,230.0208333,313.263671,176.2708333
12/07/2018 00:00,659,597.3125,660.5625,201.5625,316.2123302,183.125
13/07/2018 00:00,654.0625,607.625,655.9375,169.6875,313.2248769,179.125
14/07/2018 00:00,649.9375,611.625,650.5,195.75,315.5070187,171.1875
15/07/2018 00:00,645,616.625,644,181.625,321.5277406,175.3541667
16/07/2018 00:00,640.0625,624.375,638.625,190.5625,328.8609626,182
17/07/2018 00:00,635.875,630.5625,634.5625,197.4791667,324.192711,188.5416667
18/07/2018 00:00,630,637.4375,630.5625,236.7916667,325.6170433,182.9375
19/07/2018 00:00,624.125,637.3125,629.9375,189.625,308.0281144,182.2291667
20/07/2018 00:00,619.875,622.1875,629.875,185.5625,291.6683522,152.8671171
21/07/2018 00:00,614.0625,609.25,621.3125,163.0833333,287.8158179,137.2162162
22/07/2018 00:00,607.8125,601.4375,600.8125,238.2291667,294.6938681,126.5208333
23/07/2018 00:00,599.125,593.4375,582.625,206.375,288.7497869,140.5416667
24/07/2018 00:00,592.5,585.125,572.9375,237.5833333,308.5651017,131.5208333
25/07/2018 00:00,585,588.625,572.9375,209.9583333,320.0781627,173
26/07/2018 00:00,578,591.75,575.5,173.875,303.7060829,177.1041667
27/07/2018 00:00,571.5625,600.5625,585.875,225.7083333,332.8893438,156.7916667
28/07/2018 00:00,566.625,593.8125,593.0625,236,297.1001162,196.4791667
29/07/2018 00:00,565.0625,595.8125,595.1875,168.1458333,309.8376981,152.2291667
30/07/2018 00:00,565.0625,606.9375,603,158.7916667,338.4451392,163.875
31/07/2018 00:00,565.9375,615.4375,603.6875,201.5208333,347.4791667,195.4791667
01/08/2018 00:00,566,621.625,599.8125,239.8333333,348.625,208.7708333
02/08/2018 00:00,566,612.75,603.875,182.9375,365.0891637,209.5208333
03/08/2018 00:00,565.4375,601.5625,604.9375,162.9791667,389.0026367,230.5833333
04/08/2018 00:00,563.5,596.125,605.625,175.9375,383.0416667,270.375
05/08/2018 00:00,562.5,603.875,609.625,169.2916667,387.2083333,264.2708333
06/08/2018 00:00,561.5,611.5625,617.4375,137.0208333,382.0458206,285.2291667
07/08/2018 00:00,560.0625,617.5625,624.25,147.8125,368.1664757,252.6666667
08/08/2018 00:00,560.0625,612.5,632.625,166.8541667,343.6995798,235.75
09/08/2018 00:00,560.9375,605.1875,632.125,255.5416667,312.9410173,197.125
10/08/2018 00:00,560.4375,593.5625,623.125,230.2083333,288.1544361,161.1875
11/08/2018 00:00,558.375,580.875,615.0625,157.3125,291.3764424,124.0625
12/08/2018 00:00,554.5625,565.5625,597.75,167.9791667,295.4504468,134.6875
13/08/2018 00:00,550.3125,554.375,573.0625,210.5,299.8369512,138.9791667
14/08/2018 00:00,543.75,550.9375,557.8125,176.8125,279.8276222,140.875
15/08/2018 00:00,541.4375,546.4375,564.25,169.8125,278.2557932,118.1875
16/08/2018 00:00,538.4375,540.6875,568.5,144.4583333,281.6006309,115.0625
17/08/2018 00:00,534.625,547.375,565.375,131.1875,276.1677779,108.2708333
18/08/2018 00:00,533,556.4375,550.3125,174.3333333,283.2625455,90.125
19/08/2018 00:00,529.6875,564.875,541.5625,168.4166667,284.3754659,118.8333333
20/08/2018 00:00,521.1875,572.5625,536.5,130.0833333,284.4675529,117.1458333
21/08/2018 00:00,515.9375,580.5625,529,142.8541667,269.2679733,106.7291667
22/08/2018 00:00,510.25,578.4375,513.6875,186.25,269.3808937,82.85416667
23/08/2018 00:00,505.75,570.4375,503.25,167.3541667,280.0771475,90.5625
24/08/2018 00:00,498.125,563.5625,501.6875,131.9375,273.2734012,113.3958333
25/08/2018 00:00,493.9375,570.5,504.9375,123.9583333,286.6988216,111.3541667
26/08/2018 00:00,489.5,578.875,516.5625,218.2708333,280.3950753,129.6458333
27/08/2018 00:00,486.75,578.125,519.9375,204.7291667,283.0496623,124.75
28/08/2018 00:00,487.9375,569.6875,515.75,227.1875,272.2042494,127.0833333
29/08/2018 00:00,487.9375,568.125,510.25,206.9375,254.4223941,96.16666667
30/08/2018 00:00,484.8125,568.875,516.0625,145.9375,271.8737785,76.16666667
31/08/2018 00:00,478.625,566.8125,510.1875,142.0416667,303.1412686,131.5833333
01/09/2018 00:00,476.125,559.9375,498.375,126.9166667,315.0962587,194.875
02/09/2018 00:00,474.875,550.0625,501.4375,136.8333333,286.1345821,224.3958333
03/09/2018 00:00,473.3125,542.5,535.6875,129.6458333,273.2993652,143.6666667
04/09/2018 00:00,476.8125,536.0625,555.8125,172.4166667,302.5562396,120.2083333
05/09/2018 00:00,475.875,529.875,545.5,188.7916667,305.7520736,185.375
06/09/2018 00:00,473.0625,520.5625,537.25,152.6875,305.593741,199.5
07/09/2018 00:00,471.5,511.9375,550.0625,120.5416667,307.7895751,230.75
08/09/2018 00:00,471.3125,505.75,563.875,110.1458333,306.4958294,231.625
09/09/2018 00:00,479.1875,513.3125,577.5625,112.2083333,316.4417135,200.125
10/09/2018 00:00,488.5,520.9375,584.0625,121.9791667,311.9917786,203.625
11/09/2018 00:00,491,528,580.5,111.9583333,319.1668438,176.25
12/09/2018 00:00,501.875,535.5625,577,102.6041667,327.6960756,184.875
13/09/2018 00:00,509.25,543.5,583.125,97.77083333,311.4354286,197.125
14/09/2018 00:00,511.5,551.5625,589.0625,96.35416667,320.7031865,183.625
15/09/2018 00:00,515.25,562.0625,602.9375,101.8125,335.6027459,239.375
16/09/2018 00:00,524.0625,574,613.8125,165.2916667,341.3148054,262.25
17/09/2018 00:00,532.8125,584.3125,632.625,155.4791667,361.1620885,288.75
18/09/2018 00:00,537.4375,590.5,648.4375,111.0833333,387.2916667,279
19/09/2018 00:00,541.125,597.0625,659.8125,100,368.5451711,281.375
20/09/2018 00:00,547.5,604.5,666.9375,95.16666667,344.4155702,267.4375
21/09/2018 00:00,553.3125,611.125,671.375,90.70833333,329.5092162,240.375
22/09/2018 00:00,556.125,620.375,671.875,99.0625,341.8537341,219.0625
23/09/2018 00:00,559.8125,630.5,669.5625,96.375,325.9627307,253
24/09/2018 00:00,560.625,638.375,667.8125,91.39583333,307.364345,208.5625
25/09/2018 00:00,563.5,642,671.625,92.02083333,315.2429028,207.6875
26/09/2018 00:00,566.5625,645,668.5,88.375,320.3250533,200
27/09/2018 00:00,570.9375,647.8125,664.25,102.5416667,326.9905371,233.375
28/09/2018 00:00,573.9375,647.4375,666.4375,99.02083333,326.9685209,284.1875
29/09/2018 00:00,576.125,645,670.1875,96.14583333,328.9766593,245.4375
30/09/2018 00:00,580.375,643.0625,676.75,86.64583333,328.7372549,250.5625
01/10/2018 00:00,582,648.9375,678,82.77083333,321.3588091,256.125
02/10/2018 00:00,584.0625,647.1875,679,86.75,307.5329588,226.4375
03/10/2018 00:00,586.9375,641.625,680,82.9375,314.5504202,236.625
04/10/2018 00:00,587.875,645,679.5625,115.3125,321.4560674,218.125
05/10/2018 00:00,588.3125,649.8125,679.375,124.8125,351.5968137,273.5
06/10/2018 00:00,593.875,662.25,678.5625,124.5625,378.1975816,289.75
07/10/2018 00:00,596.9375,670.125,682.125,122.2291667,402.9688973,290.9375
08/10/2018 00:00,598.5,668.0625,689.75,136.7916667,406.3122425,299.6875
09/10/2018 00:00,600.625,665.875,704.4375,135.1875,405.4680877,344.875
10/10/2018 00:00,605.625,662.875,718.625,162.7291667,409.4572663,351.75
11/10/2018 00:00,611.875,665.0625,728.4375,168.0833333,432.7172782,357.75
12/10/2018 00:00,617.5,661.125,735.8125,117.7291667,443.9508591,401
13/10/2018 00:00,622.8125,656.9375,741.625,114.0416667,419.0583779,397.5
14/10/2018 00:00,624.125,654.3125,750.875,109.9791667,401.3054727,362.75
15/10/2018 00:00,628,658.8125,758.75,96.27083333,376.6948017,335.25
16/10/2018 00:00,632.0625,665.5,760.625,90.16666667,392.8498416,330.125
17/10/2018 00:00,636.4375,663.375,763.1875,91,388.5321516,336
18/10/2018 00:00,639.5,659,768.375,95.52083333,396.4227948,345.125
19/10/2018 00:00,642.5,653.375,772.625,104.5208333,397.7926048,350.875
20/10/2018 00:00,645.4375,648.3125,778.875,89.25,413.0165814,367.125
21/10/2018 00:00,648.125,650.1875,784.875,88.89583333,411.4488913,370.75
22/10/2018 00:00,652.375,655,795.9375,112.0208333,422.2803093,373.5
23/10/2018 00:00,654.625,650.125,810.0625,108.8333333,418.9266169,365.875
24/10/2018 00:00,658.375,648.0625,817.125,92.83333333,396.5378904,372.25
25/10/2018 00:00,660.5,659,821.125,112.2083333,412.4408306,336.375
26/10/2018 00:00,663.5,670.8125,832.0625,120.6458333,411.5104375,342
27/10/2018 00:00,667.1875,678.625,836.375,212.8958333,440.1324102,359.125
28/10/2018 00:00,672.375,686.875,841.625,164.4375,429.2638746,365.875
29/10/2018 00:00,675.5625,694.25,848.875,115.3333333,420.2190028,341.5625
30/10/2018 00:00,679,703.375,854,119.4791667,419.3199643,345.6875
31/10/2018 00:00,682.4375,700,858.9375,109.5625,422.7750926,332.25
01/11/2018 00:00,685.5,692.625,862.875,107.4166667,430.166782,344.5
02/11/2018 00:00,689,687.375,865.5,103.6041667,421.3622491,351.625
03/11/2018 00:00,692,681.9375,868.0625,96.83333333,415.1695168,383.9375
04/11/2018 00:00,694.5,676.4375,870.1875,105.9791667,421.9351178,358.3125
05/11/2018 00:00,698.0625,681.0625,873.875,145.7708333,440.451229,363
06/11/2018 00:00,702.375,688.875,875.875,126.3125,431.8645246,397
07/11/2018 00:00,704.625,694,876.0625,118.3333333,408.8603814,368.125
08/11/2018 00:00,706.1875,698.75,877.4375,109.4375,392.6479049,333.75
09/11/2018 00:00,710.25,703.6875,877.9375,147.8958333,406.5314394,313.25
10/11/2018 00:00,712.9375,705.5625,876.5,141.3958333,451.9284796,394
11/11/2018 00:00,714,710,874.125,122.25,450.0935518,374.6875
12/11/2018 00:00,716.0625,714.0625,873.5,130.25,439.8184901,357.6875
13/11/2018 00:00,718.9375,718.875,873.875,114.1666667,451.6738251,354.125
14/11/2018 00:00,720.5,721.3125,873.0625,103.2291667,442.5291667,369.25
15/11/2018 00:00,722.5,719.5625,873.5,107.0625,405.2666667,354.1875
16/11/2018 00:00,724,717.75,873.75,98.3125,400.4416667,323.875
17/11/2018 00:00,725.5,711.3125,869.125,93.85416667,392.2985811,309
18/11/2018 00:00,727.5,698.625,864.4375,100.8125,411.8432307,320.75
19/11/2018 00:00,729,688,858.1875,163.7291667,426.4428152,339.8125
20/11/2018 00:00,729.5,679.5625,855.875,178.5208333,449.3548998,381
21/11/2018 00:00,730,682.5,854.6875,126.7708333,474.0827485,385.375
22/11/2018 00:00,731.5,691.125,856.5,143.2291667,455.7439394,392.625
23/11/2018 00:00,733,701,857.9375,115.5833333,472.1785813,384.4375
24/11/2018 00:00,734,711,857.9375,102.9583333,459.9465565,391.75
25/11/2018 00:00,735,720.0625,856.5,134.9166667,435.2145317,357.4375
26/11/2018 00:00,736.5,718.9375,856.5,161.3541667,425.7741736,337.75
27/11/2018 00:00,737.9375,713.6875,854.375,132.9583333,446.7504821,340.25
28/11/2018 00:00,738.5625,710.9375,854,123.125,448.7581346,404.75
29/11/2018 00:00,739.9375,708.5,850.1875,122.875,415.5262978,370
30/11/2018 00:00,740.0625,702.375,849.9375,115.3125,414.8897796,324.25
01/12/2018 00:00,740.9375,694,846.8125,122.375,414.3902972,325.625
02/12/2018 00:00,741,690.375,839.5,140.8958333,412.8853438,335.125
03/12/2018 00:00,740.9375,692.625,833.125,171.0416667,402.5262238,315.4375
04/12/2018 00:00,740,689.625,829.75,137.4166667,403.6046037,290.9375
05/12/2018 00:00,739,685.9375,821.0625,126.8541667,390.891317,285.875
06/12/2018 00:00,738,680.5625,810.9375,146.7708333,392.4905303,263.6875
07/12/2018 00:00,736.5,676.5625,798.125,167.7916667,370.1109163,266.0625
08/12/2018 00:00,734.5,673.3125,785,119.3541667,368.2332757,225.75
09/12/2018 00:00,733,666.9375,773.1875,105.6458333,366.953143,225.125
10/12/2018 00:00,731.4375,659.625,758.6875,98.10416667,355.2010169,224.1875
11/12/2018 00:00,728.5625,653.8125,745.625,93.33333333,364.1625286,209.1875
12/12/2018 00:00,726.5,645,733.5625,96.41666667,371.1799561,232
13/12/2018 00:00,723.9375,635.5625,718.4375,170.3125,352.9265502,239.9375
14/12/2018 00:00,720.875,626.375,709.0625,152.7083333,354.3189776,214.5625
15/12/2018 00:00,716.0625,616.0625,701.25,138.6458333,351.523905,202.625
16/12/2018 00:00,711.0625,605.8125,689.6875,113.7291667,327.0829991,187.0625
17/12/2018 00:00,706.3125,594.25,681.625,95.39583333,329.4337599,171.8125
18/12/2018 00:00,699.125,586.625,674.25,87.375,330.8470206,170.5
19/12/2018 00:00,693.875,579.5,653,84.02083333,325.0311147,172.875
20/12/2018 00:00,686.5625,572.9375,641.125,84.75,323.0485421,169.3125
21/12/2018 00:00,680.9375,568.0625,628.6875,81.91666667,331.3993029,194.6875
22/12/2018 00:00,667.9375,564.375,611.9375,85.14583333,322.8930519,218.75
23/12/2018 00:00,657.125,559.125,608.1875,80.375,326.4450479,188.625
24/12/2018 00:00,647.3125,556.4375,609.4375,76.97916667,315.674326,187.625
25/12/2018 00:00,637.1875,551.625,611.875,74.41666667,291.1536041,150.5625
26/12/2018 00:00,628.875,548.5,611.625,72.54166667,292.2787155,111.0625
27/12/2018 00:00,567.1972923,546.5,600.9375,71.20833333,292.8829935,117.875
28/12/2018 00:00,540.8054144,541.25,580.25,73.10416667,280.5914383,124.25
29/12/2018 00:00,533.1587608,529.9375,566.8125,72.1875,269.8832164,99.875
30/12/2018 00:00,518.8997454,517.875,552.125,70.89583333,262.1223156,89.5
31/12/2018 00:00,503.1109171,500.8125,540.0625,68.77083333,282.1422317,77.5
01/01/2019 00:00,467.9658567,480.9375,522.4375,67.22916667,281.0273918,116.625
02/01/2019 00:00,458.2919087,456.5,512.375,66.58333333,271.2458852,110.9375
03/01/2019 00:00,456.4867145,432.8125,506.5,65.83333333,273.0060453,90.4375
04/01/2019 00:00,440.2881151,419.25,494.0625,66,274.557872,89.375
05/01/2019 00:00,427.6983068,410.5625,482.3125,65,260.5055321,89.625
06/01/2019 00:00,436.1722614,407,481.5,64.39583333,258.3906921,60.75
07/01/2019 00:00,443.8998048,403.6875,489,66.77083333,271.6091855,58.25
08/01/2019 00:00,413.1879407,404.25,481.1875,93.89583333,271.9526789,120.125
09/01/2019 00:00,396.0993054,408.5,463.6875,93.52083333,257.2362012,112.375
10/01/2019 00:00,406.0644212,406.875,462.5625,85.375,258.9722087,76.1875
11/01/2019 00:00,421.7705505,411.625,481.125,78.08333333,270.5572334,95.9375
12/01/2019 00:00,395.5641543,409.375,462.9375,79.5625,262.3089248,109.625
13/01/2019 00:00,384.0731464,402.9375,450.5625,81.22916667,261.9564495,95.375
14/01/2019 00:00,412.8270679,394.1875,471.625,93.70833333,269.8123076,83.25
15/01/2019 00:00,406.6840482,388.375,472.6875,102.9583333,276.5001125,101.4375
16/01/2019 00:00,372.4335569,389.6875,452.0625,84.47916667,289.5068402,120.25
17/01/2019 00:00,338.8501108,382.7708333,433.375,78.875,300.6612694,143.9375
18/01/2019 00:00,331.5762609,331.5208333,435.1875,73.89583333,309.2923411,166.5
19/01/2019 00:00,352.5546025,322.0833333,451.25,101.2291667,311.0705425,160.5625
20/01/2019 00:00,387.2963849,300.7291667,482.125,214.8333333,308.7180786,162.9375
21/01/2019 00:00,409.9342165,304.2291667,498.5,218.7708333,310.8656147,156.3125
22/01/2019 00:00,324.4166667,307.2291667,495.25,132.2916667,294.7631509,161.5
23/01/2019 00:00,329.6875,307.3125,492.25,103.375,281.1815203,134.6875
24/01/2019 00:00,328.875,304.3125,480.875,104.4375,282.5998898,100.8125
25/01/2019 00:00,325.3125,306.9375,454.4375,111.6458333,272.0599259,104.4375
26/01/2019 00:00,317.375,287.8125,432.4375,124.5,273.3833585,95.375
27/01/2019 00:00,359.8207517,280.125,435.6875,97.08333333,271.4098485,96.6875
28/01/2019 00:00,357.4799199,275.5,431.625,87.70833333,270.4777406,89
29/01/2019 00:00,354.2068603,271.875,438.0625,151.875,300.9206328,99.1875
30/01/2019 00:00,327.5631528,274.8125,433.6875,133.8125,282.363525,179.0625
31/01/2019 00:00,326.2441078,277,421.8125,142.9166667,283.4939171,133.5
01/02/2019 00:00,253.3333333,278.5,433.625,156.9166667,316.6034759,116.9375
02/02/2019 00:00,243.625,282.625,436.5625,148.1875,315.8172014,176
03/02/2019 00:00,236,289.9375,417.625,105.5416667,320.4892602,197.3125
04/02/2019 00:00,252.8125,291.75,446.25,105.2083333,309.0779857,190.5625
05/02/2019 00:00,249.875,285.9375,477,139.4583333,299.3972925,156.5
06/02/2019 00:00,249.625,280.125,483,123.6458333,306.3727199,132.125
07/02/2019 00:00,253.0625,277.5625,461.25,130.1875,315.5900453,154.875
08/02/2019 00:00,277.75,271.25,453,102.7083333,315.265704,167.5
09/02/2019 00:00,270.75,260.0625,455.9375,117.0416667,338.9205293,175.625
10/02/2019 00:00,251.625,256.3125,454.9375,118,361.4920213,229
11/02/2019 00:00,248.125,260,452.75,111.4375,341.722411,266.25
12/02/2019 00:00,247.375,267,483.1875,96.5625,347.1370924,211.5
13/02/2019 00:00,248.0625,281.625,508.75,86.77083333,346.7117149,220.625
14/02/2019 00:00,264.0625,280,504.0625,80.60416667,349.3488374,222.625
15/02/2019 00:00,287.375,273.5625,495.9375,76.25,340.6942933,267.6875
16/02/2019 00:00,295.625,267.5,500.375,73.08333333,329.4980825,223.0625
17/02/2019 00:00,296,260.5,514.3125,71.27083333,326.6143717,190.6875
18/02/2019 00:00,296,253.5625,513.1875,71.25,336.3139942,176.4375
19/02/2019 00:00,296,253.3125,505,74.6875,349.3261167,197.875
20/02/2019 00:00,294.75,260.5625,496.25,90.04166667,353.3590726,232
21/02/2019 00:00,289.0625,266.9375,492.625,118.375,356.1211951,270.0625
22/02/2019 00:00,285.1875,274.4375,507.0625,112.375,343.9781646,245.4375
23/02/2019 00:00,286.25,287.4375,520.875,84.41666667,342.6458333,206.875
24/02/2019 00:00,293.625,291.125,519.0625,88.33333333,337.6875,212.875
25/02/2019 00:00,303.4375,295.9375,501.9375,161.375,365.5416667,227
26/02/2019 00:00,308,300,486.75,143.2083333,369.375,268.375
27/02/2019 00:00,302.5625,304.625,493.1875,166.9375,358.8958333,264.5
28/02/2019 00:00,295.0625,310.0625,515.5,122.25,354.2916667,255.25
01/03/2019 00:00,285.3125,317.0625,521.1875,100.6458333,336.625,227.4375
02/03/2019 00:00,292.125,326.375,523.4375,93.52083333,334.6041667,190.875
03/03/2019 00:00,301.4375,333.9375,521.1875,87.4375,354.3019998,228.5625
04/03/2019 00:00,309.4375,340.5,501.6875,101.4166667,325.2898813,232.4375
05/03/2019 00:00,314.75,346.5,506.0625,87.27083333,337.6309774,193.625
06/03/2019 00:00,315.5625,352.4375,521.9375,79.3125,349.9689605,229.4375
07/03/2019 00:00,318.1875,357.4375,509.125,74.20833333,348.0056595,229.125
08/03/2019 00:00,322.1875,361.125,510.4375,75.27083333,338.7496658,233.0625
09/03/2019 00:00,321,366.625,520.5625,81.77083333,326.2020053,213.125
10/03/2019 00:00,320.0625,373.875,522.5,172.5416667,315.1475918,192.4375
11/03/2019 00:00,320.625,380.0625,521.1875,185.1458333,322.1254288,177.3125
12/03/2019 00:00,322.875,387.3125,511.3125,132.75,340.3615838,205.8125
13/03/2019 00:00,322.875,391.5625,499.4375,109.6666667,344.2019054,222.9375
14/03/2019 00:00,320.4375,396.75,496,98.52083333,346.3432734,224.1875
15/03/2019 00:00,317.125,405.25,498,164.75,364.4791667,253
16/03/2019 00:00,316.0625,410.5,505.5,142.9583333,347.4791667,258.25
17/03/2019 00:00,316,415.5,521.5,103.5208333,348.8958333,229
18/03/2019 00:00,316.625,421.125,533.25,94.14583333,341.1041667,220.625
19/03/2019 00:00,320.6875,428.25,528.625,88.97916667,376.0140709,223.6875
20/03/2019 00:00,327.3125,431.125,523.0625,111.9375,408.3614862,343.1875
21/03/2019 00:00,330.5,434.875,526.25,103.2708333,385.2773933,316.375
22/03/2019 00:00,335.75,434.1875,554.375,130.8958333,398.5064204,294.125
23/03/2019 00:00,347.75,427.0625,571.25,140.5833333,392.5309693,325.375
24/03/2019 00:00,364.4375,420.75,582.75,185.8125,410.303026,360.9375
25/03/2019 00:00,378.125,417.9375,586,149.1458333,412.0750826,335.5
26/03/2019 00:00,384.5625,415.5625,606.625,113.25,417.2208679,333.5625
27/03/2019 00:00,392.8125,414.375,624.375,122.4583333,408.4051961,352.625
28/03/2019 00:00,397.5625,411.3125,624.125,100.2916667,404.9069981,314.625
29/03/2019 00:00,400.5,413.5,633.375,92.3125,391.8463001,304.625
30/03/2019 00:00,404.125,414.25,632.3125,92.29166667,405.598102,353.1875
31/03/2019 00:00,409.3125,426.75,628.375,92.83333333,398.5582373,333.4375
01/04/2019 00:00,411.625,435.5,639.5,118.7916667,401.9350393,307.875
02/04/2019 00:00,415.9375,443,644.3125,134.9583333,413.7443978,344.9375
03/04/2019 00:00,420.1875,448.5625,642.6875,154.9791667,424.944646,365.6875
04/04/2019 00:00,428.625,454.875,646.6875,134.1041667,438.249061,352.1875
05/04/2019 00:00,439.9375,460.5625,656.125,166.5625,418.9729788,354.1875
06/04/2019 00:00,449.375,462.1875,658.0625,228.375,394.3359524,315.625
07/04/2019 00:00,455.9375,456,659.0625,260.5416667,402.2689286,303.8125
08/04/2019 00:00,460.9375,459,650.4375,222.5833333,424.8475986,319.375
09/04/2019 00:00,464.5625,466.25,639.875,203.25,417.9778858,357.3125
10/04/2019 00:00,467.8125,472.625,640.3125,137.6041667,399.6846697,325.125
11/04/2019 00:00,467.375,480.375,652.6875,127.8125,400.2247869,312.75
12/04/2019 00:00,466.25,485.9375,658.9375,174.5208333,394.2649041,323.5
13/04/2019 00:00,469.5625,489.1875,657.5625,131.875,387.346688,294.25
14/04/2019 00:00,472.875,494.4375,658.4375,114.3125,397.0326385,283.125
15/04/2019 00:00,474.5,502.25,655.125,123.625,398.6769224,303.75
16/04/2019 00:00,474.125,513.9375,652.0625,134.5,403.800373,320.0625
17/04/2019 00:00,467.6875,524.5625,654.125,121.0625,423.4238235,303.1875
18/04/2019 00:00,465.1875,536.125,657.3125,104.2083333,422.7972741,358.5
19/04/2019 00:00,466.5,542.625,657.25,108.1041667,421.879058,344
20/04/2019 00:00,468.5625,550.5,661.875,109.8958333,417.6691752,350.1875
21/04/2019 00:00,472.6875,557.625,669.5625,111.9791667,431.4801257,374.1875
22/04/2019 00:00,479.375,565.9375,678.3125,125.375,470.4160763,406.625
23/04/2019 00:00,484,574.0625,687.3125,153.4375,464.3936935,448.875
24/04/2019 00:00,489.5625,582.4375,702.75,176.7708333,455.4338107,435.4375
25/04/2019 00:00,497.125,590.5,719.8125,194.4791667,462.7032931,427.3125
26/04/2019 00:00,506.4375,598.3125,732.375,140.875,459.1923075,435.4375
27/04/2019 00:00,514.5625,611.1875,738.9375,141.0208333,451.3921631,444.6875
28/04/2019 00:00,522.8125,619.125,744.4375,163.2708333,408.550352,409.3125
29/04/2019 00:00,527.4375,616.3125,749.1875,123.4375,387.9168742,354.4375
30/04/2019 00:00,530.5,607.6875,751.8125,150.5625,379.9917298,319.5625
01/05/2019 00:00,533.4375,581.3125,741.4375,114.6666667,368.1499188,295.3125
02/05/2019 00:00,534.9375,551.1875,729.0625,99.0625,351.5372744,278.1875
03/05/2019 00:00,533.875,520.125,718.5625,91.9375,338.9454633,243
04/05/2019 00:00,529.875,503.875,710.0625,92.8125,334.6453189,230.5
05/05/2019 00:00,524,497,702.1875,136.5416667,326.1160078,224.25
06/05/2019 00:00,518.6875,490.5,697,184.8958333,317.887956,211.4375
07/05/2019 00:00,515.9375,483.9375,684.25,262.25,312.6100758,203.375
08/05/2019 00:00,511.875,477.9375,673,210.2708333,314.965303,198.5
09/05/2019 00:00,506.5625,476.1875,663.5,184.5208333,340.049697,215.6875
10/05/2019 00:00,502.5625,488.8125,663,175.0416667,335.2174242,256.3125
11/05/2019 00:00,500.125,502.125,667.625,131.9583333,344.3434848,277.375
12/05/2019 00:00,501.25,516.0625,676.4375,153.1041667,392.3028788,309.125
13/05/2019 00:00,507,529.4375,683.375,181.5625,381.1581061,357.375
14/05/2019 00:00,513.375,542.4375,691.625,258.0416667,399.5758333,331.9375
15/05/2019 00:00,517.5625,564.0625,702.0625,312,400.4727273,354
16/05/2019 00:00,522,588.875,703.5,250.7291667,399.8487879,342.1875
17/05/2019 00:00,526.9375,600.9375,709.4375,200.4375,401.0998485,326.125
18/05/2019 00:00,530.5,607.6875,714.5625,158.3541667,393.2884091,354.0625
19/05/2019 00:00,533.375,616.4375,719.6875,164.0625,404.9561364,324.25
20/05/2019 00:00,535.6875,624.875,722.8125,200.125,429.582197,361.75
21/05/2019 00:00,540.4375,632.6875,729.9375,177.2083333,450.874349,404.4375
22/05/2019 00:00,544.5,643.3125,736.375,153.4583333,448.4317069,417.25
23/05/2019 00:00,549.0625,650.5,751.5,131.5208333,429.7038506,405.75
24/05/2019 00:00,554.625,656.25,759.0625,164.8958333,436.8093276,392.5
25/05/2019 00:00,561.875,667.0625,763.375,146,440.5398046,392.375
26/05/2019 00:00,567,681.25,765.5625,161,435.2286149,392.25
27/05/2019 00:00,573.0625,702.4375,769.25,160.0416667,421.9174253,383.1875
28/05/2019 00:00,580,722.25,775.125,126.7916667,431.2729023,393.8125
29/05/2019 00:00,585.9375,734.25,776.375,209.6458333,431.6492126,391.125
30/05/2019 00:00,592.1875,742.5625,784.0625,200.7083333,433.7338563,378.625
31/05/2019 00:00,600.75,752.4375,785.6875,260.7916667,458.381,403.1875
01/06/2019 00:00,605.5,760.5,788.625,186.4791667,468.0073103,426.875
02/06/2019 00:00,611.125,766.375,794.9375,172.6666667,493.3209511,463.3125
03/06/2019 00:00,618,770,802.375,194.5416667,489.27311,467.5
04/06/2019 00:00,623.9375,774.125,807.625,186.3958333,467.7464175,455.625
05/06/2019 00:00,628.9375,779.375,814.375,230.9791667,435.5113918,431.5
06/06/2019 00:00,633.0625,781.9375,821.375,207.2083333,420.0055326,395.875
07/06/2019 00:00,638.4375,782.8125,825.125,194.2708333,416.2288402,374.5
08/06/2019 00:00,643,779.5625,826.4375,140.2708333,409.4313144,384.625
09/06/2019 00:00,647.0625,776.5625,826,127.9791667,389.7379553,359.375
10/06/2019 00:00,652,773.9375,826,141.1041667,377.3779296,332.25
11/06/2019 00:00,656.9375,769.4375,825.9375,213.8958333,354.7577342,320
12/06/2019 00:00,659.9375,764,825.0625,240.5,379.6362782,292.625
13/06/2019 00:00,661.5625,761.1875,822.9375,201.875,376.2587719,329.4375
14/06/2019 00:00,664.5,762.5625,819.5625,199.9583333,385.027099,320.5625
15/06/2019 00:00,667.4375,764,818.6875,203.0833333,371.4204261,318.375
16/06/2019 00:00,669,765.4375,813.6875,209.375,388.0012531,292.75
17/06/2019 00:00,670,766.5625,809.875,207.3541667,401.0193105,329.875
18/06/2019 00:00,671.5,765.5625,802.875,309.0416667,382.7662648,309.375
19/06/2019 00:00,673.5,755.375,802.1875,228.9375,372.5965525,282.25
20/06/2019 00:00,674.9375,741.6875,796.875,195.875,385.9476734,267.5
21/06/2019 00:00,675.0625,731,786.5,374.8958333,367.6737944,281.125
22/06/2019 00:00,675.9375,720.9375,777.1875,371.25,367.0457487,244.25
23/06/2019 00:00,676,709.125,770,315.5208333,383.292703,251.375
24/06/2019 00:00,674,692,755,262.5416667,384.9979907,270.25
25/06/2019 00:00,671.4375,679.25,749.3125,210.4166667,392.791187,290.125
26/06/2019 00:00,670,665.0625,751.9375,168.1666667,384.2211692,300.875
27/06/2019 00:00,669,652.5625,753.9375,149.9375,376.3136335,277.5
28/06/2019 00:00,667.5,640.0625,751.25,140.5,364.4894312,272.25
29/06/2019 00:00,665.5,629.5625,741.875,178.4791667,350.4777288,243.5
30/06/2019 00:00,663.4375,618.875,731,159.2083333,340.6118598,222.625
01/07/2019 00:00,660.5625,601.9375,713.1875,172.0208333,342.7459908,214.625
02/07/2019 00:00,658.375,586.25,704.6875,163.4583333,335.4426217,217.75
03/07/2019 00:00,654.5625,580.0625,693.125,149.625,351.7225861,221.25
04/07/2019 00:00,650.9375,575.8125,681.9375,130.4375,344.169217,248
05/07/2019 00:00,646.0625,571,673.5,126.8125,323.6991814,226.125
06/07/2019 00:00,642.5,566.375,674.9375,132.3125,319.687479,210.625
07/07/2019 00:00,638.875,564.625,664.375,129.125,306.3424433,195.125
08/07/2019 00:00,633.5625,557.5625,647.75,254.875,308.143241,166.5
09/07/2019 00:00,628.4375,550.625,637.3125,221.4583333,301.527372,185.25
10/07/2019 00:00,622.8125,546,623.8125,177.4166667,298.2865029,174.375
11/07/2019 00:00,615.1875,541.5,609.125,143.6666667,279.9833086,168.25
12/07/2019 00:00,609,537.625,606,129.7291667,280.0797907,146.125
13/07/2019 00:00,603.6666667,534.8125,605,142.7916667,297.4486784,150.25
14/07/2019 00:00,526.0114002,529.0625,588.5625,178.4166667,298.9842327,180.375
15/07/2019 00:00,592.1875,525,585.3125,220.9375,308.6864537,178
16/07/2019 00:00,582.25,520.875,587.3125,171.4583333,316.3261747,204.75
17/07/2019 00:00,577,523.4375,592.5,181.5208333,317.6742291,215.5625
18/07/2019 00:00,572.5625,519.3125,597.375,157.2708333,313.3972834,207.1875
19/07/2019 00:00,568.875,518.6875,600.0625,236.0416667,310.9328377,193.4375
20/07/2019 00:00,563.625,522.875,598.625,319.8958333,296.6142254,185.5625
21/07/2019 00:00,560.4375,526.0625,590.125,272.8333333,303.4831131,155.125
22/07/2019 00:00,556,530,580.9375,239.5416667,311.5603341,172.6875
23/07/2019 00:00,550.9375,534.0625,564.25,206.75,302.8458884,195.25
24/07/2019 00:00,545,539.4375,564.9375,226.6458333,314.9856094,186.1875
25/07/2019 00:00,539.125,544.5,574.875,181.4583333,303.0419971,193.0625
26/07/2019 00:00,536.6875,548.4375,573.1875,283.4166667,320.4942181,178.9375
27/07/2019 00:00,537.9375,551,573.75,231,307.6964391,213.4375
28/07/2019 00:00,538,554,569.4375,337.625,314.1694934,186.1875
29/07/2019 00:00,537.4375,557,570.1875,260.7291667,306.3925477,187.625
30/07/2019 00:00,534.9375,559.4375,565.4375,178.3958333,300.8719154,175.125
31/07/2019 00:00,531.5625,560.4375,558.5625,156.3958333,315.100023,167.25
01/08/2019 00:00,528.875,558.375,553.8125,164.3125,314.1450506,193.1875
02/08/2019 00:00,523.9375,553.125,546,156.2916667,311.2734116,190.8125
03/08/2019 00:00,518.6875,549.9375,551.3125,138.3333333,310.0059392,186.75
04/08/2019 00:00,515.9375,545.9375,562.5625,246.3333333,295.7384669,196
05/08/2019 00:00,513.125,540.0625,564,269.3541667,299.4293278,174.75
06/08/2019 00:00,513,536.75,562.6875,162.1041667,305.6618554,180.375
07/08/2019 00:00,512.375,539.5625,553.75,140.1875,281.1652164,190
08/08/2019 00:00,509.5625,543.5625,547.8125,129.4791667,265.6060773,141.125
09/08/2019 00:00,505.6875,539,537.125,161.4375,276.9219383,112.25
10/08/2019 00:00,496.5625,530.9375,517.875,155.4166667,273.1752993,133
11/08/2019 00:00,487.9375,520.4375,500.0625,179.0416667,268.0953269,122.25
12/08/2019 00:00,478,508.8125,489.125,247.4791667,274.9736878,122.5
13/08/2019 00:00,467.4375,496.875,486.8125,234.4583333,271.6020488,140.125
14/08/2019 00:00,456.625,490.5625,482.4375,320.4583333,265.0515981,133.5
15/08/2019 00:00,449.1875,484.9375,487.125,192.3958333,274.8786121,125.625
16/08/2019 00:00,449.625,483.625,491.75,156.2916667,307.7227699,130.3125
17/08/2019 00:00,462.3125,495.3125,484.8125,138.6041667,324.8238264,186.5625
18/08/2019 00:00,470.25,512.1875,487.3125,125.6875,294.6187744,195.625
19/08/2019 00:00,472,525.1875,514.3125,126,279.190618,145
20/08/2019 00:00,473.5625,533,528,151.875,281.763349,125.875
21/08/2019 00:00,475.9375,539.5,515.3125,163.3125,277.6365072,130.375
22/08/2019 00:00,476.3125,544.1875,497.4375,146.7708333,273.7281702,128.875
23/08/2019 00:00,473,545.625,491.1875,144.4791667,270.4193024,126.5
24/08/2019 00:00,468.375,343.4549788,489.25,129.7291667,262.6547159,119.5
25/08/2019 00:00,461.5625,528.3333333,483.875,162.0208333,254.1225369,110.125
26/08/2019 00:00,456,521.9375,483.9375,128.3541667,256.9329657,98.75
27/08/2019 00:00,451.5625,514.0625,482.3125,153.6458333,262.7225611,93.0625
28/08/2019 00:00,447.3125,505,478.25,165.8958333,265.2413232,103.9375
29/08/2019 00:00,439.5625,496.5625,477.875,214.0208333,261.5100853,115
30/08/2019 00:00,433.125,490.4375,477.1875,156.7916667,261.5496808,109.875
31/08/2019 00:00,430.6875,483.875,478.3125,128.3541667,262.4434429,101.4375
01/09/2019 00:00,430.8125,475.1875,476.5,156.0833333,254.4899827,102.9375
02/09/2019 00:00,427.4375,472.4375,480.375,168.75,249.2031893,96.625
03/09/2019 00:00,423.5,481,478.125,139.5625,263.1663958,88.5
04/09/2019 00:00,419.625,496.6875,470.75,121.4583333,274.9768246,110.25
05/09/2019 00:00,417.4375,509.5,463.5625,152.1666667,276.45392,137.125
06/09/2019 00:00,413.9375,521.625,467.625,197.1458333,272.5143488,142.25
07/09/2019 00:00,410.1875,526.5625,476.3125,163.2708333,262.2622776,156.125
08/09/2019 00:00,412.875,519.4375,483.125,133.6875,242.3625034,113.1875
09/09/2019 00:00,422.9375,502.4375,494.125,120.5,266.4175912,67
10/09/2019 00:00,429.125,485.5,490.4375,121.6875,275.6110341,105.6875
11/09/2019 00:00,426.9375,475.4375,453.3125,116.1875,262.4503102,124.625
12/09/2019 00:00,421.1875,472.75,441.6875,112.4166667,264.9145864,111.5
13/09/2019 00:00,409.5,465,453.4375,139.75,294.4205292,109.875
14/09/2019 00:00,399.3125,455.9375,459.3125,197.75,295.7598054,173
15/09/2019 00:00,396.6875,446.6875,447,205.0416667,281.6199148,173.625
16/09/2019 00:00,397.3125,434.6875,474.5625,139.625,281.7300243,135.625
17/09/2019 00:00,395.125,421.5,498.6875,119.3333333,277.6838838,133.125
18/09/2019 00:00,396.1875,424.0625,497.1875,110.4583333,285.5648266,143.25
19/09/2019 00:00,402.6875,473.6875,489.875,127.0833333,305.0186861,217.625
20/09/2019 00:00,412.4375,501.875,502.1875,116.0833333,294.7850456,222.875
21/09/2019 00:00,422.8125,523.125,532,113.8541667,276.3118218,186.5625
22/09/2019 00:00,438.875,541.5625,553.375,113.5833333,266.5156813,153.875
23/09/2019 00:00,453.5625,551.1875,556,107.2291667,276.8966241,115.875
24/09/2019 00:00,468.375,560.75,544.625,104.1458333,309.4650669,157.875
25/09/2019 00:00,478.6875,557.0625,533.8125,96.91666667,323.7806253,243.8125
26/09/2019 00:00,481.3125,548.8125,537.8125,92.60416667,317.2028041,245.625
27/09/2019 00:00,480.0625,539.5625,570.9375,90.85416667,328.3866647,245.375
28/09/2019 00:00,481.25,532.625,592.25,90.375,313.0705254,224.75
29/09/2019 00:00,488.0625,526.5625,592,87.91666667,299.5877194,193.75
30/09/2019 00:00,495.875,525.3125,590.6875,107.3125,295.1674134,192.75
01/10/2019 00:00,500.375,531.9375,592.75,114.6666667,312.9762741,192.125
02/10/2019 00:00,502.5625,537.4375,587.9375,106.1041667,318.2018014,237.75
03/10/2019 00:00,506.0625,540.5625,587.125,113.6041667,304.448162,236.5
04/10/2019 00:00,510.375,545.5,601.5,131.1458333,297.5695227,249.5
05/10/2019 00:00,513.75,552.875,614.6875,109.25,303.5242167,202.0625
06/10/2019 00:00,521.4375,565.5625,615.875,99.83333333,313.6455774,201.5
07/10/2019 00:00,527.375,567.1875,603.0625,121.3333333,315.516938,239.4375
08/10/2019 00:00,529.5,551.25,605.625,137.0208333,313.846632,238.125
09/10/2019 00:00,537.5,543.6875,623.375,146.1041667,298.7596594,217.875
10/10/2019 00:00,541,557.625,629.125,123.9166667,291.0893533,199
11/10/2019 00:00,545.125,566.5625,624.5625,123.6875,310.4398807,202.5
12/10/2019 00:00,550.4375,578.6875,620.1875,103,311.7487413,235.5
13/10/2019 00:00,554.4375,577.375,622.3125,96.29166667,317.8717752,253.125
14/10/2019 00:00,557.5,576.8125,631.5,113.9583333,314.3842755,256.875
15/10/2019 00:00,560.5625,589.1875,638.75,97.54166667,309.7927722,275.375
16/10/2019 00:00,565,613.0625,643.6875,98.77083333,309.2012688,235.375
17/10/2019 00:00,569.4375,629.25,650.0625,111.0625,314.5680988,259.375
18/10/2019 00:00,572.4375,647.9375,646.5,108.5625,325.2682621,275.25
19/10/2019 00:00,574.625,672.25,650.875,153.6666667,338.2600921,302.375
20/10/2019 00:00,578.4375,686.3125,657.125,176.6458333,339.9602554,313.875
21/10/2019 00:00,583.1875,695.625,667.5,177.5625,346.2995093,298.375
22/10/2019 00:00,591.5,705.3125,678.125,122.8333333,344.2237874,322.125
23/10/2019 00:00,599.0625,710,688.5,170.9791667,338.4741886,306.1875
24/10/2019 00:00,606.375,713.8125,700.25,170.6041667,363.7929961,332.3125
25/10/2019 00:00,612.5,715.625,710.25,155.3333333,380.5450291,358.25
26/10/2019 00:00,619.125,718,710.0625,170.0416667,383.0167591,359.0625
27/10/2019 00:00,628.5,722.1875,722.75,145.2708333,399.506966,349.8125
28/10/2019 00:00,636.625,729.375,731,173.0208333,400.9863522,372.375
29/10/2019 00:00,638.1875,732.875,737.5625,132.4166667,393.9761463,342.0625
30/10/2019 00:00,643.0625,734.3125,745.6875,118.625,392.6083016,346.1875
31/10/2019 00:00,648.375,731.3125,746.5,108.125,381.3029568,360.75
01/11/2019 00:00,651.5,723.4375,746.25,115.2708333,359.6434454,323.5625
02/11/2019 00:00,655,714.0625,750.875,112.25,379.108934,322.6875
03/11/2019 00:00,657.875,700.875,752.25,138.7083333,373.2202559,344
04/11/2019 00:00,658.5625,685.5625,750.1875,112.2291667,359.3732445,298.375
05/11/2019 00:00,659.9375,674.0625,751.4375,120.9375,376.9012331,307.625
06/11/2019 00:00,660,662.4375,751.375,116.3541667,377.4853887,315.75
07/11/2019 00:00,660,650.375,750.625,146,380.6177189,315.625
08/11/2019 00:00,660.0625,638.8125,754.375,122,376.4013858,314
09/11/2019 00:00,660.9375,635.5625,749.6875,134.4583333,372.6017193,296.25
10/11/2019 00:00,661,645,749.9375,115.9375,364.1978861,329.5
11/11/2019 00:00,661.5625,656.375,747.9375,185.125,371.1482196,298.25
12/11/2019 00:00,663,665.6875,744,199.4166667,404.4943865,368.1875
13/11/2019 00:00,664,677.625,745,231.125,433.4863866,405.5
14/11/2019 00:00,665.5,694.5,756.875,192.5208333,455.0598637,443.6875
15/11/2019 00:00,667.5625,703.75,765.3125,142.8958333,437.1013691,446.5
16/11/2019 00:00,669.875,710.875,777.125,138.9166667,413.7696549,440.125
17/11/2019 00:00,671.125,716.4375,785,138.4375,390.8096197,404.25
18/11/2019 00:00,673.9375,719.9375,791.875,184.3958333,359.59065,355.8125
19/11/2019 00:00,675.5625,720.9375,794.875,140.4583333,366.2675137,312.0625
20/11/2019 00:00,677.9375,721.0625,794.75,197.3541667,382.4860441,332.9375
21/11/2019 00:00,679,722.5,788.375,166,371.3504078,355.6875
22/11/2019 00:00,679.9375,725,785,137.7291667,402.7564381,350.75
23/11/2019 00:00,680.5625,727.5,784.75,127.5416667,408.2458018,383.75
24/11/2019 00:00,682.5,729.6875,783.125,116.5625,390.1726655,378.375
25/11/2019 00:00,684,732.0625,783.5625,110.6875,387.9745292,346.75
26/11/2019 00:00,684.9375,726.4375,783.25,107.3541667,360.5472262,326.5
27/11/2019 00:00,684.9375,717.875,778.5625,115.1041667,343.0574232,274
28/11/2019 00:00,684.0625,706.5,773.0625,136.25,340.6092869,251.75
29/11/2019 00:00,684,695.375,755.9375,116.0833333,335.6819839,254.625
30/11/2019 00:00,683.375,682.875,737,113.1875,337.0463476,235.375
01/12/2019 00:00,681.0625,676.4375,723.5625,155.3125,337.4315446,238.5
02/12/2019 00:00,679.5,670.5,720.375,152.2291667,344.9155233,235.25
03/12/2019 00:00,677.4375,664.3125,713.5625,120.5416667,337.346712,250.25
04/12/2019 00:00,674.5,654.1875,701.9375,108.2291667,348.9508351,270.75
05/12/2019 00:00,671.5625,645.9375,694.6875,109.4791667,325.4924581,263.875
06/12/2019 00:00,668.9375,639.5,695.6875,108.9375,330.3760899,223.5
07/12/2019 00:00,665.5,633.8125,693.5,134.1041667,338.5980157,234.4375
08/12/2019 00:00,662.5,624.125,677.125,116.9583333,366.8997788,266.5
09/12/2019 00:00,658.9375,615.5625,661.5,127.875,361.5035617,309.4375
10/12/2019 00:00,654.0625,607.8125,670.6875,105.8333333,366.7961332,283.25
11/12/2019 00:00,650.5,602.1875,680.875,113.7916667,338.9264344,271.375
12/12/2019 00:00,646.875,592.4375,671.5625,118.375,359.0766232,228.75
13/12/2019 00:00,641.625,585.9375,666.5,129.5,346.2650716,281
14/12/2019 00:00,637.9375,585.5625,655.9375,172.6875,363.6826867,252.625
15/12/2019 00:00,632.9375,577.875,657.1875,228.375,369.4515712,289.375
16/12/2019 00:00,627.625,569.25,650.0625,155.875,371.6450192,288
17/12/2019 00:00,624,563.5,659.875,131.125,388.0557984,286.125
18/12/2019 00:00,620.5,557.1875,660.125,119.25,390.2165775,302.25
19/12/2019 00:00,617.5625,554.5625,653.875,121.75,396.96069,313.375
20/12/2019 00:00,615.4375,546.6875,654.8125,117.875,403.8554088,318
21/12/2019 00:00,612.5,539,660.4375,175,395.8955081,327.25
22/12/2019 00:00,609.5,530.25,662.5625,157.25,375.5380324,294
23/12/2019 00:00,606,520.4375,657.5625,166.75,363.5763899,266.3125
24/12/2019 00:00,601.5,520.625,654.8125,193.125,360.4064141,247.1875
25/12/2019 00:00,597,521.5625,646.6875,192.9375,370.590605,252.25
26/12/2019 00:00,592.875,513.1875,629.6875,161.8125,372.5038557,278.1875
27/12/2019 00:00,586.4375,507.25,616.1875,134.625,362.9955266,293.9375
28/12/2019 00:00,579.6875,508.125,621.125,119,360.9011939,265.375
29/12/2019 00:00,577.4375,503.0625,630.1875,120.375,345.2026946,255.375
30/12/2019 00:00,568.0625,495.8125,619.625,141.5,332.4833619,224.125
31/12/2019 00:00,563.375,487.625,607.1875,124.875,348.5348626,246
01/01/2020 00:00,556.4375,480.5625,600.3125,145.25,362.6071966,323.1875
02/01/2020 00:00,548.5625,473.0625,595.3125,124.25,361.3664661,316.5625
03/01/2020 00:00,541.5625,465.75,616.8125,121.875,340.2656734,281.3125
04/01/2020 00:00,536.625,455.625,630.5,100.25,328.309146,231.5625
05/01/2020 00:00,535,446.4375,624.875,100.75,317.3942853,206.75
06/01/2020 00:00,533.4375,435.625,603.0625,93.25,302.0419247,181.125
07/01/2020 00:00,528.75,426.375,584.375,82.875,299.1062307,156.9375
08/01/2020 00:00,518.5,415.625,571.5625,80.75,309.94137,159.0625
09/01/2020 00:00,506.375,405.75,544.25,76.375,303.005676,177.25
10/01/2020 00:00,491.390997,391.6875,518.5,76.75,288.4658153,164.75
11/01/2020 00:00,476.5163092,380.5,519.4375,76.125,296.1134546,149.125
12/01/2020 00:00,468.2813401,389.1875,524.8125,75.125,296.7896994,163.5
13/01/2020 00:00,450.3076558,395.8125,502.9375,77,296.5,166.8125
14/01/2020 00:00,434.5434581,400.1875,489,73,298.1666667,166.3125
15/01/2020 00:00,419.7815088,412.375,504.625,67.875,286.0833333,166
16/01/2020 00:00,409.4785053,422.9375,498.5625,65.25,268.3541667,143
17/01/2020 00:00,399.485119,419.375,487.6875,70.875,286.6458333,114.6875
18/01/2020 00:00,389.4917328,407.375,482.4375,134,284.7291667,145.5625
19/01/2020 00:00,379.4356399,394.3125,459.375,146.125,276.7083333,144.5
20/01/2020 00:00,368.9375,385.25,463.5,167.875,280.2916667,129
21/01/2020 00:00,358.0625,376.375,469.4375,123.5,271.25,136.375
22/01/2020 00:00,349.125,384.375,464,110.375,261.875,128.8125
23/01/2020 00:00,344.25,393.9375,469.4375,105.375,267.7708333,143.5625
24/01/2020 00:00,344.5625,408.5,477.5,97.625,275.4791667,141.75
25/01/2020 00:00,348.375,415.0625,478.4375,96.5,273.1666667,137.5
26/01/2020 00:00,357.1875,402.5625,459.625,96.875,260.3333333,128.875
27/01/2020 00:00,358.625,392.1875,449.125,103.75,260.9583333,111.75
28/01/2020 00:00,350.8125,377.1875,447.1875,99.875,271.7291667,118.0625
29/01/2020 00:00,339.0625,380.1875,448.125,97.75,289.2083333,145.0625
30/01/2020 00:00,330.1875,379.8125,438.0625,105.875,280.9583333,172.125
31/01/2020 00:00,325.0625,376.8125,441.4375,99.625,266.5208333,147.125
01/02/2020 00:00,321.5625,369.1875,468,85.625,262.3958333,119.8125
02/02/2020 00:00,320.125,361,459.5,73.375,269.2708333,104
03/02/2020 00:00,321,351.1875,437.0625,73.625,281.6875,114.625
04/02/2020 00:00,321.375,343.5,410.125,77,266.3125,153.6875
05/02/2020 00:00,317.0625,336.9375,422.75,77.75,264.2708333,112.375
06/02/2020 00:00,312.4375,330.125,439.0625,76,260.5416667,105.125
07/02/2020 00:00,295.4375,324.25,407.75,66.75,272.5208333,91.25
08/02/2020 00:00,287.75,313.25,407,68.25,264,122.875
09/02/2020 00:00,279.375,299.5,391.5,86.5,263,100.3125
10/02/2020 00:00,273.9375,284.875,396.9375,74.25,285.1041667,99.5
11/02/2020 00:00,260.3125,290.875,407.4375,64.625,276,137.5625
12/02/2020 00:00,255.25,286,392.125,60.125,270.625,139.4375
13/02/2020 00:00,254.4375,278.6875,391.125,60.75,278.0625,121.5625
14/02/2020 00:00,251.875,280,411.1875,57.25,280.6875,124.1875
15/02/2020 00:00,248.8125,274.375,397.75,60.625,278.9479167,132.5625
16/02/2020 00:00,250.25,263.5625,389.375,59.375,287.9895833,127.8125
17/02/2020 00:00,246.9375,268.625,394.1875,56,277.1458333,150.5625
18/02/2020 00:00,243.1875,268.5625,397.8125,54.25,278.6875,134.6875
19/02/2020 00:00,243,268.625,406.125,57.625,262.8958333,129.3125
20/02/2020 00:00,243,272.625,406.375,55.375,254.8958333,95.5
21/02/2020 00:00,244.1875,280.0625,399.8125,58.5,268.75,94.5
22/02/2020 00:00,247.8125,285.375,379.625,90,260.4375,121.875
23/02/2020 00:00,246.8125,279.1875,367.875,148,273.6875,126.125
24/02/2020 00:00,241.375,277.875,370.5,131.875,277.6666667,172.0625
25/02/2020 00:00,234.0625,283.6875,372.1875,130.875,274.3541667,166.75
26/02/2020 00:00,229.9375,275.375,401.4375,163.125,283.7083333,138.3125
27/02/2020 00:00,234.5625,262.0625,416.125,180,285.5208333,153.125
28/02/2020 00:00,241.5,255.25,388.625,192.125,303.2916667,173.375
29/02/2020 00:00,246.1875,246.8125,394.125,142.75,329.125,182.375
01/03/2020 00:00,245.0625,253.3125,433.3125,106.125,326.9583333,199.8125
02/03/2020 00:00,248.4375,262.6875,448.4375,96.375,330.3333333,192.5625
03/03/2020 00:00,259.375,275.5,451.3125,105.375,330.625,197.25
04/03/2020 00:00,266.3125,287.25,458.25,107.625,338.8333333,193.8125
05/03/2020 00:00,265.6875,279.875,455.9375,91.375,349.4791667,210.75
06/03/2020 00:00,269.9375,263.8125,444.3125,93.125,320.3125,230.625
07/03/2020 00:00,271.625,261.3125,451.125,96,311.9166667,178.125
08/03/2020 00:00,270.125,274.5625,469.4375,109.375,300.7083333,164.3125
09/03/2020 00:00,274.4375,282,451.75,90,297.7708333,141.0625
10/03/2020 00:00,271.5625,285,414.6875,79.125,305.7083333,140.5
11/03/2020 00:00,273.5,277.25,392.9375,78,309.0416667,153.3125
12/03/2020 00:00,262.125,267.375,391.875,80.75,313.1458333,163.0625
13/03/2020 00:00,252.625,273.8125,416.4375,107.375,322.6145833,182.6875
14/03/2020 00:00,247.25,280.9375,417.5,201.125,359.5729167,258.0625
15/03/2020 00:00,248.8125,269.6875,426.8125,142.75,367.6458333,291.125
16/03/2020 00:00,255.25,263.5,451.25,144.625,355.6041667,293.625
17/03/2020 00:00,258.6875,256.75,504.875,170.75,356.4583333,258.1875
18/03/2020 00:00,268.75,246.1875,519.9375,129.625,333.3333333,250.5625
19/03/2020 00:00,292.75,238.6875,510.6875,104.875,335.1041667,212
20/03/2020 00:00,311,234.875,506.6875,93.8125,328.25,204.9375
21/03/2020 00:00,316.125,239.3125,486.5625,88.6875,336.25,226.375
22/03/2020 00:00,312.375,244.6875,468.375,75.9375,346.625,250.375
23/03/2020 00:00,303.8125,242.3125,471.25,71.6875,348.5,256.6875
24/03/2020 00:00,292.6875,242.75,492,68.875,318.8958333,234.0625
25/03/2020 00:00,289,249,504.5,68.75,303.625,189.125
26/03/2020 00:00,295,256.4375,500.4375,65.5,307.625,157.25
27/03/2020 00:00,299.75,265.0625,478.5625,69.75,303.1458333,161.875
28/03/2020 00:00,298.25,268.8125,445.3125,109.375,297.8333333,161.5
29/03/2020 00:00,290.25,259,417,116.375,301.4375,157.3125
30/03/2020 00:00,276.875,248.9375,422,122.75,309.3125,150.1875
31/03/2020 00:00,261.625,239.8125,399.8125,152.5,315.7916667,156.1875
01/04/2020 00:00,249.125,243.8125,401.5625,133.875,336.8125,180.5625
02/04/2020 00:00,240.75,257.9375,401.5,189.625,353.75,240.3125
03/04/2020 00:00,238.75,267.625,434.25,146.5,323.5833333,253.75
04/04/2020 00:00,244.5,275.25,455.8125,111,335.2083333,204.875
05/04/2020 00:00,260.5,279.125,484,101.5,351.2708333,232.0625
06/04/2020 00:00,275.75,285.5625,475.0625,143.875,350.375,248.375
07/04/2020 00:00,286.5625,293.5,490.6875,116.625,354.2916667,256
08/04/2020 00:00,296.8125,302,509.75,109.875,343.2708333,244.75
09/04/2020 00:00,302.4375,310.4375,521.1875,137.625,332.1666667,227
10/04/2020 00:00,307.625,317.0625,508.1875,131.625,339.5208333,203.1875
11/04/2020 00:00,314.25,324.9375,493.625,112,327.1041667,219.5
12/04/2020 00:00,314.75,333.125,476.4375,110.75,327.0833333,201
13/04/2020 00:00,308.3125,344.125,476.0625,137.125,319.8541667,237.8125
14/04/2020 00:00,299.125,355.4375,474.9375,110.75,335.7083333,222.6875
15/04/2020 00:00,296,364.3125,494.125,99.75,352.6041667,263.5625
16/04/2020 00:00,303.75,370.5625,483.5625,117.375,326.125,314.25
17/04/2020 00:00,315.8125,377.5625,495,118,316.5833333,249.1875
18/04/2020 00:00,323.875,384.125,510.5625,137.25,308.1458333,211.8125
19/04/2020 00:00,331.1875,381.8125,508,127.375,332.5208333,201.375
20/04/2020 00:00,341.4375,376.1875,497.5625,100.625,337.8125,233.75
21/04/2020 00:00,346.375,373.8125,487.75,91.625,351.0833333,247
22/04/2020 00:00,339.5,368.125,496.5625,77.375,343.9791667,304.9375
23/04/2020 00:00,332.0625,363.375,514.875,80.875,337.0625,271.8125
24/04/2020 00:00,328.5,362.3125,542.3125,82.125,347.625,257.9375
25/04/2020 00:00,335.75,354.3125,548.375,83.75,336.7083333,258.125
26/04/2020 00:00,347.3125,350.375,542.4375,82,335.3958333,232.9375
27/04/2020 00:00,353.6875,344.0625,532,85.25,324.6979167,220.5
28/04/2020 00:00,352.75,338.625,515.5,91.875,340.78125,207.375
29/04/2020 00:00,346.3125,337.6875,506.9375,83,335.9791667,241.75
30/04/2020 00:00,338.4375,342.5625,497.9375,77.625,351.8958333,240.375
01/05/2020 00:00,336.875,348.625,488.5,127.375,357.4375,248.5
02/05/2020 00:00,320,356.5,486.0625,164.125,352.1666667,263.0625
03/05/2020 00:00,316.8125,364.4375,505.875,139,351.7291667,264.3125
04/05/2020 00:00,322.5,371.5625,523.5625,103.875,367.6041667,266
05/05/2020 00:00,329.0625,378.75,526.75,98,351.6458333,291.25
06/05/2020 00:00,334.9375,378.8125,528.375,108.125,350.5208333,277.625
07/05/2020 00:00,339.375,373.875,547,146,339.9166667,278.5625
08/05/2020 00:00,342.6875,369.1875,556.1875,157.125,345.1666667,241.5625
09/05/2020 00:00,349.6875,367.3125,555.375,231.375,347.2291667,240.5625
10/05/2020 00:00,364.3125,361.875,548.8125,159.375,330.5,239.125
11/05/2020 00:00,366.5,362.6875,533.6875,141.625,294.0625,224.4375
12/05/2020 00:00,359.5,360,530.6875,123.375,306.1875,195.1875
13/05/2020 00:00,353.0625,359.6875,526.9375,169.5,333.2083333,220.8125
14/05/2020 00:00,344.1875,377.25,513.875,155.625,337.2708333,285.25
15/05/2020 00:00,345.4375,392.8125,524.375,118.375,348.1458333,251.375
16/05/2020 00:00,345.6875,409.875,549.6875,157.125,357.3333333,256.875
17/05/2020 00:00,350.25,406.8125,556,183.5,341.7916667,269.0625
18/05/2020 00:00,359,400.125,555.25,221.875,330.7916667,245
19/05/2020 00:00,365.625,400.4375,557.75,166,346.3125,224.4375
20/05/2020 00:00,366.625,410.8125,553.875,149.5,350.6666667,247.625
21/05/2020 00:00,369.4375,429.1875,546.3125,149.625,337.5416667,250.5
22/05/2020 00:00,372.1875,427.0625,544.5625,166.25,328.7291667,244
23/05/2020 00:00,376.75,422.375,544.125,163,319.6458333,278.125
24/05/2020 00:00,376.9375,414.5625,537.1875,146.625,326.6875,212.4375
25/05/2020 00:00,375.4375,407,536.75,242.25,334,228.8125
26/05/2020 00:00,372.5625,400.3125,537.25,273.125,314.9375,245.3125
27/05/2020 00:00,370.4375,395.75,534.25,204.625,316.2291667,207.0625
28/05/2020 00:00,366.875,397.75,539.875,164.625,315.9375,245.5
29/05/2020 00:00,362.875,411.6875,542.75,192,328.0416667,244.3125
30/05/2020 00:00,366,428.375,550.0625,241.25,339.2708333,249.1875
31/05/2020 00:00,370.625,433.8125,559.75,186.25,366.125,279.6875
01/06/2020 00:00,378.0625,435.5625,566,199.25,376.0416667,320.4375
02/06/2020 00:00,386.5,443.1875,582.6875,232.25,373.4479167,319.4375
03/06/2020 00:00,393.3125,455.75,602,170.125,357.8333333,322.4375
04/06/2020 00:00,397.8125,470.5625,613.5625,142,385.65625,338.375
05/06/2020 00:00,408.4375,491.9375,625.5,128.625,374.6458333,352.1875
06/06/2020 00:00,420.125,523,639.5625,178.75,368.3541667,319.6875
07/06/2020 00:00,432.875,537.5625,640.75,152.625,354.1041667,306
08/06/2020 00:00,443,545.375,646.25,124.125,354.75,279.125
09/06/2020 00:00,452.5625,520.375,644.125,105.25,342.5208333,270.4375
10/06/2020 00:00,460.625,515.5,632.1875,96.75,326.25,241.5625
11/06/2020 00:00,461.875,511.0625,623.6875,98.5,335.1041667,231.75
12/06/2020 00:00,461,514,619.1875,165.5,344.7708333,253.6875
13/06/2020 00:00,460.125,520.6875,616.5625,146.875,369.0416667,281.875
14/06/2020 00:00,461,524.0625,610.9375,181.875,360.875,313.9375
15/06/2020 00:00,462.5,527.6875,617.9375,190.125,349.9375,295.875
16/06/2020 00:00,465.125,533.9375,631.0625,179.625,346.3958333,302.5
17/06/2020 00:00,469.375,529.5,635,154.625,355.8125,268.6875
18/06/2020 00:00,472.75,520.625,637.875,146.75,343.7291667,278.1875
19/06/2020 00:00,479.25,515.4375,638.5,157,345.2708333,258.75
20/06/2020 00:00,482.0625,521.3125,638.4375,202.875,331.3541667,251.625
21/06/2020 00:00,485.4375,527,636.4375,229.5,340.0833333,240.8125
22/06/2020 00:00,486.875,531.5625,633.5625,234.75,338.9375,255.5
23/06/2020 00:00,486,537.5,632.6875,236.25,354.2708333,241.5625
24/06/2020 00:00,485.625,543.25,634.625,203.875,351.8541667,266.125
25/06/2020 00:00,486.4375,533.1875,629.125,180.125,342.2708333,255.4375
26/06/2020 00:00,485.4375,521.1875,624.5625,252.25,345.9791667,235.6875
27/06/2020 00:00,484,517.8125,629.0625,193.375,336.6666667,243.375
28/06/2020 00:00,482.4375,530.125,621.625,211,347.3541667,271.125
29/06/2020 00:00,480.1875,541.375,611.625,193.375,364.2291667,323.5625
30/06/2020 00:00,481,558.5625,618.8125,144.375,365.375,320.3125
01/07/2020 00:00,483.125,564,631.1875,127.25,349.7708333,318.875
02/07/2020 00:00,487.9375,556.3125,637.25,162.25,360.3958333,295.125
03/07/2020 00:00,491.5625,560.125,636.8125,167,355.1041667,311.4375
04/07/2020 00:00,495.375,584.0625,635.125,226,376.0416667,289.8125
05/07/2020 00:00,498.6875,605,636.125,193.125,390.4583333,362.1875
06/07/2020 00:00,505,617.875,638.125,203.125,376.7083333,408.3125
07/07/2020 00:00,510.9375,633.0625,647,204,389.2708333,350.4375
08/07/2020 00:00,515.9375,625.75,667.625,172.5,364.9895833,352.125
09/07/2020 00:00,520.5625,623.375,684.3125,145.125,377.6458333,322.5
10/07/2020 00:00,524,634.625,688.25,145.25,381.1770833,346.875
11/07/2020 00:00,532.75,647.6875,697.3125,168.25,387.7291667,354.1875
12/07/2020 00:00,540.75,651,702.1875,153.125,368.0208333,365.9375
13/07/2020 00:00,546.4375,651.625,701.8125,157,356.7083333,315.1875
14/07/2020 00:00,551.0625,655.3125,706.8125,195.125,372,298.9375
15/07/2020 00:00,556.4375,654.375,707.1875,198.375,355.6041667,326.75
16/07/2020 00:00,560.4375,649.5,705.3125,167.125,344.8958333,275.1875
17/07/2020 00:00,562,645.8125,701.3125,126.75,338.9583333,249.6875
18/07/2020 00:00,562.9375,636.4375,694.875,113.125,331.2916667,232.125
19/07/2020 00:00,562.9375,619.625,687.3125,107.625,337.0625,214.9375
20/07/2020 00:00,562.125,601,684.8125,159.625,323.25,231.8125
21/07/2020 00:00,562.3125,589.1875,676.125,188.625,315.5416667,194.75
22/07/2020 00:00,560.125,586.5,670.125,149.125,334.4375,175.75
23/07/2020 00:00,559.375,583.4375,656.25,171.625,333.5625,219.9375
24/07/2020 00:00,557.125,576.6875,637.125,191.5,345.875,241.4375
25/07/2020 00:00,556.9375,593.75,625.375,242.375,346.8333333,290.6875
26/07/2020 00:00,556.125,591.0625,633.8125,252.5,340.8958333,332.375
27/07/2020 00:00,557.5625,583.75,678.6875,211.125,362.9166667,306
28/07/2020 00:00,561,577.625,691.0625,150.625,389.8958333,365
29/07/2020 00:00,565.125,585.375,691.75,194,354.4583333,387.25
30/07/2020 00:00,570.375,593.3125,697.5,275.25,361.2291667,309.375
31/07/2020 00:00,573.5,605.8125,704,240.75,363.875,334.125
01/08/2020 00:00,576.4375,614.1875,704.9375,187.625,336.9166667,318.8125
02/08/2020 00:00,578.5,612.6875,704.125,141.625,332.2916667,262.6875
03/08/2020 00:00,580.625,599.4375,700.0625,120,331.25,241.8125
04/08/2020 00:00,582.75,584.6875,693.25,111.75,331.4583333,230.75
05/08/2020 00:00,580.4375,576.625,678.375,118.125,323.8541667,238.375
06/08/2020 00:00,577.5625,571,669.875,140.75,318.5416667,211.125
07/08/2020 00:00,575.4375,559.125,660.9375,160.375,303.9791667,196.1875
08/08/2020 00:00,572,551.8125,641.6875,196.375,303.3333333,179.375
09/08/2020 00:00,567.875,546.3125,620.125,166.125,295.9375,177.875
10/08/2020 00:00,561.5,528.0625,602.25,133.625,310.9166667,152.5
11/08/2020 00:00,554.4375,527.0625,591,113.125,319.7083333,169.875
12/08/2020 00:00,546.0625,507.3125,572.875,98.5,318.7083333,191.625
13/08/2020 00:00,539.0625,502.625,579.25,117.375,313.2708333,194.75
14/08/2020 00:00,531.6875,509.3125,588.125,241.75,331.8333333,183.125
15/08/2020 00:00,520.9375,537.375,582.875,170.875,326.7083333,220.6875
16/08/2020 00:00,519.0625,569.8125,578,141.875,325.4166667,215.3125
17/08/2020 00:00,520.1875,577.5,579.875,116.375,349.2291667,226
18/08/2020 00:00,523.875,570.125,592.3125,98.375,357.6875,272.125
19/08/2020 00:00,525,564.3125,596.25,100.375,330.2916667,271.25
20/08/2020 00:00,526.5,576.5,611.25,157.5,347.2291667,257.375
21/08/2020 00:00,529.6875,592.1875,626.625,195,359.8958333,313.25
22/08/2020 00:00,536.5625,613.375,630.3125,198,364.7083333,333.5625
23/08/2020 00:00,544.4375,639.5625,636.6875,119.875,381.6666667,365.3125
24/08/2020 00:00,550.9375,652.125,662.125,103,365.4166667,395.625
25/08/2020 00:00,557.5625,665.8125,675.3125,98.5,388.5416667,365
26/08/2020 00:00,566.125,676.125,690.125,90.5,368.4791667,383.4375
27/08/2020 00:00,575.9375,685.375,702.125,85.125,366.125,336.0625
28/08/2020 00:00,583,681.125,710.8125,93.25,367.7708333,315
29/08/2020 00:00,588.875,675.125,717.0625,96,359.9166667,314.5
30/08/2020 00:00,593.375,668.9375,714.0625,100.375,363.5,303
31/08/2020 00:00,596.125,654.75,715.625,101.125,364.3958333,295.1875
01/09/2020 00:00,602.5,644.125,714.5625,95.5,382.5208333,288.875
02/09/2020 00:00,602.5,642.75,716.625,97.625,380.0416667,342.8125
03/09/2020 00:00,606.4375,643.4375,720.125,89,377.9375,388.4375
04/09/2020 00:00,609.5,650.75,726.25,162.25,353.8333333,363.4375
05/09/2020 00:00,612.4375,645.25,729.625,194.125,370.7708333,318.125
06/09/2020 00:00,614.5,642.1875,735.3125,134.25,377.9583333,336.875
07/09/2020 00:00,617.125,644.6875,744.6875,105.5,364.0625,342.8125
08/09/2020 00:00,621.9375,658.375,748.4375,102,382.2291667,317.8125
09/09/2020 00:00,625.5625,665.125,751.4375,97.75,392.9791667,350
10/09/2020 00:00,629.5,671.6875,752.0625,100.25,381.9583333,341.875
11/09/2020 00:00,633.4375,670.9375,753.5625,99.875,382.1458333,342.25
12/09/2020 00:00,636.4375,657.125,756.4375,97.625,366.2083333,324.875
13/09/2020 00:00,638.5625,646.4375,758.0625,116.875,354.7083333,306.875
14/09/2020 00:00,640.9375,643.125,759.9375,164.375,335.4375,277.1875
15/09/2020 00:00,642.5,633.1875,759.4375,119.875,327.5208333,227.5
16/09/2020 00:00,644.625,617.9375,753.875,100.875,339.7708333,228.75
17/09/2020 00:00,647.8125,613.6875,736.625,94,345.7083333,254.375
18/09/2020 00:00,648.5,630.1875,723.375,120.125,337.4166667,266.5625
19/09/2020 00:00,649,624.1875,719.5625,152.125,358.8854167,290
20/09/2020 00:00,649,624.8125,721.4375,160.875,361.3368056,329.375
21/09/2020 00:00,649.0625,620,731.125,124.125,355.5173611,299.4375
22/09/2020 00:00,649.9375,624.5,740.8125,102.125,356.7395833,292.625
23/09/2020 00:00,650.625,637.375,746.875,101.75,344.2916667,280.6875
24/09/2020 00:00,652.875,630.0625,743.3125,164.875,348.9166667,282.3125
25/09/2020 00:00,653.625,625.8125,741,150.125,347.7083333,271.625
26/09/2020 00:00,655.875,621.0625,731.9375,102.125,338.7083333,270
27/09/2020 00:00,656,613.6875,730.625,107.875,355.6666667,256.25
28/09/2020 00:00,656,602.8125,730.875,108,357.3958333,300.75
29/09/2020 00:00,656,598.875,727.6875,107.5,349.0208333,284.375
30/09/2020 00:00,655.9375,590.8125,730.375,134.375,351.125,285.5
01/10/2020 00:00,655.0625,593.125,730.5625,159.375,341.7708333,317.8125
02/10/2020 00:00,655.0625,613.8125,730,110.5,338.0833333,306.5625
03/10/2020 00:00,656,632.75,734.1875,134.625,340.6041667,301
04/10/2020 00:00,657,643.4375,740.3125,186.75,356.8125,319.1875
05/10/2020 00:00,658.5,651.5,742.125,194.75,361.7083333,372.625
06/10/2020 00:00,660.5625,667.1875,746.5,144,364.2291667,378.375
07/10/2020 00:00,663.5,680.4375,752.9375,111.875,353.6458333,374.375
08/10/2020 00:00,666.4375,690.75,758.6875,115.875,342.1704545,328.875
09/10/2020 00:00,668.5625,694.4375,765.8125,114.25,316.2045455,337.25
10/10/2020 00:00,671.4375,698.9375,768.9375,95.25,306.875,300.6875
11/10/2020 00:00,673.5625,701.625,771.125,88,317.5,276.5625
12/10/2020 00:00,676.4375,700.3125,773.3125,85.875,315.625,293
13/10/2020 00:00,678.5,687.1875,772.375,86.5,339.6666667,283.375
14/10/2020 00:00,679.9375,678.8125,770.5,117.5,354.4745305,319.5625
15/10/2020 00:00,680.0625,685,768.1875,90.125,337.1524648,318.4375
16/10/2020 00:00,681.5625,673.3125,768.9375,91.375,322.0894953,279.25
17/10/2020 00:00,683.8125,654.1875,766.8125,146.125,318.6515258,248.75
18/10/2020 00:00,683.0625,639,762.25,147.375,310.3514729,248.3125
19/10/2020 00:00,683,621.3125,762.75,145,319.4250477,247.1875
20/10/2020 00:00,682.9375,610.3125,757.375,109.375,316.6503892,279.5625
21/10/2020 00:00,682.0625,616.875,750.5,119.5,306.865314,244.4375
22/10/2020 00:00,681.9375,613,750.8125,153,307.202735,232.5
23/10/2020 00:00,681.0625,627.125,739.5,132.25,326.0668528,265.75
24/10/2020 00:00,681.625,635.3125,729.5,99.75,333.6571526,309.375
25/10/2020 00:00,683.875,634.25,732.375,92.375,324.2474524,307.125
26/10/2020 00:00,683.375,638.625,742.1875,100,327.5669189,284.5
27/10/2020 00:00,681.125,644.4375,743.75,97.5,322.365552,281.25
28/10/2020 00:00,680.5,639,739.3125,123.375,304.4588801,278.25
29/10/2020 00:00,679.4375,632,742.25,121,310.5915751,249
30/10/2020 00:00,678.0625,634.125,741.875,98.125,325.1947164,282.3125
31/10/2020 00:00,678.5625,641.3125,737.875,95,337.5895243,289.125
01/11/2020 00:00,679.9375,657.25,742.625,94.75,355.8593742,315.375
02/11/2020 00:00,680,680.1875,749.875,87.25,352.4791667,362.1875
03/11/2020 00:00,680.5625,697.25,753.375,79.375,361.125,325.6875
04/11/2020 00:00,682,706.8125,760.5,80.625,352.4166667,315
05/11/2020 00:00,683,709.5,759.9375,75.75,341.1666667,300.375
06/11/2020 00:00,684,700,758.125,79.75,350.125,310.1875
07/11/2020 00:00,684.9375,689.25,752.5,81.625,362.7291667,307.25
08/11/2020 00:00,685,684.3125,754.0625,69.125,342.0399878,326.6875
09/11/2020 00:00,685.5625,674.625,757.125,70.625,357.1612791,284.3125
10/11/2020 00:00,687.5625,669.3125,760.8125,84,389.8119404,330.5
11/11/2020 00:00,690.75,678.9375,762.625,103.375,401.9001016,370.3125
12/11/2020 00:00,692.1875,683.5625,769.25,104.25,406.1214821,411.5625
13/11/2020 00:00,695.5625,697.5625,779.625,109.375,429.5796774,413.75
14/11/2020 00:00,698.4375,706.3125,784.1875,115.125,446.7752585,444.625
15/11/2020 00:00,699.9375,719.5625,790.875,131.125,423.9708397,448.625
16/11/2020 00:00,700,735,798.9375,139.5,432.3539208,421.1875
17/11/2020 00:00,700.0625,747.5,814.6875,136.875,430.862002,442.8125
18/11/2020 00:00,701.5625,750.5,824.625,141.375,448.3764097,439.1875
19/11/2020 00:00,704.4375,752.875,834.9375,133,435.8063967,446.125
20/11/2020 00:00,706.5625,760.375,843.9375,194.5,444.7200235,425.4375
21/11/2020 00:00,708.9375,766.8125,851.375,207.75,435.0503169,424.6875
22/11/2020 00:00,709.25,770.9375,857.5625,118.625,433.484777,403.1875
23/11/2020 00:00,713.25,773.4375,863.5625,104.25,420.5859038,393.1875
24/11/2020 00:00,715.625,772.6875,868,99.75,411.1661972,370.3125
25/11/2020 00:00,718.875,654.4894946,872,99.125,397.6839906,381.9375
26/11/2020 00:00,720,623.7910102,875.375,82.5,397.8476174,338.4375
27/11/2020 00:00,721.5,616.85219,875.8125,102.5,414.6154108,341.625
28/11/2020 00:00,723.0625,614.5458019,874,98.125,445.3832042,391.5
29/11/2020 00:00,725.4375,632.4261336,874.75,104.75,456.1117519,432.4375
30/11/2020 00:00,727.5,649.5235948,879.5,102.75,432.44245,417.6875
01/12/2020 00:00,729,712.8333333,884.5,94.25,440.1901791,399.125
02/12/2020 00:00,730,710.875,888.4375,175.5,426.9379082,416.625
03/12/2020 00:00,731.5,716,890.5,154.875,450.852304,406.0625
04/12/2020 00:00,733.5,723.9375,891.75,140.875,466.9319325,453
05/12/2020 00:00,734.9375,729.6875,889.1875,121.125,456.1539319,452.5625
06/12/2020 00:00,735.5625,727.125,891,159.75,429.3192488,426.125
07/12/2020 00:00,737,715,892.9375,138,411.7553991,383.625
08/12/2020 00:00,737.9375,700.4375,894.5625,108.875,391.0665493,362.8125
09/12/2020 00:00,738.5625,683.9375,895.9375,129.375,401.7735329,342
10/12/2020 00:00,739.9375,668.8125,894,133.75,380.8346831,343
11/12/2020 00:00,740.0625,659.625,891.3125,115,367.0913146,302.5
12/12/2020 00:00,740.9375,652.125,884.9375,108.125,371.4791667,292.4375
13/12/2020 00:00,741.0625,638.875,877,126.25,346.625,270.5625
14/12/2020 00:00,741.9375,620.25,868.875,106.625,346.1041667,230.625
15/12/2020 00:00,742.0625,600.1875,856,93,363.3125,230
16/12/2020 00:00,742.875,584.875,839.875,90.125,374.4166667,265.375
17/12/2020 00:00,742.5625,567.5625,820.1875,85,379.3541667,282.25
18/12/2020 00:00,742.4375,556.3125,813.625,109.5,370.7916667,287.3125
19/12/2020 00:00,740.375,561.3125,809.0625,100.625,368.7083333,279.3125
20/12/2020 00:00,736.625,570.9375,801.5625,108.75,367.125,270.6875
21/12/2020 00:00,734.4375,574.375,788.375,121,374.4583333,275.75
22/12/2020 00:00,732.0625,560.8125,781.25,115.875,371.9583333,291.625
23/12/2020 00:00,730.4375,541.8125,769.3125,105.875,359.875,283
24/12/2020 00:00,727,522.875,763,106.5,355.0625,256.5
25/12/2020 00:00,723,526.8125,754.4375,140.75,376.7916667,256.3125
26/12/2020 00:00,718.9375,541.6875,737.5,125.875,359.4791667,296.1875
27/12/2020 00:00,714.625,556.5,733.5,107.25,364.5833333,270.375
28/12/2020 00:00,712.375,578.25,737.25,97.625,375.9166667,300.875
29/12/2020 00:00,708.5,589.4375,734.25,119,361.4375,295.25
30/12/2020 00:00,704,597.5,729.6875,127.875,360.1145833,258.625
31/12/2020 00:00,700.125,588,728,152.125,366.8020833,260.125
01/01/2021 00:00,697.9375,571.4375,720.9375,142.625,354.09375,263.125
02/01/2021 00:00,697.8125,561.0625,707.375,172,346.4583333,238.1875
03/01/2021 00:00,692.125,555.625,701.125,127,355.6354167,229.3125
04/01/2021 00:00,683.9375,544,686.5,129,386.5,281.375
05/01/2021 00:00,678,546.625,674.25,178.25,362.8125,309.375
06/01/2021 00:00,667.125,544.5,677.25,217.875,353.4233333,257.5
07/01/2021 00:00,664.375,532.8125,689.125,199.625,358.16,237.5625
08/01/2021 00:00,659.0625,521.6875,676.6875,149.75,349.7291667,245.3125
09/01/2021 00:00,653.5,531.4375,663.5625,154.625,367.2113095,232.875
10/01/2021 00:00,647.9375,537.0625,657.0625,176.375,390.1428571,274.625
11/01/2021 00:00,641.5,555.625,656.875,247.875,361.875,289.9375
12/01/2021 00:00,635.125,578.875,661.0625,197.625,380.875,253.5625
13/01/2021 00:00,631.4375,586.5,660.9375,145.125,376.8333333,282.3125
14/01/2021 00:00,627.625,592.125,661.25,124,377.5416667,279.75
15/01/2021 00:00,624.875,580.625,659.875,102.5,352.5833333,280.125
16/01/2021 00:00,621,558.5,657.1875,93.125,329.7708333,222.875
17/01/2021 00:00,617,543.0625,655.125,86.75,331.8125,184.6875
18/01/2021 00:00,611.9375,527.625,644.6875,78.25,323.7291667,183.875
19/01/2021 00:00,605.0625,506.375,622.6875,78.875,321.0208333,173.1875
20/01/2021 00:00,596.875,495.125,610.375,75.25,317.6875,193.1875
21/01/2021 00:00,586.9375,478.75,597.9375,70.875,309.1666667,188.5
22/01/2021 00:00,576.375,452.5625,592,77.25,301.4166667,168.3125
23/01/2021 00:00,563.1875,445.25,584.6875,111.25,296.2708333,152.5625
24/01/2021 00:00,553.25,441.375,572.125,124.25,311.4791667,147.75
25/01/2021 00:00,540.5625,435,559.9375,128.375,301.4895833,173.25
26/01/2021 00:00,526.9375,423.1875,548.4375,150.375,293.65625,164.125
27/01/2021 00:00,512.4375,412.1875,546.3125,135.75,291.125,160.75
28/01/2021 00:00,497.625,402.5,543.9375,113.875,295.25,147.4375
29/01/2021 00:00,484.5625,384.125,541.0625,120.625,300.3958333,164
30/01/2021 00:00,473.0625,370.125,533.5,87.875,290.6666667,169.8125
31/01/2021 00:00,461.4375,374.9375,522.25,77.125,297.7708333,153.0625
01/02/2021 00:00,447.625,365.5,520.875,76.125,290.2291667,165.9375
02/02/2021 00:00,437.5,353.125,510.5625,77.625,289.75,152.25
03/02/2021 00:00,428.375,353.125,509.875,80.75,292.7708333,153.0625
04/02/2021 00:00,417.125,360.4375,503.6875,75.875,303.6041667,160.8125
05/02/2021 00:00,408.5625,352.625,492.1875,87.5,319.5833333,183.25
06/02/2021 00:00,401.4375,361.875,485.4375,92.25,323.9375,195.3125
07/02/2021 00:00,394.125,377.625,485,73.625,319.3333333,193.8125
08/02/2021 00:00,390.125,374.25,505.8125,78.5,309.6458333,189.375
09/02/2021 00:00,389,363.875,506.8125,79.6875,316.6041667,183.1875
10/02/2021 00:00,387.4375,355.375,497.6875,105.625,317.4375,204.5
11/02/2021 00:00,382.8125,350.4375,485.9375,126.9375,311.7916667,223.4375
12/02/2021 00:00,373.9375,376.5,488.625,169.375,313.8541667,204.875
13/02/2021 00:00,366.3125,362.3125,488.25,134.875,316.6458333,198.5625
14/02/2021 00:00,365.125,346.25,503.875,141.25,302.2916667,202.1875
15/02/2021 00:00,365.25,362.25,495.4375,115,306.9375,193.125
16/02/2021 00:00,361.625,378.5,495.8125,106.625,314.0833333,194.25
17/02/2021 00:00,360.0625,379.75,500.875,98.5,310.1666667,213.9375
18/02/2021 00:00,360,371.125,497.4375,95.75,308.3958333,209.1875
19/02/2021 00:00,358.8125,343.3125,505.625,141.25,318.3125,182.3125
20/02/2021 00:00,354.0625,360.6875,511,183.125,319.4166667,192.0625
21/02/2021 00:00,351.6875,402,495.625,171,323.2291667,196.75
22/02/2021 00:00,354.125,435.75,486.75,176.25,339.5416667,205.4375
23/02/2021 00:00,358.4375,445.5,493.125,152.75,346.8333333,237.8125
24/02/2021 00:00,362.0625,438.375,493.125,122.375,341.5208333,253.4375
25/02/2021 00:00,365.8125,439.875,496.375,188,347.1875,239.5
26/02/2021 00:00,366.5625,439.75,507.9375,157.625,343.1875,245.875
27/02/2021 00:00,368.125,434.4375,513.9375,148.875,343.6875,241.1875
28/02/2021 00:00,371.4375,431.75,510.125,185.5,348.3645833,243.875
01/03/2021 00:00,373.8125,432.0625,508.3125,196.625,354.84375,264.4375
02/03/2021 00:00,372.625,428.9375,511.125,214.5,351.9375,268.8125
03/03/2021 00:00,372.875,437.5,516.5,238.625,354.1875,266.8125
04/03/2021 00:00,372.625,451.3125,513.6875,254.75,383.28125,284.875
05/03/2021 00:00,374.625,473.125,513.6875,243.125,384.5416667,327.0625
06/03/2021 00:00,379,482.9375,526.1875,178.875,383.78125,326.25
07/03/2021 00:00,384,480.875,538.8125,146,384.2708333,315.875
08/03/2021 00:00,389.6875,484.25,554.375,275.625,394.6041667,318.3125
09/03/2021 00:00,398.375,499.8125,559.0625,206.875,377.6319444,348.125
10/03/2021 00:00,406.0625,529.375,564.125,225,386.5138889,309.3125
11/03/2021 00:00,415,532.4375,571.1875,171,385.3541667,340.375
12/03/2021 00:00,423.5,513.0625,574.125,181.75,381.4270833,361.625
13/03/2021 00:00,429.75,516.3125,580.6875,227.75,388.8020833,367.5625
14/03/2021 00:00,432.125,540.6875,590.5,190,404,371.875
15/03/2021 00:00,437.0625,559.9375,597.875,220,409.1458333,374.6875
16/03/2021 00:00,444.0625,562.5625,604.5625,199.125,415.5208333,374.25
17/03/2021 00:00,452.4375,555.4375,613.375,199.875,419.9375,386.1875
18/03/2021 00:00,458.9375,566.1875,618.75,199.125,436.2083333,398.5
19/03/2021 00:00,464.5625,589.625,626.875,182.75,444.5416667,415.6875
20/03/2021 00:00,471.5625,608.25,635.625,174.5,454.5,400.75
21/03/2021 00:00,479,621.625,645.8125,168.375,439.5,377.5625
22/03/2021 00:00,486.5,625.875,658.25,159.125,437.0833333,375.5625
23/03/2021 00:00,494,629.6875,658.0625,204.375,424.125,387.625
24/03/2021 00:00,500.9375,638.0625,658.125,140.75,405.9166667,385.25
25/03/2021 00:00,506.875,646.875,662.625,132.875,393.7291667,366
26/03/2021 00:00,511.6875,653,667.8125,131.25,405.53125,353.6875
27/03/2021 00:00,518.75,657.3125,668.875,121,412.28125,371.6875
28/03/2021 00:00,521.5,658.0625,667.625,143.875,403.5416667,387.25
29/03/2021 00:00,524.1875,658.6875,669.1875,143.75,393.3333333,355.1875
30/03/2021 00:00,529.4375,654.4375,674.6875,127.5,388.5833333,329.875
31/03/2021 00:00,532.8125,636.6875,675.0625,162.125,359.3645833,307.8125
01/04/2021 00:00,533.625,621.6875,666.8125,142.875,359.7916667,261
02/04/2021 00:00,535.875,619.875,660.75,120.25,358.9270833,279.6875
03/04/2021 00:00,536.0625,607.1875,651.375,141.25,370.8958333,314.5
04/04/2021 00:00,536.9375,607,647,140.75,374.2569444,305.5
05/04/2021 00:00,536.3125,610.0625,644.8125,146.875,370.3263889,303.1875
06/04/2021 00:00,533.25,604.0625,647.875,123.625,392.8125,308.25
07/04/2021 00:00,533.9375,608.9375,652.1875,115.625,384.4375,353.5625
08/04/2021 00:00,534,625.6875,654.4375,154.875,372.5189394,321.9375
09/04/2021 00:00,534.625,636.75,661.875,132,388.2518939,305.5
10/04/2021 00:00,537.5,642.25,665.875,108.375,388.6666667,309.625
11/04/2021 00:00,540.4375,650.125,667.75,120.5,378.6875,314.875
12/04/2021 00:00,542.5625,650.125,672.75,142.375,387.1975694,329.75
13/04/2021 00:00,545.4375,640,672.125,161.75,371.4791667,324.5
14/04/2021 00:00,547,625.5625,673.375,122.5,362.875,293.75
15/04/2021 00:00,547.9375,607,674,168,350.2236111,266.75
16/04/2021 00:00,548,589.8125,671.875,173.125,355.65625,266
17/04/2021 00:00,547.375,584.375,667,145.625,346.7132937,263.75
18/04/2021 00:00,545.0625,591.3125,663.5625,159.25,358.6075397,265.1875
19/04/2021 00:00,543.5,605.6875,662,198,358.4,277.6875
20/04/2021 00:00,542.125,604.6875,661.0625,143.625,356,283
21/04/2021 00:00,542.875,592,661,127.125,358.7791667,259.6875
22/04/2021 00:00,542,583.9375,659.75,105.375,345.484375,270.0625
23/04/2021 00:00,540.5,579.8125,653.6875,97.625,336.2864583,225.625
24/04/2021 00:00,539.0625,585.0625,649.3125,90.375,358.125,243.625
25/04/2021 00:00,538.9375,584.125,640,88,345.9322917,245.75
26/04/2021 00:00,538.0625,569.375,634.5,92.875,372.7135417,246.1875
27/04/2021 00:00,537.3125,545.1875,639.625,119.25,385.3666667,282.5625
28/04/2021 00:00,533.5,561.3125,638.75,181.25,413.8708333,308.25
29/04/2021 00:00,529.625,607.4375,650.375,194.625,415.1227941,346.375
30/04/2021 00:00,529.25,640.3125,657.25,210.5,431.5050905,365.0625
01/05/2021 00:00,534,659.4375,663.5625,199.25,456.5096154,381.125
02/05/2021 00:00,538.9375,674.5,670.5,176.25,467.1023148,404.4375
03/05/2021 00:00,543.125,686.5625,687.3125,160.25,482.5018519,438.375
04/05/2021 00:00,550.0625,689.9375,703.875,144.5,488,463.625
05/05/2021 00:00,558.4375,692.0625,719.625,142.875,482.0132576,459.4375
06/05/2021 00:00,565,696.125,737.5,189.625,473.4284091,454.4375
07/05/2021 00:00,570.9375,701.25,752.625,160.75,460.3916667,451.5
08/05/2021 00:00,576.5625,701.6875,759.875,158.25,465.0729167,434.875
09/05/2021 00:00,583,705.4375,766.875,158.25,478.0104167,446.5625
10/05/2021 00:00,588.9375,709.5,778.25,210.125,469.734375,445.0625
11/05/2021 00:00,594,712.5,785,197.625,453.2997159,428.125
12/05/2021 00:00,599.0625,716.4375,791.625,173.75,443.9393939,396.375
13/05/2021 00:00,604.875,718.125,794.1875,171,445.0409382,383.375
14/05/2021 00:00,609,711.9375,797.125,168,431.1048951,383.5
15/05/2021 00:00,612.4375,700.5625,798.6875,179.125,425.6515152,346.375
16/05/2021 00:00,614.5,680.4375,795.75,244.125,437.953125,348.375
17/05/2021 00:00,616.5,670.375,792.875,210,454.5833333,384.6875
18/05/2021 00:00,618.5,679.4375,795,200.375,473.3831845,409.6875
19/05/2021 00:00,620.5,692,795.25,173.5,467.4136905,430.9375
20/05/2021 00:00,622.5,705.4375,799.4375,139.5,455.7083333,426.6875
21/05/2021 00:00,624.625,717.5,801.6875,128.125,425.9791667,387.0625
22/05/2021 00:00,628.375,728.875,805.625,130.75,408.7916667,324.1875
23/05/2021 00:00,630.5625,735.625,806.5625,206,441.4791667,314.875
24/05/2021 00:00,633.4375,733,807.625,209.625,429.2083333,356.125
25/05/2021 00:00,635.5625,729.0625,809.6875,182.875,431.9791667,337.5
26/05/2021 00:00,637.9375,723.8125,807.625,258.25,439.6666667,356.875
27/05/2021 00:00,639.5625,715.1875,807,190,427.0625,374.5625
28/05/2021 00:00,642.4375,713.75,806.5,144.375,428.7708333,339.9375
29/05/2021 00:00,644.5625,727.5625,808.25,132.75,418.3541667,344.375
30/05/2021 00:00,647.5,735.875,813.75,169,427.7708333,367.9375
31/05/2021 00:00,650.5,740.75,813.8125,156.75,448.625,371.75
01/06/2021 00:00,653.5,748.8125,813.1875,208.5,462.4375,404.6875
02/06/2021 00:00,656.4375,755.5625,815.125,146.125,484.2291667,434.25
03/06/2021 00:00,658.5,760.6875,817.375,128.125,458.625,444.25
04/06/2021 00:00,660.5,757.375,818.625,166,452.5625,412.3125
05/06/2021 00:00,662,751.0625,818.8125,161.125,458.1458333,421.125
06/06/2021 00:00,663,744,818.3125,145.625,457.0416667,413.5625
07/06/2021 00:00,664.625,739.1875,825.375,144.25,444.7083333,407.625
08/06/2021 00:00,668.375,741.125,830.5,142.75,442.3958333,384.375
09/06/2021 00:00,669.375,746.75,834.875,158.125,462.25,426.75
10/06/2021 00:00,669.875,756.75,836.625,158,474.5,458.5
11/06/2021 00:00,676.25,763.125,839.6875,194.25,462.4791667,457.75
12/06/2021 00:00,678.5625,770.4375,846.3125,179.5,465.8333333,437.25
13/06/2021 00:00,681.0625,776.875,850.4375,344.75,460.2083333,430.125
14/06/2021 00:00,684.4375,779.875,852.1875,208.75,465.1875,438.625
15/06/2021 00:00,687.5,779.9375,857.8125,231.75,483.4375,435.0625
16/06/2021 00:00,691.0625,778.4375,861.0625,191.75,481.25,440.1875
17/06/2021 00:00,694.875,776,862.9375,188,476.9583333,443.875
18/06/2021 00:00,696.5,773.5625,864.1875,209.375,471.0625,431.3125
19/06/2021 00:00,698.5,770.9375,867.875,208.125,452.125,418.75
20/06/2021 00:00,700,766.9375,869.8125,326.25,439.9791667,389.5625
21/06/2021 00:00,701,761.4375,870.6875,323.75,440.1875,374.375
22/06/2021 00:00,702.5625,755.5625,873.875,202.5,432.2291667,372.0625
23/06/2021 00:00,704.875,751.3125,873.9375,194.375,453.5,349.125
24/06/2021 00:00,705.625,750.625,825.7987058,181.875,447.4583333,374.5625
25/06/2021 00:00,707.875,745.4375,822.753734,159.375,435.875,374.75
26/06/2021 00:00,708.5625,746.875,874.125,156.125,433.875,370.875
27/06/2021 00:00,710.625,749.6875,873,178.875,445.0625,390.75
28/06/2021 00:00,714.4375,755.3125,871.0625,174.25,446.9583333,398.75
29/06/2021 00:00,716.9375,757.5,870.5,161.25,442.7916667,387.5
30/06/2021 00:00,718.5,758.375,869.5625,207,426.125,361.5
01/07/2021 00:00,719.9375,756.5,869.3125,222.875,412.3125,326.9375
02/07/2021 00:00,720.5625,754.5,868,175.875,411.125,303.625
03/07/2021 00:00,722.5,753.4375,865.9375,145.5,403.5416667,302.5
04/07/2021 00:00,724.5,750.25,861.4375,138.875,379.25,295.3125
05/07/2021 00:00,726.5,746.25,855.125,131.125,362.1458333,251.75
06/07/2021 00:00,728.5,745.8125,849.6875,128.75,364.9375,239.625
07/07/2021 00:00,730,734.6875,838.9375,153.875,359.6666667,241.6875
08/07/2021 00:00,731,714.625,826.25,147.125,360.3958333,228.625
09/07/2021 00:00,731.9375,693.625,816.25,149.25,355.2291667,229
10/07/2021 00:00,731.375,681.625,803.1875,197.5,355.1666667,215.375
11/07/2021 00:00,729.1875,688.875,790.5,243.75,385.6041667,232.4375
12/07/2021 00:00,729.9375,704.0625,781.125,243.125,387.4375,301.125
13/07/2021 00:00,730,711.8125,775.4375,270.625,384.6458333,283.125
14/07/2021 00:00,730,710.9375,780.6875,240,373.2708333,273.5625
15/07/2021 00:00,729.4375,698,777.875,171,369.0625,244.9375
16/07/2021 00:00,727.9375,680.8125,772.8125,152.5,383.7708333,248.625
17/07/2021 00:00,726.5625,660.9375,758.625,147,378.1041667,277.1875
18/07/2021 00:00,726,663.125,752.1875,292.375,387.8958333,277.25
19/07/2021 00:00,725,674.75,752.75,325,373.3958333,276.0625
20/07/2021 00:00,724,672.0625,757.1875,297.5,346.0625,236.125
21/07/2021 00:00,723,651.1875,754.9375,273.375,351.6041667,192.125
22/07/2021 00:00,721.5,638.3125,738.8125,310.125,350.7083333,197.75
23/07/2021 00:00,719.375,628.75,718.1875,335.75,356,196.125
24/07/2021 00:00,714.4375,619,712.625,220,365.6041667,206.4375
25/07/2021 00:00,710.375,611.1875,712.5,182,388.2291667,247.9375
26/07/2021 00:00,712.25,613.5,713.875,190.375,381.625,312.25
27/07/2021 00:00,710.0625,627.4375,724.5,198.4375,376.9166667,276.5
28/07/2021 00:00,709,646.1875,733.625,187.5,398.6458333,287.6875
29/07/2021 00:00,708,669.3125,733.4375,180.625,406.5,332.25
30/07/2021 00:00,707,683.875,735.1875,187.8125,395.2708333,315.8125
31/07/2021 00:00,706,696.8125,739.8125,203.75,372.2291667,296.125
01/08/2021 00:00,705.625,711.5,739.5,199.75,363.6041667,246.75
02/08/2021 00:00,706.9375,721.9375,737.1875,168.5,365.25,228.75
03/08/2021 00:00,706.9375,722.625,731.125,169.5,358.0625,231.0625
04/08/2021 00:00,705.5,715.5,726.1875,171.25,353.6875,224.375
05/08/2021 00:00,704.0625,706.75,721.8125,145.125,366.3333333,215.0625
06/08/2021 00:00,703.375,692.625,713.5,134,361.3125,229.125
07/08/2021 00:00,701.0625,686.25,707.125,121.25,347.9583333,216.625
08/08/2021 00:00,700.125,677.375,703.4375,108.75,359.2291667,202.625
09/08/2021 00:00,700.9375,654.875,696.1875,101.75,365.0833333,233.25
10/08/2021 00:00,700.9375,655.125,685.375,141.25,371.6041667,241.5625
11/08/2021 00:00,699.5,662,686.3125,201.25,374.4166667,264.75
12/08/2021 00:00,697.5,664.375,693.875,194,353.4166667,251.1875
13/08/2021 00:00,695.5,693.4375,697.0625,178.75,378.0208333,231
14/08/2021 00:00,694.125,709.5,696.625,170.75,381.9583333,284.9375
15/08/2021 00:00,695,724.3125,693.1875,170.375,384.625,296.875
16/08/2021 00:00,695.9375,735.875,703.4375,157.875,393.6458333,303.75
17/08/2021 00:00,696,744.75,712.3125,175.375,401.9375,341.875
18/08/2021 00:00,696.625,757.0625,716.9375,316.375,414.125,402.8125
19/08/2021 00:00,699.5,763.6875,721.625,194,418.4166667,401.5
20/08/2021 00:00,702.4375,772.125,736.5,164,428.7708333,410.75
21/08/2021 00:00,704.5,782.75,745.5625,150.375,418.5208333,410.5
22/08/2021 00:00,706.5625,795.5,755.125,145.5,410.6666667,386
23/08/2021 00:00,709.4375,799.5,765.125,141.5,411.8541667,370.5
24/08/2021 00:00,711.5625,794.5,768.8125,119.5,419.8125,374.5625
25/08/2021 00:00,714.5625,784.5625,776.25,143.125,422.7916667,417.375
26/08/2021 00:00,718.4375,774.1875,782.375,158,436.875,381.3125
27/08/2021 00:00,722.0625,768.3125,793.125,142.25,426.875,398.5
28/08/2021 00:00,726,753.75,798.4375,151.25,462.125,370.125
29/08/2021 00:00,730,725,801.625,153,437.5,389.875
30/08/2021 00:00,734.5,598.6516898,806.125,146.25,418.5,375.5
31/08/2021 00:00,737.875,623.8661752,811.875,156.625,429.0625,419.75
01/09/2021 00:00,739.5,682.5625,819.9375,134.125,411.4166667,426.125
02/09/2021 00:00,741.5625,677.625,829.1875,127.75,399.5833333,397.3125
03/09/2021 00:00,744.5,674.9375,835.8125,119.25,405.5833333,379.6875
04/09/2021 00:00,746.9375,675.1875,840.125,139.5,397.875,369.625
05/09/2021 00:00,748.5,662.0625,849.8125,122.5,387.6041667,356.75
06/09/2021 00:00,750.5,652.375,856.4375,169,396.3125,341
07/09/2021 00:00,753.25,636.9375,866.1875,161.625,403.5833333,353
08/09/2021 00:00,759.3125,631.9375,871.375,125,400.1666667,349.625
09/09/2021 00:00,762.4375,628.125,873.875,114,374.9375,335.5
10/09/2021 00:00,765.0625,627.25,874.5625,100.5,395.1875,298.8125
11/09/2021 00:00,768.4375,628.0625,874.4375,100.875,406.0625,336.25
12/09/2021 00:00,770.5,629.75,873.5625,142.375,390.2708333,354.125
13/09/2021 00:00,772.5625,628.75,874.5625,161.625,387.1041667,325.0625
14/09/2021 00:00,776.5,630.5,875.375,109.75,392.8125,317.625
15/09/2021 00:00,779.4375,625.6875,873.5625,90.125,397.5416667,325.625
16/09/2021 00:00,780.625,620.9375,872,86.75,385.25,325.25
17/09/2021 00:00,784.375,615.375,870.4375,125,379.8125,304.375
18/09/2021 00:00,786.5,606.6875,867.4375,99.875,374.625,283.875
19/09/2021 00:00,789.0625,598.6875,861.5,84.5,372.0833333,274.3125
20/09/2021 00:00,792.5,590.75,854.875,78.6875,369.8333333,283.625
21/09/2021 00:00,795.5,587.125,847.625,107.5625,370.2916667,266.9375
22/09/2021 00:00,798.5,583.375,843.5625,173.625,371.2916667,277.625
23/09/2021 00:00,801.5625,577.3125,841,150.125,392.5625,303.125
24/09/2021 00:00,804.875,584.0625,839.0625,152.375,400.4320652,347.875
25/09/2021 00:00,806.5,590.5625,839.625,150,380.0471014,336.375
26/09/2021 00:00,808.5,588.3125,842.875,138.75,359.9583333,281.875
27/09/2021 00:00,810,576.6875,842.875,99.125,353.9375,240.5
28/09/2021 00:00,811.5625,566.125,838.5,85.25,343.2083333,230.75
29/09/2021 00:00,814.4375,559.6875,829.0625,75,344.5625,229.125
30/09/2021 00:00,816,553.0625,820.75,116.75,381.0625,244.625
01/10/2021 00:00,816.9375,564.0625,812.1875,165,412.0208333,344.375
02/10/2021 00:00,816.9375,579.375,803,142.25,397.5833333,331.5
03/10/2021 00:00,816,584.0625,811.6875,108,396.8958333,300
04/10/2021 00:00,815,577.375,815.875,98.125,384.4583333,297.8125
05/10/2021 00:00,814,574,817.1875,92.875,416.6666667,324.0625
06/10/2021 00:00,813.125,572.1875,818.3125,73,426.0992647,360.75
07/10/2021 00:00,813.9375,575.8125,817.125,93.625,422.942402,349.9375
08/10/2021 00:00,813.9375,578.6875,814.625,216.25,417.2916667,343.9375
09/10/2021 00:00,812.5,583.75,812.875,132.875,421.0416667,340.625
10/10/2021 00:00,810.5,583.625,814,119,422.4583333,339.25
11/10/2021 00:00,809.0625,587.5,814.6875,118,417.4583333,354.75
12/10/2021 00:00,808.4375,584,818.3125,138.1875,423.3333333,347.8125
13/10/2021 00:00,807,580.0625,820,150.0625,443.5625,346.875
14/10/2021 00:00,806.6875,571.0625,821.25,149.5,438.25,377.5
15/10/2021 00:00,808.8125,566.25,819.375,120.125,412.5,376.8125
16/10/2021 00:00,808.0625,574,822.5,118.875,393.4791667,364.25
17/10/2021 00:00,808,574.6875,825.875,198.75,432.5833333,328.125
18/10/2021 00:00,808,578.625,827.5,280.125,409.8958333,373.4375
19/10/2021 00:00,808,588,829.5,174.125,423.1875,337.5625
20/10/2021 00:00,808,593,831.875,159.125,429.2291667,361.625
21/10/2021 00:00,808,588.5,832.625,183,415.6041667,382.625
22/10/2021 00:00,808,593.5625,834.125,236.25,416.1875,372.9375
23/10/2021 00:00,807.9375,592.4375,835.5,149.375,432.7708333,374.4375
24/10/2021 00:00,807.0625,590.1875,836.9375,155.875,414.375,371.6875
25/10/2021 00:00,807,589.8125,839.4375,171.875,435.5,366.875
26/10/2021 00:00,806.9375,584.5,841.875,157.5,444.3125,377.75
27/10/2021 00:00,806.0625,587.0625,848.125,183.375,449.1666667,408.4375
28/10/2021 00:00,806,594,849.0625,215,446.3125,416.75
29/10/2021 00:00,806.625,601.6875,853.375,173.375,439.1875,409.8125
30/10/2021 00:00,808.9375,604.4375,857.125,128.125,424.7708333,422.8125
31/10/2021 00:00,809.9375,602.4375,862.5,130.125,439.3333333,408.375
01/11/2021 00:00,810,594.875,867.0625,134.625,447.7708333,422.375
02/11/2021 00:00,810,601.9375,874.4375,129.625,439.25,431.125
03/11/2021 00:00,810.5625,606.75,883.5625,146.625,443.7291667,435
04/11/2021 00:00,812.5,607.5625,889.3125,133.75,431.125,436.75
05/11/2021 00:00,813.9375,610.4375,891.125,164.75,461.9791667,428.0625
06/11/2021 00:00,814.5625,611.3125,894.875,152.625,457.4166667,442.75
07/11/2021 00:00,815.9375,606,898.3125,146.375,446.8333333,429
08/11/2021 00:00,816.5625,598.5625,905.5,132,438,410.625
09/11/2021 00:00,818,583.75,904.1875,120.125,460.4375,415.5625
10/11/2021 00:00,819,573.1875,904,141.125,465.6875,453
11/11/2021 00:00,819.9375,569,904.5,167,446.7708333,451.6875
12/11/2021 00:00,820.5625,564.25,905,227.625,421.9583333,413.6875
13/11/2021 00:00,822.5,554.125,905,272.5,420.2083333,375.375
14/11/2021 00:00,823.9375,545.125,905,179.375,430.5625,372.125
15/11/2021 00:00,824,546.1875,904.5,143.5,438.0208333,401.75
16/11/2021 00:00,824,546.875,903,136.375,425.3125,394.75
17/11/2021 00:00,824,551.3125,901.4375,122.875,426.0208333,368.25
18/11/2021 00:00,824,544.6875,898.9375,107.25,420.75,360.75
19/11/2021 00:00,824,544.375,895.4375,156.875,406.2916667,337
20/11/2021 00:00,824,537.125,890,171.75,386.1666667,312.75
21/11/2021 00:00,824,535.1875,883.3125,153.125,384.6875,277
22/11/2021 00:00,823.9375,539.1875,873.1875,145,414.5833333,312.625
23/11/2021 00:00,823.0625,547.4375,864.3125,141.875,421.875,358
24/11/2021 00:00,823,560.4375,863.4375,139.75,440.9270833,380.875
25/11/2021 00:00,823,566.125,865.9375,172.625,453.21875,422.9375
26/11/2021 00:00,823.625,586.5,868.125,159.5,463.0208333,433.3125
27/11/2021 00:00,825.875,586.6875,870.9375,188.375,474.3125,445
28/11/2021 00:00,826,587.25,873.0625,129,461.3541667,440.5
29/11/2021 00:00,826,590.6875,875.875,122.75,444.1458333,416.9375
30/11/2021 00:00,826,589,876,175,454,407.125
01/12/2021 00:00,826.5625,585.3125,877,141.875,473.7708333,436.1875
02/12/2021 00:00,827.9375,578.1875,877.9375,110.375,469.8958333,446.375
03/12/2021 00:00,828,574.9375,877.125,97.625,455.1875,428.9375
04/12/2021 00:00,827.4375,571.375,878.5,103.875,449.5625,406.875
05/12/2021 00:00,825.5,558.625,879.5,121,444.8333333,411.9375
06/12/2021 00:00,823.5,553.1875,880.4375,114.9375,439.0416667,382.875
07/12/2021 00:00,821.5,543.0625,880.4375,100.1875,439.2708333,365.5625
08/12/2021 00:00,819.5,530.3125,879,95.75,424.7291667,353.6875
09/12/2021 00:00,818.0625,513.25,876.875,94.375,400.2291667,324.625
10/12/2021 00:00,817.375,495.5,871.5,110.125,390.375,290.1875
11/12/2021 00:00,814.5,485.375,863.1875,136.5,388.3958333,276.3125
12/12/2021 00:00,812.0625,472.8125,847.9375,184.25,433.5625,287.8125
13/12/2021 00:00,810.4375,472.25,831.1875,190.75,428.4583333,339.375
14/12/2021 00:00,808.125,472.8125,821.375,159.375,395.5833333,313.9375
15/12/2021 00:00,806.8125,464.875,820,154.5,386.6041667,271.5625
16/12/2021 00:00,801.5625,456.625,805.75,154.375,375.4583333,254.3125
17/12/2021 00:00,797.5,446.0625,784.125,152.625,392.5833333,254.875
18/12/2021 00:00,794,446.6875,767.8125,152,390.7083333,276.5
19/12/2021 00:00,790.5,448.5625,758.125,176.375,417.6666667,305
20/12/2021 00:00,786.9375,445.125,749.75,181.625,401.8541667,302.375
21/12/2021 00:00,781.9375,442.125,747.375,139,395.8333333,288.9375
22/12/2021 00:00,776.0625,439.375,744.4375,140,397.5625,275.1875
23/12/2021 00:00,770.9375,435.9375,734.3125,131.25,398.1666667,315.1875
24/12/2021 00:00,765.125,440.4375,723.5,107.875,386.1041667,309.625
25/12/2021 00:00,760.875,439.0625,725.6875,125.625,368.7083333,273.6875
26/12/2021 00:00,753.375,433.125,723,124.25,356.5833333,241.625
27/12/2021 00:00,744.1875,431.9375,708.8125,100.875,364.7916667,228.9375
28/12/2021 00:00,739,444.8125,690.5625,116.25,375.7916667,258.3125
29/12/2021 00:00,734,441.3125,676.75,116.25,363.6875,256.4375
30/12/2021 00:00,727.6875,439.875,679.0625,127.625,394.8333333,271.8125
31/12/2021 00:00,716.6875,432.5625,678.8125,106.125,380.3125,297.125
01/01/2022 00:00,709.0625,428.1875,676.375,91.25,379.4791667,267.75
02/01/2022 00:00,702.4375,418.3125,679.375,100.875,377.4166667,270.8125
03/01/2022 00:00,695.0625,410.875,679.375,107.875,375.1458333,267
04/01/2022 00:00,689,429.3125,664.125,115,385.5833333,268.4375
05/01/2022 00:00,681.25,431.5,651.9375,121.25,379.4166667,278.8125
06/01/2022 00:00,669.125,412.875,650.1875,137.375,355.7916667,259.25
07/01/2022 00:00,659.125,409.25,653.3125,97.375,374.75,233.4375
08/01/2022 00:00,652.0625,427.25,642.875,89,388.2989865,257.9375
09/01/2022 00:00,646.4375,451.5625,635.8125,83.125,372.8918919,266.5
10/01/2022 00:00,639.5625,455.3125,630.4375,78.375,365.329955,230.6875
11/01/2022 00:00,633.875,450.3125,635.875,88.75,345,219.1875
12/01/2022 00:00,626.5625,442.8125,626.125,90.875,347.3125,183.25
13/01/2022 00:00,620.0625,440.3125,615.6875,86.875,337.2916667,197.4375
14/01/2022 00:00,613.4375,435.6875,601.5625,177.625,348.2708333,183.5
15/01/2022 00:00,604.9375,431.6875,584.8125,152.875,345.8125,213.375
16/01/2022 00:00,594.9375,420.4375,569.25,122.5,345.875,193.25
17/01/2022 00:00,584,403.875,572.9375,101.75,376.6666667,194.875
18/01/2022 00:00,573.5,403.0625,574.3125,98.25,356.7708333,243.125
19/01/2022 00:00,563,403.875,570.875,85.125,352.5833333,210.625
20/01/2022 00:00,553.625,408,579.4375,76.75,365.8125,207.125
21/01/2022 00:00,547.125,406.1875,576.1875,72.25,356.2708333,220.625
22/01/2022 00:00,543,405.875,565.9375,75.625,339.9791667,201.5625
23/01/2022 00:00,537.8125,402.3125,569.3125,87.375,353.1458333,182
24/01/2022 00:00,530.125,391.5625,566,83.75,351.5208333,205.0625
25/01/2022 00:00,524.375,380.9375,553.4375,76.75,359.2708333,200.125
26/01/2022 00:00,515.9375,377.625,547.0625,72.5,366.6875,217.3125
27/01/2022 00:00,505.4375,378.0625,545.5625,113.75,355.1458333,233.0625
28/01/2022 00:00,494.6875,377.875,554.875,129.875,366.0416667,225.4375
29/01/2022 00:00,488.9375,376.0625,567.375,85.5,363.9583333,241.9375
30/01/2022 00:00,481.25,371.6875,565.375,67.875,352.3020833,229
31/01/2022 00:00,488.375,361.0625,557.9375,61.75,347.5520833,203.375
01/02/2022 00:00,484.0625,351.1875,559.125,72.125,349.2916667,202.9375
02/02/2022 00:00,479.6875,346.5625,544.4375,98.75,329.4375,195
03/02/2022 00:00,470.25,353.75,533.625,89.125,331.7708333,164.125
04/02/2022 00:00,463.875,353.5625,524.125,69.25,339.7083333,168
05/02/2022 00:00,455.9375,345.625,507.75,78.125,332.1666667,184.875
06/02/2022 00:00,446,368.9375,503.6875,148,324.2708333,192.0625
07/02/2022 00:00,436.125,380.9375,515.5,160.625,331.0208333,191.875
08/02/2022 00:00,431.375,386.25,525.8125,151.125,354.2708333,200.375
09/02/2022 00:00,434.5,398.75,528.5625,141.75,361.2083333,237
10/02/2022 00:00,437.5,428.6875,523.625,101.375,371.6458333,248.9375
11/02/2022 00:00,440.5,442.9375,534.875,105.125,363.0625,253.375
12/02/2022 00:00,443.5,436.8125,546.875,105.75,351.5208333,230.6875
13/02/2022 00:00,446.6875,420,550.875,116.875,350.0208333,209.75
14/02/2022 00:00,451.75,397.125,550.1875,187.25,354.5208333,202.375
15/02/2022 00:00,451.6875,391.9375,540.5,163.25,371.6785714,229.0625
16/02/2022 00:00,445.5,404.125,532.6875,118.625,377.1964286,272.9375
17/02/2022 00:00,439.5625,403.625,541.75,117.875,380.5,264.75
18/02/2022 00:00,436.1875,401.5625,553.8125,146.25,360.5,252.1875
19/02/2022 00:00,436.625,403.3125,553.625,161.125,370.75,237.4375
20/02/2022 00:00,439.5,422.875,553.3125,195.375,357.0625,261.875
21/02/2022 00:00,441.9375,456.0625,553.125,206.75,347,256
22/02/2022 00:00,444.6875,465.3125,553.875,164.125,369.8541667,223.25
23/02/2022 00:00,449.8125,465.6875,549.9375,130.625,364.4583333,246.5625
24/02/2022 00:00,451,460.1875,546.75,145.125,379.7291667,241.75
25/02/2022 00:00,451.3125,445.9375,546.875,157.25,375.1041667,261.3125
26/02/2022 00:00,448.4375,433.25,545,209.5,382.25,259.375
27/02/2022 00:00,444.5,432.5,544.375,261.25,410.8333333,279.625
28/02/2022 00:00,441.125,448,548.625,283.375,409.4791667,311.25
01/03/2022 00:00,440.6875,465.125,551.1875,215.25,448,337.1875
02/03/2022 00:00,444.0625,489.4375,566.3125,268.75,456.7916667,381.1875
03/03/2022 00:00,449.6875,501.5625,584.125,314.375,446.8125,382
04/03/2022 00:00,459.0625,511.3125,613.375,206.25,449.7708333,375.3125
05/03/2022 00:00,470.5625,513.375,628.4375,161.875,465.1875,398
06/03/2022 00:00,483.3125,522.9375,638.625,163.125,467.7708333,408.9375
07/03/2022 00:00,491.9375,534.8125,651.375,172.5,451.25,421.125
08/03/2022 00:00,498.5,540.625,662.625,137.625,445.0416667,415.625
09/03/2022 00:00,505,538.0625,673.6875,119.375,453.9166667,404.1875
10/03/2022 00:00,510.9375,534.5625,678.9375,127.125,437.25,395.4375
11/03/2022 00:00,516,533,682.0625,144.25,414.7916667,368.125
12/03/2022 00:00,520.9375,529.5625,683.875,143.875,414.4791667,335.875
13/03/2022 00:00,524.4375,519.5625,681.5625,127.125,416.1875,335.25
14/03/2022 00:00,526,510.6875,672.25,104.375,404.7916667,346.5
15/03/2022 00:00,526.9375,502.4375,667.5,135.375,408.5416667,313.25
16/03/2022 00:00,526.375,484.5625,664.875,120.25,402.875,333.875
17/03/2022 00:00,524.125,472.8125,660.875,126.75,420.3541667,323.875
18/03/2022 00:00,524,461.625,660.8125,125.875,425.3333333,347.9375
19/03/2022 00:00,523.9375,453.5,658.0625,155.625,428.2083333,339.625
20/03/2022 00:00,523.0625,444.8125,658.8125,143.5,443.9791667,347.5625
21/03/2022 00:00,523,441.8125,665.8125,124,456.0208333,392.625
22/03/2022 00:00,523,437.625,669.5,105.125,470.625,404.75
23/03/2022 00:00,523.625,435.9375,671.4375,96.25,467.3541667,418.875
24/03/2022 00:00,525.875,435,687.1875,111.25,438.5208333,411.625
25/03/2022 00:00,527.1875,433.625,694.9375,129.125,427.9791667,373.25
26/03/2022 00:00,533.3125,425.0625,700.125,121.25,439.375,377.75
27/03/2022 00:00,536.5625,425.375,699.6875,222,436.8541667,401.375
28/03/2022 00:00,537.9375,436.125,702.5,198.125,460.5833333,399.75
29/03/2022 00:00,539.125,441.1875,706.3125,144,463.0208333,409
30/03/2022 00:00,542.5625,448.625,712.9375,121.625,465.5833333,419
31/03/2022 00:00,547.0625,460.75,719.0625,187.875,473.2708333,426.625
01/04/2022 00:00,553,477.75,726.3125,160.75,472.3541667,427.9375
02/04/2022 00:00,558.875,491.375,731.0625,130.875,471.1041667,428.1875
03/04/2022 00:00,562.5625,500.9375,736.5,118.875,477.7708333,426.75
04/04/2022 00:00,567.0625,507.75,742.9375,102.25,467.9791667,437.375
05/04/2022 00:00,572.3125,516.625,747.9375,95.875,462.5208333,445.6875
06/04/2022 00:00,575.125,519.8125,752.5625,94.375,485.125,425.0625
07/04/2022 00:00,580.0625,527.25,758.75,114.5,477.5208333,442.5625
08/04/2022 00:00,587.125,532.4375,766.1875,112.25,467.625,446.6875
09/04/2022 00:00,594.625,535.5625,769.0625,98.75,455.5833333,436.25
10/04/2022 00:00,595.625,538.75,773.5625,95.875,470.1041667,420.375
11/04/2022 00:00,599.0625,536.875,777.9375,99.125,473.1041667,436
12/04/2022 00:00,603.5,535,780,129.75,443.8333333,420.125
13/04/2022 00:00,607.375,526.5625,782,103.25,456.2708333,395.5
14/04/2022 00:00,609.625,515,783.9375,93.75,452.9375,391.75
15/04/2022 00:00,613.4375,509,786.5625,79.125,429.7291667,376.625
16/04/2022 00:00,616.5,504.125,791.4375,90,427.6666667,362.75
17/04/2022 00:00,619.5625,505.3125,794.5625,99.25,432.4583333,376.625
18/04/2022 00:00,624,504.5625,797.6875,123.5,433.2288194,391.875
19/04/2022 00:00,628.9375,519.625,803.3125,151.25,448.5270833,388
20/04/2022 00:00,633.125,532.625,806,246.5,438.25,426.125
21/04/2022 00:00,638.9375,545.4375,808.625,155.25,462.5208333,428.3125
22/04/2022 00:00,644,559.1875,814.0625,131.5,487.4791667,448.125
23/04/2022 00:00,648.9375,569.5625,820.3125,140.5,497.3958333,464.6875
24/04/2022 00:00,653.125,580.25,824.25,156.125,487.3125,478.125
25/04/2022 00:00,658.9375,594.625,832.1875,188.25,466.1458333,476.125
26/04/2022 00:00,663.5,601.4375,836.5625,155.75,480.3125,476.875
27/04/2022 00:00,667.125,603,841.5625,115.375,475.1875,476.3125
28/04/2022 00:00,672.9375,603.3125,847.9375,108.875,459.7708333,463.5625
29/04/2022 00:00,678.875,599.9375,854.5,122.375,475.1041667,454.875
30/04/2022 00:00,683,596.5625,860.1875,179.5,472.8541667,456.125
01/05/2022 00:00,687,601.25,866.25,147,453.9583333,440.875
02/05/2022 00:00,691.125,604.75,870.5,116.125,421.2083333,411.375
03/05/2022 00:00,696.875,601.75,875.0625,99.125,420.3333333,380.375
04/05/2022 00:00,700.5,588.6875,879,87.75,403.625,343.5
05/05/2022 00:00,703.5625,569.625,882.125,137,417.75,337.25
06/05/2022 00:00,708,553.125,887.875,137.125,393.625,364.125
07/05/2022 00:00,712.375,544.0625,891.8125,106.75,409.375,332
08/05/2022 00:00,715.0625,529.5,890.5,95.25,420.625,367.625
09/05/2022 00:00,720.25,518.0625,889.75,79.125,434,327.1875
10/05/2022 00:00,728.25,510.5,887.1875,81.5,421,355.0625
11/05/2022 00:00,732,510.6875,885.0625,103.625,416.375,344.625
12/05/2022 00:00,735.5,508.8125,882.0625,106.25,451,365.5
13/05/2022 00:00,738.4375,510.5625,879.4375,154.625,494.125,409.625
14/05/2022 00:00,740.5625,507.25,878.1875,195.75,501.625,419.625
15/05/2022 00:00,743.5,509.9375,881,173.75,447.5,414.5625
16/05/2022 00:00,746.4375,510.375,881.9375,236,461.75,379
17/05/2022 00:00,749.0625,508.0625,882.9375,232.625,442.5,391.4375
18/05/2022 00:00,753.0625,514.0625,885,354.25,447.75,391.1875
19/05/2022 00:00,757.4375,513.9375,885.3125,303.25,454.75,406.9375
20/05/2022 00:00,760.4375,512.0625,882.3125,179.4375,465.625,400.8125
21/05/2022 00:00,762.5,510.5625,884.5,167.9375,482.125,407.8125
22/05/2022 00:00,764.5,510.8125,886.8125,146.75,470,407.875
23/05/2022 00:00,766.5,507.25,885.25,127.125,478,393.125
24/05/2022 00:00,767.9375,497.75,887.3125,142.625,449.375,389.875
25/05/2022 00:00,769.0625,491,888.0625,175.75,464,371.8125
26/05/2022 00:00,771.5,483.875,888.9375,191.625,464.125,371.75
27/05/2022 00:00,773.5,475.875,888.4375,265.625,450.5,362.0625
28/05/2022 00:00,775,466.75,885.9375,208.375,436.375,352.5625
29/05/2022 00:00,776.4375,461,881.5,198.25,420.6875,334.375
30/05/2022 00:00,777.0625,455.875,878,172.25,407.1875,341.6875
31/05/2022 00:00,778.5,457.25,875,145,410.125,340
01/06/2022 00:00,780,458.875,870.8125,136,403.5,351.125
02/06/2022 00:00,781.5625,471.1875,864.25,131,404.5,342.5
03/06/2022 00:00,784.5,482.375,862,175.75,417.625,371.625
04/06/2022 00:00,786.9375,504.9375,861.0625,207.75,399.5,365.8125
05/06/2022 00:00,787.4375,517.1875,861.0625,184.875,408.25,351.25
06/06/2022 00:00,787,518.8125,861.8125,151.75,420.5,343
07/06/2022 00:00,787.6875,548,859.0625,133.875,452.25,358.8125
08/06/2022 00:00,790.875,576.6875,857.6875,137.375,485.875,414.5
09/06/2022 00:00,792,573.6875,860.5625,172.5,458.625,407.875
10/06/2022 00:00,792.9375,582.0625,864.5625,202,443.125,379.75
11/06/2022 00:00,793,595.8125,869.875,211.375,459,375.4375
12/06/2022 00:00,792.9375,597.5,875.6875,204.5,471,407.8125
13/06/2022 00:00,791.9375,599.8125,877.3125,185.375,478.75,410.375
14/06/2022 00:00,791.625,606.8125,881.5,153.875,481.625,414.375
15/06/2022 00:00,793.0625,611.5,885.9375,136.625,464.75,409.375
16/06/2022 00:00,794,619.125,888.6875,117.5,461.5,383.25
17/06/2022 00:00,795,640.375,893.25,120.875,424.5,380.375
18/06/2022 00:00,796,654.4375,895.1875,148.5,407.625,358.625
19/06/2022 00:00,797,669.5,899,149.5,423.875,341.9375
20/06/2022 00:00,799.0625,675.125,903,131.375,419.125,345.375
21/06/2022 00:00,802.4375,680.8125,907.4375,111.625,430.375,351.375
22/06/2022 00:00,804.5,683.875,909.9375,102.75,423.375,351.125
23/06/2022 00:00,804.5625,682.75,911,153.25,442.75,350.375
24/06/2022 00:00,811.875,682.75,911.5,241.625,448.25,356.3125
25/06/2022 00:00,813.625,670.5,911.375,345.5,424.5,349.3125
26/06/2022 00:00,817,663.5625,909.5,328.25,431,344.6875
27/06/2022 00:00,821,669,908.125,188.125,438.125,357.625
28/06/2022 00:00,825.0625,669.6875,909,147.625,459,360.75
29/06/2022 00:00,829.5,667.5,909.5,134,464.75,382.5
30/06/2022 00:00,833.4375,672.75,910,125.875,475.5,378.6875
01/07/2022 00:00,836.125,671.3125,911.75,117,462.25,364.3125
02/07/2022 00:00,840.875,673.5625,910.25,106.25,470.625,383.25
03/07/2022 00:00,844.5,668.75,910.9375,186.75,443.625,374.625
04/07/2022 00:00,847.5,656.375,911.5,373.75,425.625,354
05/07/2022 00:00,850.5,649.6875,912,252.5,416.75,340.6875
06/07/2022 00:00,853.5,640.625,911.375,286.25,401.125,320.0625
07/07/2022 00:00,856.5625,625.4375,908.9375,193,391.8125,305.375
08/07/2022 00:00,860.4375,599.375,904.375,183.25,381.6875,296.4375
09/07/2022 00:00,863.4375,582.0625,896.875,279.875,403.125,294.3125
10/07/2022 00:00,865,570.1875,887.1875,214.5,400.625,297.875
11/07/2022 00:00,865.5,567.375,878.3125,190.75,444.25,310.4375
12/07/2022 00:00,866.5,579.5,868.8125,161.875,449.375,349.375
13/07/2022 00:00,868.5,584.1875,867.0625,223.25,421.625,338.0625
14/07/2022 00:00,870,581,864.4375,202.875,437.875,345.25
15/07/2022 00:00,870.9375,575.25,859.4375,173.5,458.625,364.5
16/07/2022 00:00,871,566.625,855.625,152.25,443.5,356.0625
17/07/2022 00:00,871,565.25,854,167.25,451.125,355.3125
18/07/2022 00:00,870.4375,560.125,852.9375,221.75,429.375,347.0625
19/07/2022 00:00,869,551.125,850.6875,203.125,408.875,327.8125
20/07/2022 00:00,868.0625,546.625,849.3125,267.375,394.375,302.6875
21/07/2022 00:00,868,552.5625,846.5,239.25,389.125,294.75
22/07/2022 00:00,867.9375,552.25,843.9375,189.25,385,293.125
23/07/2022 00:00,867,558.0625,839.5,173,424.625,294.125
24/07/2022 00:00,866.0625,569.0625,835.5625,204,419.5,346.25
25/07/2022 00:00,865.9375,579.5,833.125,188.875,421.375,333.3125
26/07/2022 00:00,865,588.0625,839.8125,191.125,427.5,328.5625
27/07/2022 00:00,864,597.4375,843.875,221.875,448.375,336.4375
28/07/2022 00:00,862.5,609.75,846.875,217.625,461.125,370.25
29/07/2022 00:00,861,610.5,849,155,503.375,417.4375
30/07/2022 00:00,860.125,614.1875,850.6875,138.5,471.375,408.4375
31/07/2022 00:00,860.875,621.1875,854.8125,126.5,438,372.5
01/08/2022 00:00,859.5,618.5625,855.875,121.75,448.25,357.375
02/08/2022 00:00,857.5,603.875,856.0625,126.875,483.25,378.0625
03/08/2022 00:00,856.0625,595.9375,858.125,129.375,479.75,400.25
04/08/2022 00:00,856,593,861.5,131.25,466.25,385.0625
05/08/2022 00:00,856,592.375,864.875,127.875,467.625,369.75
06/08/2022 00:00,856,598,866.0625,158.625,505.5,400.4375
07/08/2022 00:00,856.0625,608.875,867.5,145.5,485.625,408.9375
08/08/2022 00:00,857.5,612.6875,869.125,114.75,440.875,380.125
09/08/2022 00:00,859,615.875,872.4375,135.875,409,339.875
10/08/2022 00:00,859.9375,593.5625,874.5,260.875,386.25,301.9375
11/08/2022 00:00,860.5625,569.1875,875.9375,222.5,376.125,281.8125
12/08/2022 00:00,861.9375,552.4375,875.9375,143.9375,368.125,276.4375
13/08/2022 00:00,862.5625,545.875,875.5625,148.9375,405.25,301.125
14/08/2022 00:00,863.9375,549.25,849.3608059,174.625,439,332.375
15/08/2022 00:00,864.0625,551.5625,858.4771154,152.25,436.875,365.875
16/08/2022 00:00,864.9375,565.125,862.9375,124.25,416.375,360.1875
17/08/2022 00:00,865.5625,582.5,862.5625,119.875,368.75,345.875
18/08/2022 00:00,865.625,587.125,864,115,353.75,283.6875
19/08/2022 00:00,866.8125,578.5625,863.75,104.125,356,271.25
20/08/2022 00:00,867,560.1875,858.0625,131.25,370.375,263.75
21/08/2022 00:00,866.9375,544.5,853,170.5,370.125,276.8125
22/08/2022 00:00,866.0625,542.9375,848.0625,118.625,360.375,270.9375
23/08/2022 00:00,866,545.125,843.9375,96.75,366.875,268.125
24/08/2022 00:00,864.8125,547.375,839.6875,90.5,338.625,258.375
25/08/2022 00:00,860.5625,546.9375,837,89.75,334.875,232.0625
26/08/2022 00:00,858.125,545.0625,833.75,87.875,329.75,239.4375
27/08/2022 00:00,859.125,541.625,827.0625,85.125,319.625,222.1875
28/08/2022 00:00,860.6875,527.375,820.6875,82.75,312.25,213.84375
29/08/2022 00:00,856.625,521.5625,819.125,101.75,342.75,238.15625
30/08/2022 00:00,854.5,524,821.4375,153.25,355.375,280.6875
31/08/2022 00:00,852.5,528.5625,822.875,129.25,366.625,273.5
01/09/2022 00:00,850.4375,530.125,822.0625,103.75,344.5,290.6875
02/09/2022 00:00,848.0625,522.5625,820.5625,89.625,343.125,287.25
03/09/2022 00:00,846.5,514.1875,820.5625,80.9375,338.75,281.0625
04/09/2022 00:00,844.4375,510.375,822.8125,101.5,333.75,273.0625
05/09/2022 00:00,842.0625,516.8125,823.3125,121.6875,339.125,257.875
06/09/2022 00:00,840.4375,523,827.5625,117.25,346.125,267.0625
07/09/2022 00:00,837.5,527.75,824.5625,131.875,344.25,295.8125
08/09/2022 00:00,835.125,524.5625,822.0625,105.375,350.25,276.4375
09/09/2022 00:00,833.875,519.875,820.4375,96.6875,376.375,322.0625
10/09/2022 00:00,831.0625,513.625,818.125,118.4375,361.625,323.75
11/09/2022 00:00,829.5,510.125,818.125,165.625,338.375,284.25
12/09/2022 00:00,827.4375,510.625,818.6875,172.625,343.125,271.9375
13/09/2022 00:00,824.5625,505.375,814.0625,178.875,349.625,273.375
14/09/2022 00:00,821.9375,504.6875,810.625,141.875,381,309.375
15/09/2022 00:00,818.5625,486.4375,810.0625,123.25,361.75,308.1875
16/09/2022 00:00,817,436.4375,810.9375,128.375,414.5,292.625
17/09/2022 00:00,815.4375,407.25,812.75,138.5,411.25,343.625
18/09/2022 00:00,812.5625,397.4375,821,119.125,406.75,333.6875
19/09/2022 00:00,811.0625,419.1875,830.375,101.75,433,364.25
20/09/2022 00:00,810.9375,423.1875,836.5625,104.375,374.25,379.5
21/09/2022 00:00,810,426.875,842,109.375,363.5,305.4375
22/09/2022 00:00,809.0625,429.6875,846.4375,104,422.75,302.375
23/09/2022 00:00,808.4375,445.375,846.875,84.5,427.875,347.8125
24/09/2022 00:00,807.0625,452.375,845.875,95.25,382.125,333.5625
25/09/2022 00:00,807.0625,453.125,851.625,106,409.75,336.6875
26/09/2022 00:00,807.375,456,852.0625,99.75,401.25,326.5625
27/09/2022 00:00,806.0625,454.75,853,85.875,392.5,295.625
28/09/2022 00:00,805.4375,447.8125,853.625,80.25,366.875,291.6875
29/09/2022 00:00,804,440.75,854.4375,87,381.875,283.5625
30/09/2022 00:00,802.4375,439,852.9375,144.625,400.5,326.375
01/10/2022 00:00,800.75,440.8125,853.125,210.75,425.375,354.75
02/10/2022 00:00,802.3125,447.5,856.3125,170.9375,433.25,351.125
03/10/2022 00:00,801,454.3125,855.9375,119.5625,428.75,345.25
04/10/2022 00:00,800,454.75,854.9375,86.25,392.125,321.5
05/10/2022 00:00,799.625,446.875,861.375,116.75,372.875,288.25
06/10/2022 00:00,800.9375,437.375,865.75,143.5,369.875,299.25
07/10/2022 00:00,801,423.0625,864,152.75,364.875,295.75
08/10/2022 00:00,801.9375,423.625,862.9375,178.25,391.5,302.5
09/10/2022 00:00,802,420.9375,861,172.75,426.25,316.1875
10/10/2022 00:00,801,425,859.5,123.25,407.75,350.0625
11/10/2022 00:00,799.4375,427.75,859.625,100,399.75,330.25
12/10/2022 00:00,797.125,425.0625,861.1875,99.625,365.625,298.3125
13/10/2022 00:00,796.9375,423,864.75,102.125,382.25,290.5
14/10/2022 00:00,795.5,420.4375,864.8125,136.625,395.125,333.0625
15/10/2022 00:00,794,420.1875,863.5,225.75,363.375,319.375
16/10/2022 00:00,793,423.625,863.875,266.75,369.125,276.125
17/10/2022 00:00,792.0625,419.5625,867.25,157.125,404.75,281.625
18/10/2022 00:00,792,425.25,865.5625,171.375,404.75,316.0625
19/10/2022 00:00,792,429.4375,864.125,278.75,412,314.8125
20/10/2022 00:00,792.0625,444.0625,865,246.625,441.75,322.25
21/10/2022 00:00,792.9375,455.75,868.0625,226.125,497.75,378.5625
22/10/2022 00:00,793.5625,477.1875,873.5,191.125,496.5,407.0625
23/10/2022 00:00,795.5625,495.3125,879.125,200.5,457.125,398.5
24/10/2022 00:00,798.4375,503.9375,887.25,182.375,454.375,387.125
25/10/2022 00:00,800,510.1875,892.3125,171.125,494.5,392.5625
26/10/2022 00:00,801,519.4375,902.625,169.125,518.875,422.5625
27/10/2022 00:00,801.9375,529.5,908.0625,183.5,536.375,442
28/10/2022 00:00,802.0625,539.375,911.0625,178.25,532.875,460.625
29/10/2022 00:00,803,546.5,914.5,178.625,537.625,470.75
30/10/2022 00:00,804,552.5,918.0625,161.25,520.5,472.5625
31/10/2022 00:00,805,556.6875,923,120.25,506.875,461.4375
01/11/2022 00:00,805.9375,555.25,926.9375,131,475.5,427.625
02/11/2022 00:00,806.0625,546.8125,930,166,434.25,378.625
03/11/2022 00:00,807.625,533.375,934,161.75,424.125,337.9375
04/11/2022 00:00,811.5,525,936.9375,119.25,425.125,330.5625
05/11/2022 00:00,815.4375,518.5,938.0625,117.875,419.5,332.5625
06/11/2022 00:00,818.5,515,938.75,124.625,420,351.4375
07/11/2022 00:00,820.9375,513.4375,936,138.375,411.875,370.125
08/11/2022 00:00,822.5,511.5625,933,155.75,426,341.1875
09/11/2022 00:00,824,520.375,929.5625,146.5,450.875,369.5
10/11/2022 00:00,824.875,531.125,927,154.625,485.5,376.125
11/11/2022 00:00,824.6875,542,923.5,123.375,498.75,406.9375
12/11/2022 00:00,827.5,551.5625,921.25,108.75,512.375,423.0625
13/11/2022 00:00,830.4375,559.4375,924.3125,122.375,503.375,434.125
14/11/2022 00:00,832.5625,557.5625,924.5625,181,496.625,438.4375
15/11/2022 00:00,835.4375,556.6875,925.5,170.5,485.125,434.1875
16/11/2022 00:00,836.9375,559.375,927.4375,142.625,494.75,427.125
17/11/2022 00:00,837.625,559.5625,928.6875,136,493.25,431.1875
18/11/2022 00:00,840.5,558.8125,932.75,135.875,506.375,434.5
19/11/2022 00:00,843.5,556.1875,933.75,113.375,489.875,438.3125
20/11/2022 00:00,845.9375,558.25,936.875,113.875,482.875,419.3125
21/11/2022 00:00,847.5,563.25,938,144.5,472.625,411.3125
22/11/2022 00:00,849.5,565.125,939,135,485,423.6875
23/11/2022 00:00,851,569.8125,939.8125,124.75,461,411.5
24/11/2022 00:00,852.5625,569.375,936.625,130.375,460.5,379.25
25/11/2022 00:00,855.5,562.8125,934.4375,131.625,466,374.6875
26/11/2022 00:00,858.5,554.0625,932.4375,112.25,470.875,386.875
27/11/2022 00:00,861.4375,546.1875,928.9375,109.5,488.25,408.4375
28/11/2022 00:00,863.5625,530.5,924.0625,153.125,453.75,403.625
29/11/2022 00:00,866.4375,526.0625,921.4375,144.375,486.25,395.125
30/11/2022 00:00,868.5,536.8125,918.0625,130,519.5,428.4375
01/12/2022 00:00,870.5,544.125,913.9375,105.375,541.75,450.75
02/12/2022 00:00,872,543.8125,910.5625,109.25,521,450.9375
03/12/2022 00:00,873.5,534.6875,909.0625,147.75,470.875,426
04/12/2022 00:00,874.9375,518.9375,907.4375,167.5,451.625,383
05/12/2022 00:00,873.375,510.4375,904.125,144.125,439.5,358.6875
06/12/2022 00:00,870.0625,501.375,901.3125,152,435.125,348.125
07/12/2022 00:00,868,492.5,895.4375,160.5,421.375,332.1875
08/12/2022 00:00,865.4375,484.4375,889.125,125.875,433.25,324.1875
09/12/2022 00:00,863.0625,475.0625,881.3125,125.375,460.625,336.4375
10/12/2022 00:00,861.4375,465.75,869.5625,105.75,456.75,351
11/12/2022 00:00,858.9375,460.875,861.4375,105.625,426.5,333.25
12/12/2022 00:00,855,454.375,852.875,102.875,433.625,311.1875
13/12/2022 00:00,851.125,445.75,841.625,93.875,443,338.0625
14/12/2022 00:00,849.4375,443.4375,831.6875,131,434.125,343.4375
15/12/2022 00:00,846.4375,440.875,825.875,142.875,398.375,311.4375
16/12/2022 00:00,842.5625,432.875,819.0625,115.25,400,283.6875
17/12/2022 00:00,839.5,421.125,809.1875,103.125,399.125,281.25
18/12/2022 00:00,835.375,412.125,793.4375,133.125,399.875,307.75
19/12/2022 00:00,829.0625,405.75,778.25,133.875,403.75,316.875
20/12/2022 00:00,824,397.8125,769.125,95.125,389.625,287.25
21/12/2022 00:00,818.9375,391.6875,764.875,89.875,384.25,263.125
22/12/2022 00:00,813,379.375,758.8125,82,367.25,250.5625
23/12/2022 00:00,807,366.75,748.875,87.875,354.375,239
24/12/2022 00:00,800.5,360.0625,743.5,97,359.1875,236.6875
25/12/2022 00:00,792.9375,354.3125,734.1875,110.625,352.8125,248.375
26/12/2022 00:00,784.5,343.625,710.3125,123.375,372.125,238.0625
27/12/2022 00:00,776,330.25,688.125,99,348,243.1875
28/12/2022 00:00,767,335.75,676.75,91.125,345.6875,223.9375
29/12/2022 00:00,759.125,350.5,664.9375,84.875,345,252.125
30/12/2022 00:00,588.4098027,357.3125,652.375,74.125,332.8125,223.4375
31/12/2022 00:00,575.6136538,345.375,636.0625,83.625,319.375,204.0625
01/01/2023 00:00,573.0149042,337.125,631.5,109.375,319.625,190.125
02/01/2023 00:00,556.9408321,335.5,632.25,116.25,361.625,217.4375
03/01/2023 00:00,536.1538582,336.9375,622.4305556,143.8125,370,235
04/01/2023 00:00,693.25,339.4375,616.9305556,159.9375,368.875,247.0625
05/01/2023 00:00,681.9375,350.1875,626.6597222,158.5,368.875,259.4375
06/01/2023 00:00,670,357.6875,633.9027778,156.25,387.25,258.4375
07/01/2023 00:00,659.625,357.25,631.6909722,194.5,405.375,277
08/01/2023 00:00,650.3125,357.5625,627.3020833,164.875,428.25,295
09/01/2023 00:00,638.75,360.4375,629.9826389,136.875,432.625,312.1875
10/01/2023 00:00,631.4375,373.5625,641.2638889,108.125,425.75,319
11/01/2023 00:00,624.1875,379.0625,649.4652778,171.25,455.875,359.375
12/01/2023 00:00,619.9375,382.9375,658.4513889,138.625,449.375,356.9375
13/01/2023 00:00,615.0625,388.4375,672.03125,140.75,479.5,352.625
14/01/2023 00:00,612.0625,400.8125,673.4965278,119.5,490.75,375.125
15/01/2023 00:00,611,415.875,677.6597222,125,521.875,386.875
16/01/2023 00:00,609.5,429,682.4305556,124.25,495,403.5625
17/01/2023 00:00,608,436.5,688.7465278,114.875,480.625,385.9375
18/01/2023 00:00,607.0625,430.5625,695.0972222,110.875,471.75,364.875
19/01/2023 00:00,606.9375,414.1875,698.9340278,122.25,468,343.6875
20/01/2023 00:00,606,399.625,700.5798611,151.5,449.25,350.5
21/01/2023 00:00,605,389,701.4722222,130.375,461.75,345.3125
22/01/2023 00:00,603.5,385.125,701.90625,120.875,462,338.375
23/01/2023 00:00,601.9375,376,701.7847222,109,431.75,325.375
24/01/2023 00:00,600.0625,368.625,701.7986111,117.875,399.875,296.1875
25/01/2023 00:00,599,363.8125,701.5555556,131.375,401.375,269.0625
26/01/2023 00:00,597.4375,356.0625,699.5277778,97.875,379.75,263.625
27/01/2023 00:00,594.5625,349.5625,694.8506944,92.125,370.625,236.5
28/01/2023 00:00,592.4375,345.0625,686.8854167,86.875,368.25,229.1875
29/01/2023 00:00,588.9375,341.0625,675.1909722,81.125,361.625,222.4375
30/01/2023 00:00,584,336.125,663.5520833,78.25,352.75,214.625
31/01/2023 00:00,578.875,319,652.8229167,77.125,339.625,208.875
01/02/2023 00:00,571.5,318.25,637.9097222,80.625,325.125,189.3125
02/02/2023 00:00,563.5,316.5625,621.2465278,69,322.375,174.4375
03/02/2023 00:00,554.4375,311.9375,601.9305556,73,329.875,183.875
04/02/2023 00:00,542.9375,306.125,585.6666667,76.625,321.5,175.625
05/02/2023 00:00,530.4375,297.125,581.2152778,68.75,320,167.8125
06/02/2023 00:00,517.5625,301.6875,573.8055556,68.375,319.75,175.3125
07/02/2023 00:00,506.625,300.8125,561.7083333,62.25,315.5,176.6875
08/02/2023 00:00,497.9375,296.5,550.5,61.875,316,173.75
09/02/2023 00:00,488,289.1875,547.4826389,60.125,330.375,177.875
10/02/2023 00:00,478,280.4375,547.6284722,60,338.875,191.75
11/02/2023 00:00,467.375,282.0625,536.7291667,58,330.625,202.3125
12/02/2023 00:00,455.125,283.625,544.8159722,59,332.8125,198.75
13/02/2023 00:00,446.25,271.4375,549.2986111,61.875,325.9375,196.9375
14/02/2023 00:00,441.9375,274.8125,544.5208333,69.625,327.625,186.8125
15/02/2023 00:00,436.9375,280.8125,542.21875,87.875,329.75,195.25
16/02/2023 00:00,431.125,285.6875,536.2569444,92,360.875,199.625
17/02/2023 00:00,426.875,296.8125,528.4652778,103.25,336.25,235.125
18/02/2023 00:00,420.9375,296,525.2638889,112.75,346.625,221.1875
19/02/2023 00:00,414.125,299.5,541.7222222,134.625,357.375,227.3125
20/02/2023 00:00,410.1875,295.3125,532.1180556,123.875,391,247.3125
21/02/2023 00:00,408.8125,283.5625,532.59375,98.75,397.875,272.4375
22/02/2023 00:00,404,272.625,542.6840278,111.375,360.75,255.9375
23/02/2023 00:00,399.625,290.875,558.3229167,112.5,352,230.3125
24/02/2023 00:00,399.25,293,558.8090278,89.875,396.75,232
25/02/2023 00:00,402.8125,288,548.6006944,83.375,370.875,256.5
26/02/2023 00:00,401.875,283.9375,546.3854167,68,338.25,228.75
27/02/2023 00:00,398,275.0625,554.7013889,60.375,341,196.75
28/02/2023 00:00,394.5625,270.5,547.3854167,60.5,369.875,205.75
01/03/2023 00:00,391.875,278.1875,529.7361111,81.125,382.5,234.25
02/03/2023 00:00,385.8125,279.875,521.0798611,97.75,380.75,252.5625
03/03/2023 00:00,376.625,277.9375,528.2048611,113.125,382.25,245.25
04/03/2023 00:00,371.1875,277.125,535.7604167,158.5,360.625,244.5625
05/03/2023 00:00,370.125,279.3125,540.1840278,190.375,372.875,246.9375
06/03/2023 00:00,371.5,285.3125,544.9236111,180.5,410.625,270
07/03/2023 00:00,373.5625,291,547.0243056,136.875,406.25,307.9375
08/03/2023 00:00,375.9375,305.1875,552.7916667,161,417.625,312.9375
09/03/2023 00:00,373.6875,304.625,568.5868056,220,439.375,349.3125
10/03/2023 00:00,382,304.0625,580.2013889,185,443.875,352.9375
11/03/2023 00:00,389.0625,322.875,601.2743056,190.625,464.75,338.875
12/03/2023 00:00,395.875,341.875,616.9548611,175.75,471.25,350.625
13/03/2023 00:00,404.5625,361.4375,622.9409722,188.5,474.875,376.375
14/03/2023 00:00,421.625,368.625,635.7118056,206.25,514,395.5625
15/03/2023 00:00,431.375,374.375,648.9965278,215.625,508.25,416.625
16/03/2023 00:00,439.1875,392.8125,666.8333333,162.125,494.375,426.5625
17/03/2023 00:00,450.4375,413.5625,684.9340278,141.25,474,413.0625
18/03/2023 00:00,461.5625,435.5,698.8402778,146.125,458.5,382.125
19/03/2023 00:00,472.4375,441.3125,705.6284722,153,454.5,363.375
20/03/2023 00:00,481.4375,437.625,707.8125,150.25,454.5,359.1875
21/03/2023 00:00,488.8125,431.75,707.5208333,151.625,475,347.3125
22/03/2023 00:00,492.5,411.1875,706.5347222,151.75,469.625,345.125
23/03/2023 00:00,494.9375,392.5625,702.8923611,117,428.75,323.125
24/03/2023 00:00,496,375.5625,698.6284722,263.75,428.5,293.75
25/03/2023 00:00,496.9375,360.5625,693.5277778,255.75,419.125,292.1875
26/03/2023 00:00,497,360.1875,686.7395833,184,436.125,296.8125
27/03/2023 00:00,496.9375,367.0625,681.2777778,141.125,440.75,308.6875
28/03/2023 00:00,496.0625,365.3125,680.1909722,130.25,453.75,322.125
29/03/2023 00:00,496,366.0625,678.2395833,123.375,434.25,340.4375
30/03/2023 00:00,496.0625,370.75,678.1701389,104.625,428.25,330.3125
31/03/2023 00:00,497.5625,381.9375,680.4861111,96.25,428.875,314
01/04/2023 00:00,499.9375,392.625,679.5520833,109.125,418.25,318.75
02/04/2023 00:00,501.5,393.625,678.6215278,139.875,410.875,304.5625
03/04/2023 00:00,502.9375,386.25,678.4756944,176.375,404,301
04/04/2023 00:00,502.375,382.4375,676.7395833,134.875,371.375,300.625
05/04/2023 00:00,500.125,378,673.5902778,131.875,377.875,295.5625
06/04/2023 00:00,500,372.1875,667.7604167,116.375,396.125,290.9375
07/04/2023 00:00,499.375,364.875,658.2395833,169,398.625,306.7669278
08/04/2023 00:00,496.5625,376.0625,657.625,159.375,451.375,362.2934393
09/04/2023 00:00,495.0625,388.375,661.7291667,118.25,421.625,337.4091116
10/04/2023 00:00,495.5625,387.6875,666.5625,146.25,407.375,321.3291743
11/04/2023 00:00,497.5,388.1875,671.9409722,144.5,400.3125,315.0470621
12/04/2023 00:00,499,383.625,670.7638889,109.25,398.6875,315.5083495
13/04/2023 00:00,499.9375,380.125,671.0798611,131.375,386.625,264.75
14/04/2023 00:00,500,378,670.5208333,112.875,396.875,264.1875
15/04/2023 00:00,500,375.3125,666.4479167,97.375,387.25,279.625
16/04/2023 00:00,500,369.5625,663.0833333,108.75,406.25,293.375
17/04/2023 00:00,500,367.25,665.9097222,106.625,430,343.9375
18/04/2023 00:00,500,371.1875,668.1041667,134.75,452.875,368.625
19/04/2023 00:00,500,378,673.5451389,110,405.75,365.875
20/04/2023 00:00,500.0625,384.1875,681.0833333,138,415.875,312.5
21/04/2023 00:00,502.0625,382.875,684.4479167,119.75,419.625,333.3125
22/04/2023 00:00,504.875,378.0625,685.9583333,183.5,462.2291667,367.25
23/04/2023 00:00,505,389.5,690.5729167,127,451.8958333,384.8125
24/04/2023 00:00,505.625,408.5,698.9895833,107.5,422.5625,368.5625
25/04/2023 00:00,508.5625,405.875,707.3888889,116.5,432.8333333,362.25
26/04/2023 00:00,513,396.1875,707.7951389,119.5,417.7291667,346.5
27/04/2023 00:00,517.375,380.5625,710.2777778,115.5,391.9166667,333.5625
28/04/2023 00:00,518.9375,384.625,711.65625,127.5,441.8958333,319.875
29/04/2023 00:00,519.0625,388.5,713.3680556,114.25,443.502193,354
30/04/2023 00:00,520.5,393.9375,713.5243056,118.25,433.3155154,343.875
01/05/2023 00:00,522.625,407,717.4652778,119.625,402.640625,327.6875
02/05/2023 00:00,526.4375,410.125,720.46875,123.125,366.4345238,288.8125
03/05/2023 00:00,529.5,400.875,720.2361111,115,364.948489,246.0625
04/05/2023 00:00,531.875,387.875,717.2881944,100.875,369.9850427,239.875
05/05/2023 00:00,532,368.375,707.0173611,93.125,366.5121528,242
06/05/2023 00:00,530.8125,354.5,696.0104167,89.75,359.9947917,241.5625
07/05/2023 00:00,526.0625,348.625,687.1979167,101.375,365.0267857,234.8125
08/05/2023 00:00,522.5,342.6875,676.03125,112.75,353.3940476,231.5
09/05/2023 00:00,518.9375,330.8125,664.6458333,99,321.1,211.75
10/05/2023 00:00,513.5,329.875,656.6215278,92.25,278.7569444,188.4375
11/05/2023 00:00,508.0625,353.625,644.1944444,92.125,301.0555556,179.625
12/05/2023 00:00,504,360.3125,627.7847222,122.75,335.03125,186.625
13/05/2023 00:00,500.5,353.3125,613.1875,117.25,346.8020833,223.6875
14/05/2023 00:00,496.3125,352.0625,607.8020833,152,313.7688492,214.75
15/05/2023 00:00,487.625,352.6875,614.8680556,164.75,298.6686508,188.25
16/05/2023 00:00,482.25,352.25,610.4826389,156.75,336.3428571,187.5
17/05/2023 00:00,482.25,358.25,597.9097222,134.125,378.5517507,208.75
18/05/2023 00:00,478,378.6875,593.2673611,96.5,395.4803922,303.8125
19/05/2023 00:00,473.5,386.5,598.6701389,87.5,346.8541667,275.75
20/05/2023 00:00,470.75,381.875,632.75,142.625,361.8615196,242.6875
21/05/2023 00:00,474.25,374.8125,634.8854167,127.875,344.6444328,277.25
22/05/2023 00:00,481.875,381.0625,630.4305556,157.375,369.3444264,279.0625
23/05/2023 00:00,486.4375,402.625,638.2673611,163.5,401.2805736,295
24/05/2023 00:00,488.9375,413.6875,650.3020833,283.125,411.9675325,306.3125
25/05/2023 00:00,491.6875,433,659.5104167,188.125,417.0294913,314.3125
26/05/2023 00:00,499.1875,450.25,669.1006944,204.875,422.6902056,323.1875
27/05/2023 00:00,508.1875,451.875,673.5243056,160.125,457.2443182,345.3125
28/05/2023 00:00,511.5625,463.9375,677.0902778,138.375,456.8020833,338.9375
29/05/2023 00:00,516.0625,471.4375,683.75,111.5,440.4955357,343.75
30/05/2023 00:00,520.8125,476.3125,690.2291667,112.25,471.4107143,357.5625
31/05/2023 00:00,523.75,476,695.1666667,185,433.1169872,391.3125
01/06/2023 00:00,530.25,485.625,701.2048611,176.25,459.9947552,354.125
02/06/2023 00:00,533.75,491.625,710.9270833,179.5,432.6382576,364.25
03/06/2023 00:00,540.9375,494.3125,712.9583333,132.5,397.453125,330.8125
04/06/2023 00:00,547.5,491.25,716.6145833,115.125,393.176777,315.5
05/06/2023 00:00,553.875,481.8125,718.6493056,147.625,376.7659314,298
06/06/2023 00:00,558.0625,468.75,718.5868056,225.875,379.0848214,271.5625
07/06/2023 00:00,562.375,462.75,716.7013889,189.25,371.1148313,280.625
08/06/2023 00:00,565.1875,467.125,714.0694444,156.125,361.5711806,292.125
09/06/2023 00:00,564.8125,456.125,717.5798611,144.125,376.7916667,295.1875
10/06/2023 00:00,567.0625,451,719.8854167,137.5,360.375,282.4375
11/06/2023 00:00,575.5,461.125,721.9236111,133.125,372.40625,256.4375
12/06/2023 00:00,578.875,460.875,719.8576389,124.25,366.3506944,262.75
13/06/2023 00:00,581.0625,452.375,712.8784722,111.375,361.7274306,255.3125
14/06/2023 00:00,583.5,439.875,708.5590278,136.75,319.140625,233.1875
15/06/2023 00:00,584.9375,425.375,702.4479167,314.25,313.3958333,202.75
16/06/2023 00:00,585,420.9375,691.28125,290.625,300.375,193.125
17/06/2023 00:00,585,424.375,670.9166667,211.375,325.4791667,195.5625
18/06/2023 00:00,585,428.375,658.0729167,175.25,344.875,205.375
19/06/2023 00:00,584.4375,430.25,646.2916667,125.375,321.8958333,199
20/06/2023 00:00,581.5,413.75,640,110.375,298.625,186.875
21/06/2023 00:00,577.875,391.8125,630.7673611,109.625,290.9791667,172
22/06/2023 00:00,569.125,385.875,614.2361111,141.5,303.125,165.6875
23/06/2023 00:00,568.3125,381.125,595.1666667,178.25,316.5208333,173.625
24/06/2023 00:00,563.6875,394.75,583.2881944,149.625,328.8253205,202.6875
25/06/2023 00:00,562.375,394.3125,584.25,139.625,340.6153846,241.3125
26/06/2023 00:00,553.625,404.8125,595.5763889,179.625,362.7259615,253.5
27/06/2023 00:00,551.5,433.625,614.8576389,167.875,380.8125,258.0625
28/06/2023 00:00,551.3125,453.5,627.59375,132.5,350.8125,249.625
29/06/2023 00:00,557,450.625,638.4618056,171.25,376.5625,261.75
30/06/2023 00:00,561.8125,439.0625,638.9340278,193.5,326.6875,242.375
01/07/2023 00:00,562.9375,427.375,637.2743056,174,302.3541667,210.375
02/07/2023 00:00,562.375,410,630.7604167,142.625,292.6041667,211
03/07/2023 00:00,559.5625,402,614.0868056,122.75,304.5,212
04/07/2023 00:00,556.875,393.875,608.9791667,119.875,355.3958333,226.3125
05/07/2023 00:00,552.5625,402.125,608.6041667,116.125,320.9791667,280.375
06/07/2023 00:00,550.125,408.4375,614.8541667,119.75,305.3958333,223.3125
07/07/2023 00:00,550.0625,415.1875,633.6423611,201.875,336.5625,226.75
08/07/2023 00:00,552.125,422.9375,628.7395833,212.875,387.5,254.8125
09/07/2023 00:00,555.8125,436.5625,627.5138889,191,374.3333333,314.9375
10/07/2023 00:00,556,438.75,635.59375,194.375,354.0416667,282.6875
11/07/2023 00:00,556,435.3125,649.5138889,174.5,354.4166667,255.8125
12/07/2023 00:00,556.6875,422.8125,648.8402778,166,323.75,249.5625
13/07/2023 00:00,559.875,428.5,637.8576389,187.625,316.0833333,222.5
14/07/2023 00:00,560.375,421.25,631.6076389,177,320.6875,209.0625
15/07/2023 00:00,559.6875,414.0625,620.7013889,208.125,317.2708333,209.375
16/07/2023 00:00,561.25,408.3125,607.4930556,195,321.5,222.5625
17/07/2023 00:00,557.375,408,595.6388889,224.125,322.3958333,225.125
18/07/2023 00:00,553.375,401,590.2222222,304.375,333.0625,219.5
19/07/2023 00:00,552.25,401.6875,585.4861111,219.875,300.4375,220.9375
20/07/2023 00:00,539.4375,396.5625,571.59375,213,302.375,212.5
21/07/2023 00:00,533.375,379.625,562.0104167,246.625,326.5625,193.4375
22/07/2023 00:00,525.4375,366.875,539.5902778,227.375,321.5416667,196.5625
23/07/2023 00:00,513.625,360.875,524.5208333,198,320.9791667,195.125
24/07/2023 00:00,495.3125,352.625,528.6006944,168.625,330.1458333,194.875
25/07/2023 00:00,483.6875,346.5,524.7256944,152.5,300.3958333,205.0625
26/07/2023 00:00,477.0625,352.9375,522.6215278,136.25,287.9791667,182.875
27/07/2023 00:00,472.5625,331.6875,532.1354167,120,323,186.9375
28/07/2023 00:00,469.5625,306.8125,527.2118056,113.75,324,213.125
29/07/2023 00:00,467.4375,301.125,521.875,167,316.875,212.25
30/07/2023 00:00,463.9375,299.125,529.6979167,296.75,294.8541667,199.375
31/07/2023 00:00,459.5625,301,526.8090278,194.875,261.25,181.0625
01/08/2023 00:00,456.5625,315.8125,521.6180556,180.625,263.75,164.4375
02/08/2023 00:00,454.375,318.25,511.9861111,201.375,286.7708333,157.125
03/08/2023 00:00,450.0625,308.75,494.4826389,148.375,291,166.375
04/08/2023 00:00,444.1875,314.6875,474.0763889,145.625,309.4166667,174.5
05/08/2023 00:00,432.5,307.3125,476.0034722,161.25,274.5625,174.75
06/08/2023 00:00,421.5625,298.5,484.4236111,174.5,282.8541667,149.125
07/08/2023 00:00,413.8125,300.3125,493.6840278,187.75,274.3125,156.0625
08/08/2023 00:00,412,307.375,477.6458333,178.75,245.5625,156.4375
09/08/2023 00:00,409.9375,297.3125,472.34375,221.25,269.6666667,131
10/08/2023 00:00,405.8125,295,476.1180556,161.875,283.0416667,162.625
11/08/2023 00:00,399.375,304.4375,468.3159722,151,291.5208333,208.0625
12/08/2023 00:00,396.875,313.625,470.2013889,148.25,296.75,194.6875
13/08/2023 00:00,394,319.3125,499.9027778,138.125,288.9791667,196.4375
14/08/2023 00:00,394.3125,323.375,498.8020833,135.75,302.4375,182.5
15/08/2023 00:00,400,327.0625,498.7083333,119.5,318.4375,201.5625
16/08/2023 00:00,404.6875,339.3125,479.7916667,143.625,322.6666667,212.3125
17/08/2023 00:00,403.5,354.125,484.8819444,132,300.2291667,211.625
18/08/2023 00:00,402.0625,371.6875,492.3576389,123,301.4166667,195.3125
19/08/2023 00:00,403.75,386.75,496.4618056,137,301.4583333,194.5
20/08/2023 00:00,409.875,387.3125,494.6319444,143,292.7291667,201.5
21/08/2023 00:00,414.0625,383.25,498.3368056,153,305.2291667,214.5
22/08/2023 00:00,418.375,396.25,503.4201389,272.75,332.6875,273.375
23/08/2023 00:00,420.5,421.4375,516.4027778,214.5,379.8333333,337.5625
24/08/2023 00:00,424.25,428.25,553.8611111,152.25,371.0710227,325.25
25/08/2023 00:00,435.375,416.75,593.6736111,169.875,370.2649148,294
26/08/2023 00:00,455.9375,405.4375,608.5729167,154.375,352.5409564,274.625
27/08/2023 00:00,474.8125,396.9375,609.375,114.625,363.1060606,256.1875
28/08/2023 00:00,485.1875,383.125,606.6875,107.875,363.4308712,262.5
29/08/2023 00:00,488.4375,362.5,599.6979167,97.75,353.1723485,265
30/08/2023 00:00,489.875,345,600.0763889,86.25,340.1145833,266.9375
31/08/2023 00:00,487.125,335.5,600.8993056,80.125,317.0179924,235.875
01/09/2023 00:00,485.9375,334.5625,597.6458333,84.875,303.8039773,214.25
02/09/2023 00:00,485.9375,326.5625,586.3020833,82.75,290.6126894,199.9375
03/09/2023 00:00,484.4375,310,575.4444444,85.75,309.3935588,187.1875
04/09/2023 00:00,480.9375,308.0625,564.6076389,116.25,305.741137,178.25
05/09/2023 00:00,476,308.8125,550.6354167,130.25,319.9277615,200.5625
06/09/2023 00:00,470.9375,307.9375,539.09375,125.75,330.2163682,219.0625
07/09/2023 00:00,464.5,317.625,539.0277778,100.375,304.7958611,184.875
08/09/2023 00:00,458.0625,326.375,551.6388889,83.875,303.8715333,184.6875
09/09/2023 00:00,454.25,318.375,528.5555556,93.75,287.6838443,161
10/09/2023 00:00,454.375,321.75,512.8784722,189,291.7149686,155.5625
11/09/2023 00:00,451.3125,335.875,505.8784722,164,303.7693862,181.625
12/09/2023 00:00,444.4375,343.375,489.2256944,110.875,290.1666667,169.1875
13/09/2023 00:00,437.0625,332.6875,491.5243056,99.375,291.4012502,174.3125
14/09/2023 00:00,431.0625,327.875,496.25,98.625,291.2124754,172.1875
15/09/2023 00:00,426.5625,327.0625,479.9375,126.125,307.4885292,195.8125
16/09/2023 00:00,422.9375,336.75,474.375,109.25,293.0931543,178.5625
17/09/2023 00:00,417.9375,351.4375,476.9375,92.625,283.6669873,168.125
18/09/2023 00:00,413.1875,365.875,473.7361111,88.25,289.4347231,180.375
19/09/2023 00:00,412.0625,361.9375,461.1388889,91.125,276.5625,178.1875
20/09/2023 00:00,410.8125,351.375,464.3194444,105,265.625,170.1875
21/09/2023 00:00,405.4375,334.875,473.9583333,93.125,235.2291667,151.1875
22/09/2023 00:00,399.6875,312.625,472.46875,83.75,250.7916667,126.625
23/09/2023 00:00,396.875,299.875,456.0104167,72.25,275.8333333,135
24/09/2023 00:00,391.3125,298.625,438.2916667,66.75,242.6041667,156.3125
25/09/2023 00:00,382.0625,304.0625,439.2013889,69.625,258.8125,134.875
26/09/2023 00:00,374.125,313.8125,445.5520833,91.5,284.5416667,154.1875
27/09/2023 00:00,370.8125,368.125,425.3923611,85,271.8541667,172.8125
28/09/2023 00:00,374.1875,381.125,432.9722222,79.3125,261.6041667,166.375
29/09/2023 00:00,380.9375,369.875,456.8541667,81.1875,266.5,159.4375
30/09/2023 00:00,386,361.25,461.28125,80.3125,260.625,165.375
01/10/2023 00:00,390.3125,357.875,452.5833333,80.375,272.53125,165.4375
02/10/2023 00:00,391.875,342.375,456.9027778,78.5,291.4479167,174.75
03/10/2023 00:00,390.5,341.3125,460.0277778,76.5,318.5833333,195.8125
04/10/2023 00:00,389.625,354.5625,469.6111111,74.5,349.1041667,240.9375
05/10/2023 00:00,392.0625,362.8125,490.4895833,72.5,321.7916667,262.5
06/10/2023 00:00,396.6875,364.125,520.2048611,70.5,342.0625,239.8125
07/10/2023 00:00,405.625,376.75,545.5069444,68.5,369.5104167,258.25
08/10/2023 00:00,416.3125,387.4375,543.4236111,66.5,361.2395833,266.4375
09/10/2023 00:00,426.5,402.6875,561.5833333,64.5,361.1458333,270.75
10/10/2023 00:00,444.1875,397.0625,575.2673611,62.5,339.1041667,260.375
11/10/2023 00:00,454.8125,385.8125,578.3645833,60.6875,348.8333333,251.75
12/10/2023 00:00,460.4375,375.6875,572.0347222,63,350,268.375
13/10/2023 00:00,463.75,370.125,567.5555556,67,333.2083333,255.25
14/10/2023 00:00,463.0625,368.9375,577.4826389,71,344.2708333,250.375
15/10/2023 00:00,463.0625,378.5,579.2534722,75,333.0208333,255
16/10/2023 00:00,465.6875,387.6875,583.7569444,78.875,347.9375,262.625
17/10/2023 00:00,471.875,389.3125,587.1284722,80.1875,323.0833333,261.75
18/10/2023 00:00,476.375,384.5,588.5486111,75.4375,264.3541667,228.125
19/10/2023 00:00,478.0625,379.625,592.40625,70.375,267.625,186.125
20/10/2023 00:00,479.5625,378.6875,583.53125,69.25,264.6666667,190.25
21/10/2023 00:00,481.3125,387.1875,564.0798611,64.125,292.1666667,182.75
22/10/2023 00:00,479.375,403.875,554.7638889,62.875,278.1458333,194.125
23/10/2023 00:00,476.125,406.9375,549.1006944,64.875,258.1666667,186.9375
24/10/2023 00:00,473.25,400.25,540.4826389,64.125,282,181.875
25/10/2023 00:00,473.25,422.0625,534.34375,63.75,309.9791667,211.9375
26/10/2023 00:00,473.5,426.25,539.6458333,94.875,303.6458333,237.4375
27/10/2023 00:00,469.1875,425.6875,564.8854167,113.625,318.6875,246.5625
28/10/2023 00:00,473.6875,435.375,576.7395833,80.875,354.4583333,306
29/10/2023 00:00,480.9375,449.0625,584.3298611,78.75,365.6041667,311.875
30/10/2023 00:00,488.0625,460.5625,603.1701389,88.5,341.0859375,302.875
31/10/2023 00:00,497.4375,461.25,616.0451389,112.625,357.6015625,292.625
01/11/2023 00:00,506.625,468.375,632.1493056,105.75,416.9583333,334.125
02/11/2023 00:00,517.375,478.625,639.5902778,164.5,391.7708333,351.875
03/11/2023 00:00,526.125,493.375,656.2430556,193.875,438.25,338.25
04/11/2023 00:00,535.375,496.8125,667.2569444,287.25,441.9583333,387.3125
05/11/2023 00:00,542.5,504.75,676.4618056,167.125,411.9583333,372.6875
06/11/2023 00:00,555.5,509.125,696.1006944,145.875,430.5416667,349.5
07/11/2023 00:00,562.5,508,706.7256944,143.5,438.6458333,377.0625
08/11/2023 00:00,569.5,501.5,710.6666667,118.375,414.4375,368.1875
09/11/2023 00:00,574.6875,487.4375,718.7708333,93.5,399.7291667,336.625
10/11/2023 00:00,576.9375,479.5,722.6805556,85,374.8541667,317.375
11/11/2023 00:00,585.25,463.5625,726.2951389,122,379.9166667,312.625
12/11/2023 00:00,589,442.8125,730.4513889,133.875,353.6875,315.5625
13/11/2023 00:00,591.4375,430.875,731.8020833,119.125,356.5208333,279.25
14/11/2023 00:00,593.5,414.8125,728.2881944,101,346.8333333,285.0625
15/11/2023 00:00,597.0625,413.8125,721.0520833,123.125,354.8125,298.125
16/11/2023 00:00,599.875,423.875,717.3402778,92.125,367.5208333,299.875
17/11/2023 00:00,600.0625,434.9375,716.0243056,78.875,348.8333333,292.0625
18/11/2023 00:00,601.5625,431.625,717.2708333,70.125,389.9583333,286.25
19/11/2023 00:00,604.5,450.3125,717.7638889,66.75,379.6875,363.75
20/11/2023 00:00,607.5,465.6875,723.0798611,91,376.2916667,340.75
21/11/2023 00:00,611.0625,480.1875,741,90.25,364.5625,321.375
22/11/2023 00:00,616.4375,489.3125,739.34375,88.375,356.7291667,300.125
23/11/2023 00:00,621,491.8125,733.3888889,89,350.0833333,282.1875
24/11/2023 00:00,624.875,486.25,723.6354167,129.125,347.6875,272.5
25/11/2023 00:00,625.375,473.75,712.8368056,168.125,344.7083333,271.25
26/11/2023 00:00,623.0625,465.75,702.1875,133.125,330.7916667,267
27/11/2023 00:00,622,463.75,694.7569444,122.625,326.4791667,249.5
28/11/2023 00:00,620.4375,448.6875,682.7881944,125.125,308.5208333,239.3125
29/11/2023 00:00,617.5,431.8125,664.9826389,134.125,294.8541667,226.625
30/11/2023 00:00,613.1875,413.8125,651.0868056,95.125,288.6458333,215.875
01/12/2023 00:00,610.75,399.375,634.09375,80.125,300.375,206.1875
02/12/2023 00:00,606,383.5,613.1909722,74,289.1458333,205.5
03/12/2023 00:00,600.375,370.5,588.5,70,292.0625,198.25
04/12/2023 00:00,592,359.6875,568.4188034,64.125,300.8958333,198.125
05/12/2023 00:00,582.4375,348.9375,548.5117521,61.125,277.9791667,195.625
06/12/2023 00:00,575.875,338.125,536.9305556,60,252.4375,177.375
07/12/2023 00:00,563,328.5,546.2743056,59.375,279.2291667,159.6875
08/12/2023 00:00,546.1875,312.0625,527.7395833,61.75,290.3958333,178.5
09/12/2023 00:00,536.375,303.875,497.3819444,61.25,293.9583333,194.9375
10/12/2023 00:00,523.1875,294.125,497.4756944,152,267.5833333,190
11/12/2023 00:00,504.375,299.8125,510.6284722,138.4375,248.75,168.375
12/12/2023 00:00,492.1875,298.9375,519.5868056,91.4375,249.9166667,160.375
13/12/2023 00:00,486,300.3125,500.4027778,76.375,248.1458333,159.75
14/12/2023 00:00,479.8125,291.0625,471.3402778,70.75,245.75,153.8125
15/12/2023 00:00,468.25,286.8125,455.9791667,63.375,271.2291667,149.5625
16/12/2023 00:00,451,282.875,446.34375,114.375,290.4375,166.5
17/12/2023 00:00,435.5625,287.5625,438.9826389,156.375,322.6041667,191.375
18/12/2023 00:00,424.125,304.3125,445.6006944,133.125,305.8541667,214.6875
19/12/2023 00:00,409.8125,309.1875,464.0625,132.5,326.3541667,201.6875
20/12/2023 00:00,407.125,306,488.2326389,131.25,329.2083333,214.5
21/12/2023 00:00,408.1875,310.4375,489.9409722,135.5,299.5,221.6875
22/12/2023 00:00,411.875,312.625,493.15625,151.375,309.2916667,196.0625
23/12/2023 00:00,412.875,305.25,506.0069444,108,309.4375,202.5
24/12/2023 00:00,412.0625,294.875,497.3229167,107.125,316.7083333,209.375
25/12/2023 00:00,410.75,290.9375,481.1701389,126.5625,285.5,203.625
26/12/2023 00:00,403.75,294.3125,488.7638889,177.6875,336.1041667,208.0625
27/12/2023 00:00,393.9375,295.125,500.4027778,158,364.8333333,290.6875
28/12/2023 00:00,392.625,308.4375,494.2743056,256.25,356.7083333,285.375
29/12/2023 00:00,393.9375,321.625,523.9027778,206.8125,365.7291667,277
30/12/2023 00:00,396.3125,339.4375,535.1840278,138.6875,388.2916667,307.875
31/12/2023 00:00,403.25,362.9375,534.6111111,156,364.0833333,313.375
01/01/2024 00:00,409,378.6875,554.8368056,131.75,367.6666667,283.9375
02/01/2024 00:00,422.8125,380.5,565.0972222,96.25,338.8333333,286.1875
03/01/2024 00:00,432.375,361.5625,555.8125,83.125,385.625,256.75
04/01/2024 00:00,437.0625,343.8125,551.4895833,78.75,341.1666667,277.8125
05/01/2024 00:00,432,335.9375,544.7604167,72.125,312.2291667,236.625
06/01/2024 00:00,424.9375,337.6875,542.2083333,66.875,324.6041667,213.5625
07/01/2024 00:00,418.125,328.3125,527.40625,62.25,304.8333333,207.875
08/01/2024 00:00,412.25,309.0625,494.9548611,60.125,297.2083333,199.5625
09/01/2024 00:00,400.25,296.5625,477.4756944,60,292.4375,191.875
10/01/2024 00:00,382.875,292.3125,453.5277778,60,269.3333333,174
11/01/2024 00:00,363.6875,284.3125,441.96875,56.375,255.2291667,162
12/01/2024 00:00,348.8125,279.8125,444.6736111,58.5,256.6875,150.3125
13/01/2024 00:00,334,276.25,431.2013889,53.75,253.5833333,150.625
14/01/2024 00:00,325.875,274.5625,418.4131944,44.375,250.3125,150.125
15/01/2024 00:00,316,266.0625,408.125,49.75,293.5208333,152.125
16/01/2024 00:00,304.9375,266.125,399.8020833,51.25,316.6145833,176.4375
17/01/2024 00:00,293.0625,260,382.15625,49.125,289.6979167,192.1875
18/01/2024 00:00,281.875,261.875,381.3453947,49.875,274.6041667,178.8125
19/01/2024 00:00,270.9375,255.4375,432.5400219,50,264.2083333,157.75
20/01/2024 00:00,269.0625,253.5625,425.0039683,54,238.25,144.375
21/01/2024 00:00,271.9375,247.9375,398.5446429,79.5,253.875,134.125
22/01/2024 00:00,277.125,248.25,402.5625,71.375,235.875,135.875
23/01/2024 00:00,267.1875,243.9375,394.033729,58,269.5833333,131.625
24/01/2024 00:00,259.375,236.125,407.4527924,53.125,307.4375,156.5625
25/01/2024 00:00,248.1875,242.875,402.0587158,49.875,283.9166667,180.375
26/01/2024 00:00,234.5,235.5,375.7110069,47.875,247.25,155.5
27/01/2024 00:00,229.5,230.6875,373.5,45.125,267.4166667,128.75
28/01/2024 00:00,227.4375,239.25,386.6666667,44,230.5,140.625
29/01/2024 00:00,233.5625,234.5,348.762302,41,202.4583333,109.125
30/01/2024 00:00,515.9986297,225.625,482.1964858,39.125,211.9791667,87.8125
31/01/2024 00:00,230.3333333,234.0625,363.6572055,40,262.5208333,98.4375
01/02/2024 00:00,224.25,235.375,372.6124479,39,275.8958333,126.625
02/02/2024 00:00,220.5625,235.125,377.4220331,43.375,272.3125,157.0625
03/02/2024 00:00,208.5625,246.4375,390.489767,115.125,306.0416667,186.375
04/02/2024 00:00,199.125,241.9375,408.3474315,139.5,324.3958333,255.8125
05/02/2024 00:00,196.0625,240.9375,375.5833333,183.5,278.4166667,218
06/02/2024 00:00,205.6875,258.8125,426.5138889,177.875,277.875,171.5625
07/02/2024 00:00,222.5,271.0625,447.6909722,107.25,295.0625,178.1875
08/02/2024 00:00,246.75,293.5625,414.7152778,96.5,321.6041667,192.5625
09/02/2024 00:00,262.8125,290.8125,411.65625,122.625,323.4791667,229.625
10/02/2024 00:00,263.75,275.625,420.8680556,143.5625,314.7708333,218.125
11/02/2024 00:00,260.125,273.4375,433.4722222,122.6875,291.6875,202.1875
12/02/2024 00:00,260.25,261.5625,446.5416667,111.375,304.4166667,180.3125
13/02/2024 00:00,265.0625,246.875,430.7569444,92.75,309.5833333,184.6875
14/02/2024 00:00,268.5625,243,416.2118056,83.125,307.9166667,189.8125
15/02/2024 00:00,263.375,246.25,407.9236111,80,324.3333333,188.75
16/02/2024 00:00,256,242.5,417.34375,102.75,300.7916667,203.125
17/02/2024 00:00,249.75,245.0625,403.0138889,195.625,290.0208333,183.125
18/02/2024 00:00,247.5,266.5,418.4861111,132.875,267.2083333,172.8125
19/02/2024 00:00,245.5,284.4375,402.2777778,88.5,242.875,149.375
20/02/2024 00:00,246.9375,279.375,379.6660819,77.125,234.6458333,132.25
21/02/2024 00:00,251.875,281.375,376.5,65.625,228.2916667,146.25
22/02/2024 00:00,245.6875,280.625,366.5,61.5,254.5833333,154.4375
23/02/2024 00:00,242.875,284.25,381.9375,56.125,294.4583333,182.125
24/02/2024 00:00,239.8125,295.625,375.1875,51.875,277.7916667,197.8125
25/02/2024 00:00,242.4375,292.875,370.9375,57.5,260.3125,175.625
26/02/2024 00:00,243.875,290.8125,393.0625,93.4375,239.9375,150.1875
27/02/2024 00:00,245.0625,298.125,388.8125,91.6875,258,130.0625
28/02/2024 00:00,247.625,290.875,379.375,75,298.0416667,153
29/02/2024 00:00,248.5625,267.5,402.8142718,58.875,271.6666667,179.75
01/03/2024 00:00,240.9375,253.25,391.0577412,62.6875,274.7916667,156.25
02/03/2024 00:00,227.5625,247.5,356.0833333,91.6875,258.0208333,154.0625
03/03/2024 00:00,210.1875,259.25,366.8125,104.875,251.4166667,153.0625
04/03/2024 00:00,209.5,277,364.0991927,103.125,243.6458333,135.75
05/03/2024 00:00,217.0625,267,363.867441,97.625,240.1041667,132.1875
06/03/2024 00:00,217,255.5625,358.4302316,73.75,230.5208333,129.6875
07/03/2024 00:00,214.8125,272.4375,363.0363164,99.75,246.8333333,120.9375
08/03/2024 00:00,208.3125,276.3125,369.5904698,102.75,266.9166667,130.8125
09/03/2024 00:00,199.3125,259.1875,373.1151038,122.25,285.8958333,152.75
10/03/2024 00:00,195.5,252.75,372.4189531,106.75,287.0208333,159.25
11/03/2024 00:00,192.5625,264.5,364.4082761,98.25,252.8541667,166.375
12/03/2024 00:00,191,270.8125,362.7984386,134.125,270.4583333,140
13/03/2024 00:00,191.25,265.5,370.6859155,91.75,279.9166667,158.125
14/03/2024 00:00,196,269.125,312.5,83.75,286.2708333,163.5625
15/03/2024 00:00,200.375,261.625,307.8125,123.125,277.7083333,169.0625
16/03/2024 00:00,200.8125,240.8125,319.1875,94.5,271.75,166.4375
17/03/2024 00:00,198.6875,260.625,321.6875,80.5,245.25,168
18/03/2024 00:00,200.625,263.375,336.5,69.375,263.4791667,170.0625
19/03/2024 00:00,205.625,233.4375,332.25,83.375,271.5208333,169.125
20/03/2024 00:00,211,220.875,342.625,79.25,279.6666667,182.875
21/03/2024 00:00,207.5,234.5625,348.8125,67,248.875,183.0625
22/03/2024 00:00,203.625,273.0625,365.1875,83,252.4791667,174.3125
23/03/2024 00:00,204.4375,295.125,395.7604167,94.6875,251.8958333,163.375
24/03/2024 00:00,216.25,301.125,402.0902778,73.8125,243.2708333,156.625
25/03/2024 00:00,231.75,274.125,387.125,83.625,254.3333333,149.5625
26/03/2024 00:00,238.4375,236.1875,382.875,120.375,268.125,159.3125
27/03/2024 00:00,232.1875,214.8125,377.4151842,112,258.7083333,174.25
28/03/2024 00:00,218.9375,227.75,373.1943055,90.5,267.6041667,159.875
29/03/2024 00:00,206.375,237.5,348.4166667,100.25,299.8125,164.875
30/03/2024 00:00,201.5625,222.875,365.6782762,108.625,258.9166667,179.75
31/03/2024 00:00,197.9375,215.5625,349.4125155,86,237.5625,153.8125
01/04/2024 00:00,193,210.125,329.4375,132.5,282.0208333,132.9375
02/04/2024 00:00,188.125,211.375,320.5625,189.875,287.5,161.5
03/04/2024 00:00,186.5625,227.6875,288.5625,136.875,296.6041667,180.75
04/04/2024 00:00,185.25,244,289.9375,151.75,320.7916667,192.1875
05/04/2024 00:00,180.8125,286,314.5625,179,357.1875,232.1875
06/04/2024 00:00,187.875,348.1875,341.1875,147.75,358.1666667,265.8125
07/04/2024 00:00,211.125,362.625,387.7395833,132.625,348.1875,256.1875
08/04/2024 00:00,234.4375,368.8125,438.2083333,103.25,332.5817308,243.8125
09/04/2024 00:00,252,369.375,446.6145833,110,309.0641026,229.1875
10/04/2024 00:00,268.9375,369.6875,456.15625,91.125,330.1041667,216.875
11/04/2024 00:00,279.8125,371.625,434.1979167,79.125,302.6458333,216.5
12/04/2024 00:00,284.125,349.375,425.125,65,280.75,192.125
13/04/2024 00:00,279.625,324.5625,410.5798611,59,253.5208333,173.25
14/04/2024 00:00,266.875,300.5,404.4958333,52.875,261.6666667,152.375
15/04/2024 00:00,252.25,278.5625,369.525,54.375,270.4791667,158.3125
16/04/2024 00:00,240.75,268.5625,338.5625,49.875,280.125,171.3125
17/04/2024 00:00,223.875,263,318.5625,48.125,270.0416667,179.5
18/04/2024 00:00,204.125,266.75,327.25,47.25,305.9583333,176.8125
19/04/2024 00:00,190,265.0625,346.625,55.75,296,204.0625
20/04/2024 00:00,188.9375,289.4375,346,92.875,324.0669643,215.5
21/04/2024 00:00,195.875,337.75,362,132.625,299.078869,225.5625
22/04/2024 00:00,205.6875,374.8125,387.9548611,178.5,314.9734848,201.375
23/04/2024 00:00,228,358.125,412.7777778,174,369.9848485,275.1875
24/04/2024 00:00,250.875,370.875,414.9618056,165.25,400.2172619,302
25/04/2024 00:00,274.125,397.875,460.6458333,125,374.8035714,313.125
26/04/2024 00:00,299.4375,388.3125,500.1527778,103.625,382.1490385,288.1875
27/04/2024 00:00,322.9375,395.4375,514.5555556,98,407.3509615,299.4375
28/04/2024 00:00,342.375,413.3125,518.3506944,135.25,380.7291667,322.1875
29/04/2024 00:00,357.25,419.9375,519.9166667,179.125,426.2083333,316.625
30/04/2024 00:00,367.875,434.8125,537.25,163.5,428.2291667,355.25
01/05/2024 00:00,376.625,444.0625,551.4409722,136.5,420.7916667,336.9375
02/05/2024 00:00,388.125,452.375,575.4826389,122.25,405.1875,332.625
03/05/2024 00:00,402,463.75,583.2083333,104,432.125,335.75
04/05/2024 00:00,416,479,591.6909722,169.75,433.5208333,356.625
05/05/2024 00:00,428.875,502.625,604.84375,233.875,481.7708333,372.25
06/05/2024 00:00,439.125,556.3125,617.8854167,236.125,462,404.875
07/05/2024 00:00,451.9375,577.75,639.2986111,142.625,458.5,378.5
08/05/2024 00:00,463.9375,546.3125,655.9930556,221,484.9166667,393.8125
09/05/2024 00:00,472.9375,528.1875,661.3368056,212.625,484.6458333,417.625
10/05/2024 00:00,479.9375,527.375,670.21875,162.25,497.5625,427.5
11/05/2024 00:00,485.9375,530.375,682.8125,113,511.75,440.4375
12/05/2024 00:00,491.6875,536.625,697.5763889,98.75,502.5416667,446.625
13/05/2024 00:00,500.9375,539.5625,707.7847222,107.125,473.7291667,449.125
14/05/2024 00:00,509,543.375,717.9965278,113.375,450.2291667,419.3125
15/05/2024 00:00,515.9375,530.6875,727.0208333,173.5,442.8125,395.1875
16/05/2024 00:00,522,522.375,732.5486111,136.125,478.6458333,397.625
17/05/2024 00:00,528.5625,528.25,737.6076389,150.1875,438.6041667,401.0625
18/05/2024 00:00,536.4375,527.4375,740.1736111,116.3125,429.0416667,372.9375
19/05/2024 00:00,542.3125,506.1875,742.1354167,103,411.2291667,347.625
20/05/2024 00:00,546.3125,489.0625,741.0347222,130.25,376.7608696,327.375
21/05/2024 00:00,553.6875,481.625,734.9409722,180.625,382.8333333,304.8125
22/05/2024 00:00,555.5,475.1875,728.2256944,159,349.7708333,298.125
23/05/2024 00:00,557.5625,478.375,720.5555556,132.75,378.5208333,281.4375
24/05/2024 00:00,561,483.5,710.4236111,130.25,379.3541667,313.625
25/05/2024 00:00,564.5,478.5625,706.6180556,134.375,380.2291667,324.25
26/05/2024 00:00,567.5,469.0625,707.0972222,128.5,344.4791667,304.25
27/05/2024 00:00,569.875,469.9375,708.9166667,116.75,364.7847222,280.125
28/05/2024 00:00,570.5625,472.25,705.8819444,132.5,379.6944444,307.25
29/05/2024 00:00,573.0625,493.9375,701.1145833,316.375,366.7083333,323.75
30/05/2024 00:00,576.5,511.1875,708.1944444,261.75,377.9375,306.6875
31/05/2024 00:00,579.5625,533.25,711.6145833,204.625,391.25,312.5625
01/06/2024 00:00,584.5625,554.3125,712.7291667,208.4375,418.375,332.5
02/06/2024 00:00,590.9375,559.875,713.4895833,234,362.2083333,330.75
03/06/2024 00:00,596,548,714.4131944,260.5625,353.6458333,286.4375
04/06/2024 00:00,600.5,535.375,718.7222222,281.625,323.625,278.8125
05/06/2024 00:00,604.375,532.5,719.8784722,240.25,309.7708333,251.3125
06/06/2024 00:00,606.625,530.1875,713.7569444,231.5,324.4583333,237.3125
07/06/2024 00:00,609.875,525.6875,706.625,223.625,370.8541667,255.375
08/06/2024 00:00,611,518.8125,694.4965278,218.625,368.125,278.375
09/06/2024 00:00,612.5,505.5,696.28125,219.5,348.625,275.9375
10/06/2024 00:00,614.5,507,705.7951389,216,329.0208333,271.4375
11/06/2024 00:00,615.5,507.1875,703.7708333,229.25,378.9583333,265.8125
12/06/2024 00:00,617.6875,500.3125,697.5763889,203.5,383.4583333,291.625
13/06/2024 00:00,622.8125,497.4375,698.4791667,209.1875,350.125,273
14/06/2024 00:00,625.125,505.5,700.4236111,210.625,338.1612319,257.3125
15/06/2024 00:00,629.5,498.8125,702.5416667,228.0625,383.3804348,285.75
16/06/2024 00:00,633.4375,504.3125,701.8784722,273.625,407.4375,315.125
17/06/2024 00:00,635.875,537.1875,709.3020833,211.8125,434.125,334.125
18/06/2024 00:00,637.8125,566.9375,719.7083333,224,442.125,340.625
19/06/2024 00:00,644.3125,572.8125,726.9930556,243.0625,423.7083333,355.875
20/06/2024 00:00,648.0625,575.8125,733.6840278,262,404.7916667,364.75
21/06/2024 00:00,652.5,576,743.8229167,273.125,431.5833333,346.8125
22/06/2024 00:00,657,572.1875,748.6111111,222.5,422.4166667,341.75
23/06/2024 00:00,661.4375,575.9375,750.0729167,193.625,470.5833333,351.1875
24/06/2024 00:00,664.5,577.5625,755.4548611,132.5,424.1875,390
25/06/2024 00:00,667.5,581.5,758.9131944,110.0625,394,341.5
26/06/2024 00:00,671.125,587.4375,764.2152778,107,404.5416667,330.375
27/06/2024 00:00,676.375,592.3125,768.9131944,104.5,415.2916667,353.9375
28/06/2024 00:00,679.5625,599.3125,772.5555556,102.5,419.8333333,371.6875
29/06/2024 00:00,683.4375,605.9375,775.0451389,100.5,422.1041667,402.375
30/06/2024 00:00,686.5625,611.375,777.7430556,100.75,420.6458333,381.25
01/07/2024 00:00,690.4375,611.125,780.65625,150.5,387.0416667,368.125
02/07/2024 00:00,693.5,603,786.7777778,215.9375,415.6666667,353.4375
03/07/2024 00:00,696.4375,594.9375,792.8159722,198,434.625,373.75
04/07/2024 00:00,699.125,599.25,795.7326389,200.5,437.1041667,380.5
05/07/2024 00:00,703.125,601.5625,804.9479167,205.5,453.6666667,392.8125
06/07/2024 00:00,708.25,598.6875,811.5590278,210.5625,483.4583333,411
07/07/2024 00:00,710.5625,600.0625,814.9513889,216.375,464.3333333,397.375
08/07/2024 00:00,712.9375,602.625,818.2118056,220.625,436.125,385.25
09/07/2024 00:00,713.9375,596.875,823.6493056,226.4375,419.0416667,355.3125
10/07/2024 00:00,714.0625,583.5625,827.0034722,231.5625,383.4166667,324.375
11/07/2024 00:00,715.4375,568.3125,829.3819444,230.75,376.2916667,287.1875
12/07/2024 00:00,716.625,549.8125,830.1597222,214.0625,353.8333333,286.75
13/07/2024 00:00,718.875,528.4375,824.5069444,198,379.2916667,261.125
14/07/2024 00:00,719.5625,509.125,814.4791667,182,371.0625,271
15/07/2024 00:00,721.5,500.6875,801.5451389,167,344.1458333,257.75
16/07/2024 00:00,723.5,486.8125,789.3715278,149.75,336.25,231.125
17/07/2024 00:00,724.9375,468.8125,773.7361111,115.125,322.8125,216.125
18/07/2024 00:00,724.9375,462.1875,752.7881944,105,322.875,206.875
19/07/2024 00:00,724.0625,467.9375,731.1701389,113.75,332.9791667,206.5625
20/07/2024 00:00,723.4375,463.75,713.9305556,138.125,311.8333333,219.6875
21/07/2024 00:00,721.4375,445.5625,703.9479167,180.625,324.2708333,193.5
22/07/2024 00:00,718.5625,433.625,695.5451389,196.25,307.3541667,204.25
23/07/2024 00:00,716.4375,426.25,681.2777778,141.25,280.4583333,185.75
24/07/2024 00:00,713.5625,423.9375,673.2152778,99.75,273.9791667,153.1875
25/07/2024 00:00,711.4375,427.3125,659.0763889,93.625,314.4166667,160.375
26/07/2024 00:00,708.4375,435.875,637.8784722,142,308.3958333,195.1875
27/07/2024 00:00,704.75,439.8125,634.3263889,162.625,297.0416667,190.3125
28/07/2024 00:00,697.8125,442.1875,644.9583333,168.375,276.9375,183.375
29/07/2024 00:00,694.5,437.4375,642.3125,128.4375,257.2291667,167.3125
30/07/2024 00:00,691.0625,425.0625,634.8055556,107.1875,243.9166667,145
31/07/2024 00:00,686.75,410.625,621.6111111,144.375,256.25,126.5625
01/08/2024 00:00,679.125,405.1875,599.1736111,175,267.3958333,137.1875
02/08/2024 00:00,673.375,400.9375,575.6597222,172.5,267.6458333,144.8125
03/08/2024 00:00,665.5,401.9375,569.0486111,143.75,271.9583333,148.375
04/08/2024 00:00,657.0625,405.25,568.2361111,118.625,274.75,150.4375
05/08/2024 00:00,650.125,407.8125,566.8472222,112.875,301.25,160.375
06/08/2024 00:00,645.9375,405.5625,567.8819444,104.375,325.6319444,190.625
07/08/2024 00:00,640.9375,416.375,575.9930556,106.75,325.6180556,223.25
08/08/2024 00:00,635.5625,432.4375,593.0347222,98.5,318.65625,216.1875
09/08/2024 00:00,632.125,443.4375,607.5868056,96.625,315.59375,207.25
10/08/2024 00:00,631.125,447.5625,612.0416667,188.75,309.2916667,214.875
11/08/2024 00:00,631.9375,444.375,609.7291667,143.125,299.3333333,233.9375
12/08/2024 00:00,631.4375,437.1875,615.1944444,163.75,301.1041667,224
13/08/2024 00:00,630.125,439.5,625.1631944,215.125,316.7083333,203.6875
14/08/2024 00:00,631,458.25,626.8020833,169.9375,301.3541667,221.3125
15/08/2024 00:00,632,474,615.9618056,135.4166667,299.375,189.5625
16/08/2024 00:00,633,464.9375,616.1354167,128.7291667,308.5416667,188.8125
17/08/2024 00:00,633.375,459.3125,607.1909722,108.0625,302.8125,219.875
18/08/2024 00:00,631.5,443.1875,602.7777778,93.91666667,284.8333333,233.0625
19/08/2024 00:00,629.4375,425.125,612.3333333,88.1875,284.5833333,179.8125
20/08/2024 00:00,626.5,402,614.9027778,91.77083333,279.1666667,163.25
21/08/2024 00:00,624.3125,385.75,596.8541667,100.1041667,298.375,157.125
22/08/2024 00:00,619.625,383.8125,582.7152778,84.08333333,274.9583333,182
23/08/2024 00:00,615,378.375,579.0729167,76.97916667,275.1041667,184.0625
24/08/2024 00:00,611.125,378.5,586.2847222,74.27083333,284.8333333,179.3125
25/08/2024 00:00,609,390.875,588.7291667,91.125,289.8541667,197.75
26/08/2024 00:00,608.3125,402.6875,584.8819444,80.9375,268.7083333,187.125
27/08/2024 00:00,611.625,404.625,585.7569444,117.125,254.3125,152.375
28/08/2024 00:00,608.5,397.5,579.2326389,91.08333333,256.6666667,130.8125
29/08/2024 00:00,605,384.25,564.4201389,76,250.9583333,131.1875
30/08/2024 00:00,597.125,368.5,547.5416667,69.97916667,252.3333333,130.625
31/08/2024 00:00,590.25,365.4375,537.125,78.75,248.4791667,130.125
01/09/2024 00:00,582.9375,365,534.9965278,63.04166667,253.7916667,131.875
02/09/2024 00:00,574.4375,369.4375,530.6944444,62.29166667,264.6666667,144.6875
03/09/2024 00:00,566.125,370.9375,522.5694444,61.5625,279.2083333,154.5625
04/09/2024 00:00,559.4375,370.3125,517.2708333,59.20833333,292,194.4375
05/09/2024 00:00,552.875,375.625,513.6736111,59.9375,312.0416667,199.6875
06/09/2024 00:00,546.5,392.9375,525.2534722,74.16666667,294.3541667,225.9375
07/09/2024 00:00,544.625,402.625,534.7361111,63.72916667,271.7291667,202.875
08/09/2024 00:00,538.875,398.9375,545.9965278,60.97916667,264.9791667,189.125
09/09/2024 00:00,539.375,391.4375,541.7291667,97.625,246.1041667,158.0625
10/09/2024 00:00,537.4375,379.4375,526.5659722,107.0416667,249,127.8125
11/09/2024 00:00,532.8125,370.0625,508.8645833,72.58333333,233.625,124.0625
12/09/2024 00:00,522.6875,370.3125,485.0625,62.375,247.5208333,107.5
13/09/2024 00:00,508.25,360.8125,470.78125,59.35416667,246.8541667,125.9375
14/09/2024 00:00,499.8125,357.6875,462.9618056,57.3125,244.25,135
15/09/2024 00:00,493.3125,350.0625,469.7222222,55.3125,237.7083333,130
16/09/2024 00:00,477.5,343.8125,478.1076389,54.10416667,234.7708333,120.3125
17/09/2024 00:00,471.125,330.5,472.5034722,66.85416667,274.4375,126.875
18/09/2024 00:00,466.875,330.125,462.5763889,75.08333333,262.375,163.9375
19/09/2024 00:00,460.5,331.375,461.3854167,78.22916667,253.0625,145.875
20/09/2024 00:00,453.5,325.3125,468.9166667,61.6875,246.7708333,134.6875
21/09/2024 00:00,447.5625,319,464.1944444,57.4375,251.0833333,130.75
22/09/2024 00:00,443.5,322.1875,463.96875,56.91666667,264.1041667,137.875
23/09/2024 00:00,439.5,324.1875,455.1892361,64.3125,268.6875,166.625
24/09/2024 00:00,435.0625,333,453.9652778,56.20833333,301.9375,201.375
25/09/2024 00:00,431.4375,346.25,478.9131944,51.72916667,266.9791667,207.75
26/09/2024 00:00,427,363.5625,509.1805556,49.79166667,285.5,181.5625
27/09/2024 00:00,430.875,354.75,530.5590278,49.35416667,276,198.75
28/09/2024 00:00,449.6875,343.9375,526.1805556,50.125,265.1666667,183.6875
29/09/2024 00:00,457.625,362.1875,531.4545139,54.0625,294.2083333,228
30/09/2024 00:00,458.5625,386.9375,538.4409722,71.04166667,329.3541667,304.375
01/10/2024 00:00,461.625,398.375,563.9236111,71.4375,299.625,272.0625
02/10/2024 00:00,468.1875,413.8125,588.8298611,104.3958333,321.4583333,236.1875
03/10/2024 00:00,479.0625,415.1875,584.3368056,151.375,314.9375,256.5625
04/10/2024 00:00,489.25,402.3125,573.9166667,112.9166667,300.2708333,232.1875
05/10/2024 00:00,492.125,396.6875,582.25,81.22916667,326.3333333,212.375
06/10/2024 00:00,489.8125,400.125,582.4097222,63.64583333,342.1458333,243.5
07/10/2024 00:00,492.5625,404.4375,575.5520833,55.64583333,336.75,238.4375
08/10/2024 00:00,495.875,407,585.21875,52.75,335.6041667,243.0625
09/10/2024 00:00,496.9375,410.25,590.9861111,52.8125,323.0208333,266.4375
10/10/2024 00:00,498.8125,435,598.7734375,71.83333333,340.7916667,238.125
11/10/2024 00:00,505.875,457.1875,609.5112847,70.91666667,377.875,278.4375
12/10/2024 00:00,511.5625,475.1875,608.0972222,57.1875,348.8541667,280.9375
13/10/2024 00:00,518.5,470.625,612.1840278,83.83333333,358.375,246.875
14/10/2024 00:00,524.3125,465.8125,617.7743056,89.14583333,301.6666667,239.0625
15/10/2024 00:00,527.0625,465.0625,616.8888889,70.96527778,290.4791667,180.5
16/10/2024 00:00,529.875,465.25,610.4236111,59.26388889,290.1041667,182.8125
17/10/2024 00:00,530,450.6875,592.3263889,51.64583333,284.5208333,189.5
18/10/2024 00:00,529.375,434.25,580.78125,48,284.0833333,180.1875
19/10/2024 00:00,525.875,418.1875,575.0798611,45.60416667,309.9375,171.75
20/10/2024 00:00,520,408.75,564.4826389,46.25,288.6041667,204.625
21/10/2024 00:00,514,404.5625,562.2152778,51.72916667,303.9583333,235.5
22/10/2024 00:00,508.6875,403.375,564.1631944,52.60416667,326.3958333,273.5
23/10/2024 00:00,506.4375,410.625,582.2604167,77.57291667,348.5416667,299.4375
24/10/2024 00:00,505.875,431.9375,606.1805556,77.09375,339.8541667,289.5625
25/10/2024 00:00,513.625,452.75,618.7881944,64.35416667,342.7083333,282.1875
26/10/2024 00:00,523.9375,457.75,622.2638889,55.39583333,318.8541667,259.6875
27/10/2024 00:00,531.9375,439.3125,624.2048611,51.5625,316.0208333,219.0625
28/10/2024 00:00,536.1875,427.3125,618.9791667,75.29166667,323.5833333,210.8125
29/10/2024 00:00,535,424.125,605.7673611,96.72916667,307.4791667,212.875
30/10/2024 00:00,534.0625,427.4375,594.0555556,65,280.875,185.8125
31/10/2024 00:00,532.8125,422.8125,599.6319444,55.125,303.0208333,162.5
01/11/2024 00:00,529.125,422.1875,603.3402778,60.70833333,312.1041667,224.375
02/11/2024 00:00,528.0625,423.375,595.5795139,93.54166667,316.3541667,213.5625
03/11/2024 00:00,528,418.25,601.2256944,68.16666667,318.5,211
04/11/2024 00:00,527.4375,410.125,597.4895833,62.6875,348.0625,228.3125
05/11/2024 00:00,525.5,412.5625,589.7395833,70.91666667,351.1041667,309.8125
06/11/2024 00:00,523.5,419.625,597.7951389,65.5,315.2725694,263.875
07/11/2024 00:00,522,418.875,620.09375,61.8125,326.6458333,238.625
08/11/2024 00:00,523.3125,414.25,626.3055556,54.54166667,303.8958333,247.1875
09/11/2024 00:00,529.4375,420.75,626.1180556,75.04166667,349.0625,230.9375
10/11/2024 00:00,533.9375,446.875,623.0104167,63.85416667,358.9583333,280.625
11/11/2024 00:00,538.6875,477.4375,620.5,52.1875,392.2916667,333.875
12/11/2024 00:00,544.75,503,632.3541667,51.27083333,385.4583333,359
13/11/2024 00:00,547.1875,517.125,651.4444444,51.41666667,375.9375,349.25
14/11/2024 00:00,553.5625,513.5,666.9201389,56.27083333,368.5833333,339
15/11/2024 00:00,560.9375,501.75,675.2291667,57.02083333,370.6666667,326.1875
16/11/2024 00:00,567,487.6875,678.3263889,73.33333333,377.5833333,310.3125
17/11/2024 00:00,572.3125,480.125,682.6875,110.2916667,379.0416667,329.4375
18/11/2024 00:00,574.5,474.875,691.6631944,96.52083333,361.625,352.1875
19/11/2024 00:00,577.5,470.5,705.7673611,112.9375,387.5208333,331.25
20/11/2024 00:00,580.625,471.375,721.8298611,102.3333333,405.7916667,333.4375
21/11/2024 00:00,586.25,487.75,731.9861111,94.91666667,469.2083333,369.75
22/11/2024 00:00,595.75,498.8125,742.7638889,118.6458333,467.625,410.6875
23/11/2024 00:00,601.0625,505.1875,756.3333333,139.9166667,424.9166667,399.5625
24/11/2024 00:00,607,508.3125,770.09375,103.3958333,431.75,383.125
25/11/2024 00:00,613.5625,523.8125,782.5347222,77.65972222,451.1875,379.75
26/11/2024 00:00,620.9375,527.625,791.4225694,65.71527778,441.25,377.5625
27/11/2024 00:00,626.9375,527.5625,801.2222222,70.14583333,404.3125,370.0625
28/11/2024 00:00,632.0625,521.625,807.4444444,83.875,406.4166667,344.5625
29/11/2024 00:00,638.4375,526.875,813.1180556,86.25,389.4791667,337.75
30/11/2024 00:00,643.9375,523.8125,816.9305556,100.875,409.8125,329.125
01/12/2024 00:00,648.0625,511.1875,818.8263889,74.16666667,366.7291667,317.875
02/12/2024 00:00,651.875,499.5,815.6215278,61.3125,345.4375,277
03/12/2024 00:00,653,487.8125,809.03125,55.875,325.6666667,267
04/12/2024 00:00,654.5,475.8125,797.9722222,78,306.8958333,249.5
05/12/2024 00:00,655.875,465.25,786.6899306,71.30208333,332.3541667,227.625
06/12/2024 00:00,655.0625,454.3125,774.2118056,103.6770833,356.8333333,253.3125
07/12/2024 00:00,654.9375,445.1875,757.9125,87.89583333,336.625,290
08/12/2024 00:00,653.5,432.625,748.8579861,152.9791667,318.9583333,270.5625
09/12/2024 00:00,652,421.25,747.2395833,105.875,352.8333333,237.5625
10/12/2024 00:00,650.5,406.5,738.7326389,82.77083333,320.2916667,251.875
11/12/2024 00:00,648.5,389.5,720.3958333,78.44444444,292.0208333,210.4375
12/12/2024 00:00,645.9375,371.5,708.9965278,69.03472222,292.5,184.25
13/12/2024 00:00,641.375,357.375,685.8888889,113.375,317.0208333,189.75
14/12/2024 00:00,635,352.125,662.9097222,108.875,316.625,215.875
15/12/2024 00:00,628.4375,349.375,648.8498264,182.25,314.7083333,206
16/12/2024 00:00,620.5,344.875,645.2543403,181.5,307.7291667,200
17/12/2024 00:00,612.5,346.9375,630.3883406,133.375,281.875,194.1875
18/12/2024 00:00,604,341.625,612.0742662,121.625,304.1458333,175.25
19/12/2024 00:00,594.4375,333.9375,602.4818376,104.875,317.2916667,199
20/12/2024 00:00,582.9375,336.3125,586.1875,94.125,325.3541667,210.5
21/12/2024 00:00,571,337.75,579.7256944,96.75,328.5,224.0625
22/12/2024 00:00,559.5625,343.875,578.8333333,109.25,341.75,237.5
23/12/2024 00:00,549.5,345.9375,583.71875,114.5,357.2291667,269.1875
24/12/2024 00:00,540.5625,360.75,588.5416667,129.625,349.1041667,296.1875
25/12/2024 00:00,533.625,372.0625,600.8993056,106.75,348.8958333,289.875
26/12/2024 00:00,530.1875,380.1875,622.9409722,93.25,377.3958333,270.375
27/12/2024 00:00,530.625,382.4375,630.4131944,97,381.9583333,310.125
28/12/2024 00:00,533.5,390.3125,622.875,143.25,431.25,356.1875
29/12/2024 00:00,535.3125,394.5,637.9444444,163.125,419.8541667,367.8125
30/12/2024 00:00,534.0625,404.1875,662.5659722,143.75,425.5416667,387.1875
31/12/2024 00:00,535.75,409.5625,671.4513889,195.875,436.1666667,387.5
01/01/2025 00:00,542,419.5,679.0729167,187.875,408.9166667,373.125
02/01/2025 00:00,546.8125,420.8125,683.0625,155.75,409.0208333,356.0625
03/01/2025 00:00,548.5,426.4375,685.96875,160,412.875,353.8125
04/01/2025 00:00,550.5625,426.4375,686.5243056,186.9375,437.375,369.4375
05/01/2025 00:00,552.875,457.5,688.15625,196.5625,460.5,381.6875
06/01/2025 00:00,553.625,475.5,691.81875,160.125,461.9791667,425.75
07/01/2025 00:00,556.5625,494.25,697.84375,115.625,445.8541667,392.8125
08/01/2025 00:00,560.4375,489.9375,705.5451389,108.375,439.6875,371.875
09/01/2025 00:00,563.4375,471.375,709.4965278,99.25,433.6666667,356.5
10/01/2025 00:00,564.9375,463.9375,707.7569444,118.125,424.6666667,347.1875
11/01/2025 00:00,565,458.0625,704.0416667,108.125,409.7708333,336.875
12/01/2025 00:00,565.0625,448.1875,702.7430556,95.625,375.3416667,315.5625
13/01/2025 00:00,565.9375,431.75,699.1805556,94.125,348.1166667,280.75
14/01/2025 00:00,566,420.1875,688.4305556,80.875,344.0416667,255.5
15/01/2025 00:00,565.3125,403.125,671.2777778,70.25,353.7083333,250.625
16/01/2025 00:00,561.625,387.625,648.6597222,69.125,307.875,245.25
17/01/2025 00:00,557.75,376.3125,628.5277778,70,306.875,200.875
18/01/2025 00:00,548.9375,360.75,618.6145833,68.75,324.625,208.625
19/01/2025 00:00,538.5625,352.125,588.1736111,65.875,297.9166667,214.1875
20/01/2025 00:00,527.6875,347.75,577.2430556,61.625,307.3958333,190.5625
21/01/2025 00:00,511.5625,337.125,569.7673611,61.75,293.8125,196.375
22/01/2025 00:00,496.625,331.0625,544.7326389,65.75,318.1458333,181.1875
23/01/2025 00:00,482.75,325.5,536.9513889,64.125,321.1875,207.9375
24/01/2025 00:00,465.75,317,523.5833333,59.125,289.6875,205.9375
25/01/2025 00:00,452.8125,311.9375,536.625,66.625,274.875,176.25
26/01/2025 00:00,437.6875,317.6875,542.3888889,106.125,271.9583333,160.0625
27/01/2025 00:00,428.4375,316.8125,523.28125,154.75,277.0208333,159.25
28/01/2025 00:00,425.625,303.9375,506.2152778,130.375,279.7708333,170.875
29/01/2025 00:00,414.875,297.875,495.3953488,108.375,272.8461538,181.125
30/01/2025 00:00,401,301.5,493.5247901,104.25,299.6931727,179.375
31/01/2025 00:00,388.0625,293,497.4722222,92.5,294.0652174,185
01/02/2025 00:00,378.3125,292,487.125,101,269.1041667,183.75
02/02/2025 00:00,372.75,284.1875,482.4563231,86.375,267.6666667,161.875
03/02/2025 00:00,363.4375,275.5625,475.1124269,67.625,276.3541667,158.375
04/02/2025 00:00,353.125,274,454.6166667,68.625,278.6458333,167.8125
05/02/2025 00:00,342.8125,282.375,439.6340278,65.125,324.1666667,178.9375
06/02/2025 00:00,330,289.1875,440.9826389,60.25,318.75,222.125
07/02/2025 00:00,319.25,301.0625,448.2048611,59.875,323.25,218.1875
08/02/2025 00:00,314.25,294.4375,474.5034722,61.125,327.4166667,219.3125
09/02/2025 00:00,315.8125,289.125,486.4614583,79.75,343.4166667,234.5625
10/02/2025 00:00,322.9375,296.6875,479.7847222,86.9375,343.6458333,243.25
11/02/2025 00:00,327.8125,306.25,486.4652778,96.0625,341.0644156,243.25
12/02/2025 00:00,329,305.9375,502.4583333,95.625,345.2054056,246.6875
13/02/2025 00:00,331.25,309.25,505.6701389,100.5,354.5265928,260.375
14/02/2025 00:00,337.3125,312.9375,514.8197917,166.125,359.3576456,256.5
15/02/2025 00:00,340.5625,316.125,525.6354167,203.125,387.1337118,292.25
16/02/2025 00:00,345.0625,333.4375,526.4930556,192,390.1059507,301.375
17/02/2025 00:00,351.5625,351.875,537.4340278,185.75,390.9429105,304.75
18/02/2025 00:00,359.5,371.8125,547.9756944,181.625,384.7821761,297.3125
19/02/2025 00:00,368.0625,395.9375,549.4861111,152.75,392.2069499,317.3125
20/02/2025 00:00,377.5625,418.125,551.7371528,140.5,392.9756497,323.9375
21/02/2025 00:00,387.375,429.1875,557.4756944,158.125,409.715407,348.1875
22/02/2025 00:00,394.9375,430.3125,570.4756944,203.125,414.352785,346.25
23/02/2025 00:00,401.5625,426.8125,587.7083333,159.25,419.9530895,358.4375
24/02/2025 00:00,410,420.9375,594.7913194,142.875,419.4523278,358.4375
25/02/2025 00:00,418.5625,421.3125,601.5104167,124,428.9425697,375.375
26/02/2025 00:00,427.9375,421.375,609.4618056,125.75,443.576247,396.75
27/02/2025 00:00,436.3125,428.5625,625.09375,164.125,427.6423013,364.4375
28/02/2025 00:00,442.8125,427.75,641.4444444,131,406.5765244,334.125
01/03/2025 00:00,454,431,639.40625,133.25,412.6791184,344.6875
02/03/2025 00:00,463.75,434.3125,629.6041667,122.75,412.8412553,349.5
03/03/2025 00:00,468.4375,432.5,630.6465278,116.125,399.7030201,329.9375
04/03/2025 00:00,470.9375,429.25,631.9333333,122.125,391.2936221,315.3125
05/03/2025 00:00,472.5,420.875,628.8763889,129.5,393.1440698,316.375
06/03/2025 00:00,473.5,410.8125,628.1979167,157.75,406.3702536,331
07/03/2025 00:00,474.5,407.9375,625.5659722,130.5,413.9675925,347.25
08/03/2025 00:00,475.5,415.5625,628.5555556,138,430.6379301,372.5625
09/03/2025 00:00,476,413.75,636.1111111,111.25,420.9206261,360.0625
10/03/2025 00:00,477.625,403.25,646.0138889,105.125,417.8324494,352.8125
11/03/2025 00:00,481.8125,398,645.6909722,115.125,394.4681589,314.4375
12/03/2025 00:00,484.5625,394.8125,644.2638889,187.125,396.1366546,305.4375
13/03/2025 00:00,486.9375,388.8125,640.8958333,197.5,418.9889713,339.0625
14/03/2025 00:00,486.9375,386.875,637.8194444,163.5,414.572662,337.9375
15/03/2025 00:00,486,385.9375,639.2083333,167.625,432.9831746,365.375
16/03/2025 00:00,485.0625,399.9375,640.5625,138.875,424.149707,358.125
17/03/2025 00:00,485.625,405.5625,646.125,173.75,427.9735507,358.3125
18/03/2025 00:00,489.125,411.625,650.3333333,170.625,436.8431772,372.875
19/03/2025 00:00,494.3125,427.5625,653.8958333,156.25,432.7971616,370.9375
20/03/2025 00:00,497.1875,442.25,657.8125,162.875,440.3057474,383.1875
21/03/2025 00:00,502.9375,437.625,661.4166667,165.75,449.9044129,396.5
22/03/2025 00:00,507.9375,437.625,668.25,167.875,449.4759589,394.4375
23/03/2025 00:00,510.9375,450.25,675.5833333,157,422.3594187,354.8125
24/03/2025 00:00,513.125,445.6875,680.5208333,116.125,396.8575108,320.25
25/03/2025 00:00,517.4375,429.6875,676.1458333,103.875,389.8992307,310
26/03/2025 00:00,519.875,417.0625,668.1666667,93.25,385.127709,304
27/03/2025 00:00,519.375,408,663.8958333,96.875,372.5138971,283.25
28/03/2025 00:00,516.5625,401.3125,658.7291667,117.875,377.4561375,287.375
29/03/2025 00:00,514.5,397.6875,653.2708333,117.75,391.9850922,310.3125
30/03/2025 00:00,512.4375,399.5625,651.1458333,110.75,406.1937445,334.0625
31/03/2025 00:00,510.125,407.5625,656.5625,147.75,415.5153565,342.6875
01/04/2025 00:00,510.0625,417.0625,660.9375,234.5,445.9321059,376.625
02/04/2025 00:00,511.625,425.4375,663.25,207.25,439.8251993,372.4375
03/04/2025 00:00,515.4375,423.875,672.7916667,170.625,442.8635976,381.125
04/04/2025 00:00,518.4375,436.875,679.8541667,156.5,434.0386011,370.5
05/04/2025 00:00,520.625,441.4375,685.7083333,189.875,431.3496108,360.6875
06/04/2025 00:00,524.5,444.4375,687.1041667,195,428.4018974,355.6875
07/04/2025 00:00,528.9375,453.4375,688.25,175.875,435.082275,370.5
08/04/2025 00:00,532.5625,453.3125,685.75,135,445.4458297,393.75
09/04/2025 00:00,536.5,460.0625,693.125,143.25,448.2208096,396.5625
10/04/2025 00:00,541,471,700.6666667,161.625,450.2140368,397.1875
11/04/2025 00:00,545.4375,483.25,707.4583333,153,470.8424401,431.375
12/04/2025 00:00,548.5625,502.5625,712.5,143.5,466.8498661,428.875
13/04/2025 00:00,553.125,529.1875,719.5625,154.125,457.2735486,415.3125
14/04/2025 00:00,559.9375,539.0625,726,126,445.8667974,402.75
15/04/2025 00:00,566.4375,535.125,730.3125,115.625,436.2034409,388.3125
16/04/2025 00:00,571.5,519.625,731.8125,107.75,430.6302339,378.5
17/04/2025 00:00,575.4375,503.4375,732.1666667,111.625,418.6152906,356.875
18/04/2025 00:00,578.5,486.0625,731.6041667,132.125,422.6922246,357.5
19/04/2025 00:00,580.9375,469.4375,715.1666667,129.5,400.770537,324.625
20/04/2025 00:00,581.9375,465.0625,722.4375,145,395.5704756,312.0625
21/04/2025 00:00,582,468.0625,723.6458333,127.75,413.0640682,342.1875
22/04/2025 00:00,583.6875,470.8125,721.7916667,129.25,428.0536816,366.0625
23/04/2025 00:00,587.8125,470.6875,725.0416667,147.875,425.1758655,358.1875
24/04/2025 00:00,588.5625,471.4375,724.8125,209.875,423.7811943,346.3125
25/04/2025 00:00,590.5,474,725.4583333,169.375,430.1284168,363
26/04/2025 00:00,593.125,477.125,727.0416667,179.625,439.4862736,376.1875
27/04/2025 00:00,596.875,481.875,729.0833333,212,468.1886467,416.0625
28/04/2025 00:00,598.625,494.125,732.6875,248.375,474.812831,421.8125
29/04/2025 00:00,602.5,501.8125,739.7916667,244.375,479.3437269,429.5
30/04/2025 00:00,606.5,519.375,746.8125,235.625,482.1051499,436.75
01/05/2025 00:00,611.0625,532.6875,770.625,202.5,484.9164055,444.125
02/05/2025 00:00,617.5625,550.6875,762.8125,189,483.6984014,449
03/05/2025 00:00,624.9375,559.875,769.8958333,164.25,484.858238,455.1875
04/05/2025 00:00,630.375,564.8125,776.5416667,175.875,493.1402095,465.9375
05/05/2025 00:00,634.0625,573.875,787.8541667,155.25,490.7462437,464.9375
06/05/2025 00:00,639,574,790.6666667,152.5,493.3374934,469.125
07/05/2025 00:00,644.5625,582,800.9375,129.625,495.906537,476.3125
08/05/2025 00:00,650.9375,593.5625,806.6041667,127.75,497.3519599,479.875
09/05/2025 00:00,655.5,605.875,818.2708333,136.75,498.2262725,479.6875
10/05/2025 00:00,660,614.3125,825.8958333,127.375,493.2672807,473.5625
11/05/2025 00:00,664.4375,616.6875,826.4791667,132.25,486.6509919,463
12/05/2025 00:00,667.625,608.1875,839.8333333,240.375,476.3721897,426.0625
13/05/2025 00:00,672.3125,589.625,834.6458333,241.875,445.466119,376.25
14/05/2025 00:00,675.125,573.875,832,191.375,425.0120014,350.8125
15/05/2025 00:00,679.5,566.3125,833.375,152.375,417.0998734,343.5625
16/05/2025 00:00,684.0625,559.25,835.7708333,183.375,421.4680791,344.0625
17/05/2025 00:00,689.375,559.625,847.9166667,195.625,438.4076638,366.375
18/05/2025 00:00,693,565.1875,835.8958333,186.625,468.6066156,418
19/05/2025 00:00,696.5625,581.8125,850.875,182.75,475.3393572,428.9375
20/05/2025 00:00,701,596.0625,845.2083333,182.125,477.2016104,435.4375
21/05/2025 00:00,706,602.875,848.0625,181.25,478.7589702,438.75
22/05/2025 00:00,710.4375,604.75,846.1041667,172,483.2770831,448.125
23/05/2025 00:00,713.5,599.0625,881.1666667,164,487.7380848,448.875
24/05/2025 00:00,715.9375,591,867.4375,186.375,470.9370776,420.75
25/05/2025 00:00,717.5,581.875,864.6041667,191,446.8171355,381.8125
26/05/2025 00:00,719,571.5,866.2708333,165.375,423.2850741,347.5625
27/05/2025 00:00,720.5,562.5,866.4791667,157.25,406.6387425,321.6875
28/05/2025 00:00,722.5,555.5,874.4583333,155.125,407.9578728,321.5625
29/05/2025 00:00,724,547.4375,861.7291667,159.625,398.3340808,307.1875
30/05/2025 00:00,725.5,534.9375,859.4583333,193.125,389.4040555,286.5625
31/05/2025 00:00,727.5625,521.125,874.2708333,270.875,405.5930132,294.375
01/06/2025 00:00,729.8125,520.125,856.0833333,384.375,410.0298393,286.5625
02/06/2025 00:00,729.625,519.1875,862.6875,352.75,391.1656147,260.9375
03/06/2025 00:00,731,521.5625,835.6875,294.875,382.9121747,263
04/06/2025 00:00,731.875,514.75,817.1666667,271.875,388.0898511,277.25
05/06/2025 00:00,731,517.375,810.6666667,247.375,398.3903333,298.75
06/06/2025 00:00,730.125,525.375,811.4583333,332.75,407.323442,300
07/06/2025 00:00,730.9375,533,820.9583333,281.25,407.8450821,308.4375
08/06/2025 00:00,731,536.625,803.2708333,201.75,409.796156,328.125
09/06/2025 00:00,730.9375,537.8125,801.875,212.75,405.8053594,320.625
10/06/2025 00:00,730.0625,534.0625,799.4583333,209.625,421.4227723,345.1875
11/06/2025 00:00,730.0625,537.3125,799.4583333,188.875,418.114618,343.875
12/06/2025 00:00,731.5625,558.4375,802.0625,214.375,430.4360902,361.75
13/06/2025 00:00,734.4375,570.9375,810.4583333,187.375,435.4931254,374.375
14/06/2025 00:00,736.5625,579.5,814.7708333,179.25,459.6535342,413.75
15/06/2025 00:00,739.4375,588.4375,814.5833333,208.125,473.1065576,431.5625
16/06/2025 00:00,741,596.75,816.1875,181.625,467.1164761,427.5625
17/06/2025 00:00,742,598.3125,819.7291667,197.125,452.9256998,402.6875
18/06/2025 00:00,743.5,592.9375,817.7291667,260.25,464.9486807,410.875
19/06/2025 00:00,745,584,826.9375,243.75,440.0030719,371.75
20/06/2025 00:00,746,572.75,836.7708333,257,417.4798754,331.125
21/06/2025 00:00,747,557.75,830.2916667,230.125,404.3701797,314.0625
22/06/2025 00:00,748.5,547.75,830.125,193.9375,383.9585088,286.75
23/06/2025 00:00,750.5,542.25,836.1666667,188.875,399.5760595,309.875
24/06/2025 00:00,752.5,546.6875,823.6041667,215.4375,438.0909673,368.5625
25/06/2025 00:00,754.4375,560.375,835.4166667,243.5,440.2915726,367.4375
26/06/2025 00:00,755.0625,570.8125,820.3125,190.375,416.6580625,343.8125
27/06/2025 00:00,755.9375,573.625,826.3125,232.25,407.4640433,322.1875
28/06/2025 00:00,756.625,569.3125,817.8958333,218.875,397.1917396,309.375
29/06/2025 00:00,758.875,571.25,814.375,221.5,383.6646938,289.0625
30/06/2025 00:00,759.0625,555.25,808.3541667,300.625,392.6614858,289.0625
01/07/2025 00:00,759.9375,537.1875,803.8541667,360.25,390.5504304,274.375
02/07/2025 00:00,759.9375,524.8125,789.6458333,381.75,381.1605368,257.1875
03/07/2025 00:00,759.0625,509,779.5625,400.375,396.4521104,277.375
04/07/2025 00:00,759.0625,505.75,769.4791667,310,398.2244252,296
05/07/2025 00:00,760,498.9375,777.7708333,211.875,396.3139985,306.125
06/07/2025 00:00,760.875,475.5625,762.5,183.125,407.504034,327.4375
07/07/2025 00:00,760,485.875,761.2916667,169.5,402.8162396,324.125
08/07/2025 00:00,759,475.5,759.8125,172.5,401.2682493,319.875
09/07/2025 00:00,757.5,465.75,755.7291667,208.625,401.3956887,313.5
10/07/2025 00:00,755.5,461.125,749.75,219,395.5621235,303.125
11/07/2025 00:00,753.5,466,745.2083333,234.375,392.3363147,297.1875
12/07/2025 00:00,752,469.3125,740.625,356.75,398.9410609,289.1875
13/07/2025 00:00,750.375,465.75,725.8541667,427.375,384.0076076,256.9375
14/07/2025 00:00,746.625,474.1875,725.7916667,272.875,363.290629,250.625
15/07/2025 00:00,744.4375,487.1875,720.625,200.625,370.4639564,276.1875
16/07/2025 00:00,742.0625,489.3125,710.8333333,168.625,376.1774308,292.25
17/07/2025 00:00,740.375,481.3125,711.5833333,161.625,368.663665,280.25
18/07/2025 00:00,736,467.9375,709.7916667,241.8125,382.0480323,286.25
19/07/2025 00:00,731.5625,453.8125,702.7083333,372.5625,387.5332368,272.8125
20/07/2025 00:00,727.9375,437.75,697.1666667,220.25,366.2214985,262.5
21/07/2025 00:00,723,430.1875,689.1875,189,355.2722523,250.625
22/07/2025 00:00,718,429.625,679.8958333,164.5,354.2350998,254.375
23/07/2025 00:00,713.5,427.9375,669.4791667,169.875,349.1814324,247.1875
24/07/2025 00:00,708.9375,425.25,667.0625,206.375,339.3592459,225.9375
25/07/2025 00:00,703.5625,424.375,661.9375,178.75,339.0420691,230.4375
26/07/2025 00:00,698.9375,420.0625,650.7708333,151.75,341.7855024,240.25
27/07/2025 00:00,693,418.375,648.2916667,159.875,340.7430908,237.25
28/07/2025 00:00,687.0625,427.25,645.375,156.625,325.3336267,215.5
29/07/2025 00:00,682.375,445,638.0833333,154.625,314.8736514,203.5
30/07/2025 00:00,676.125,453.5625,631.5625,177.625,304.3035139,185.6875
31/07/2025 00:00,670.5,460.3125,623.0833333,147.5,301.7567818,188.9375
01/08/2025 00:00,664.9375,471.125,608.6875,125.375,292.8518955,182.8125
02/08/2025 00:00,658.4375,474.125,605.1875,154.125,320.2776718,221.5625
03/08/2025 00:00,650.5,468.8125,603.5208333,201.25,319.0660018,211.25
04/08/2025 00:00,643.625,466.1875,611.0833333,241.625,326.6611929,214.375
05/08/2025 00:00,639.5625,471.25,610.1458333,189.625,311.5465561,200
06/08/2025 00:00,636,473.6875,608.9375,152.75,294.1726472,179.375
07/08/2025 00:00,632.5625,479.8125,602.3333333,160.125,283.1408616,163.125
08/08/2025 00:00,631,493.1875,585.4791667,206.375,308.1147808,199.6875
09/08/2025 00:00,629.4375,504.25,575.7916667,204.5,304.8668975,198.4375
10/08/2025 00:00,626.9375,509.4375,581.1458333,201.125,310.9914871,208.125
11/08/2025 00:00,623.625,505.125,582.6041667,169.25,324.7038535,233.375
12/08/2025 00:00,622.125,492.3125,583.5833333,177.5,334.9785212,245.75
13/08/2025 00:00,622.375,485.4375,589.5625,181.625,335.6911625,244
14/08/2025 00:00,620.5,477.5625,594.6041667,154.25,320.275585,222.1875
15/08/2025 00:00,619.125,473.875,595.1875,208.25,340.8307506,244.6875
16/08/2025 00:00,619.9375,464.375,591.0625,187.125,374.1210952,299.0625
17/08/2025 00:00,619.4375,468.6875,599.375,148.625,391.5608481,331.3125
18/08/2025 00:00,618.125,467.625,617.625,133.25,361.6355236,283.625
19/08/2025 00:00,619.1875,481.25,634.7291667,139.625,335.5,288.5
20/08/2025 00:00,623.9375,489,629.6666667,135.375,330.5,262.75
21/08/2025 00:00,627.75,472.875,628.6041667,129.25,370.3958333,250.5
22/08/2025 00:00,627.625,460.6875,626,122.625,382.0833333,294.0625
23/08/2025 00:00,627.75,469.75,623.0833333,128.75,369.0208333,297.4375
24/08/2025 00:00,624.25,471.1875,628.8541667,151.75,356.4545455,282.75
25/08/2025 00:00,624.875,485.25,634.0208333,191.375,345.7954545,256.5625
26/08/2025 00:00,624.125,471.9375,634.0625,197.875,320.3409091,241.75
27/08/2025 00:00,624.9375,466.4375,631.0625,326.625,294.6875,210.9375
28/08/2025 00:00,624.9375,460.4375,626.1041667,279.25,299,192.8125
29/08/2025 00:00,623.5,453.4375,613.2708333,217.625,299.875,194.0625
30/08/2025 00:00,621.4375,442.25,595.8333333,173.125,316.3846154,190.9375
31/08/2025 00:00,617.875,431.5625,584.5833333,147.875,309.8181818,206
01/09/2025 00:00,611.5,414.0625,575.2708333,152.875,293.4166667,193.9375
02/09/2025 00:00,604.5,400.6875,573.6041667,201,322.3125,184.375
03/09/2025 00:00,598.0625,406.375,570.1458333,175.625,349,217.8125
04/09/2025 00:00,593.5625,423.5018076,562.3958333,180.625,335.3125,240
05/09/2025 00:00,591.125,417.2946284,571.5625,172.875,336.3125,225.3125
06/09/2025 00:00,591,453.5625,585.9166667,148.75,319.625,231.875
07/09/2025 00:00,592.1875,479.875,589.375,141.125,334.6458333,234.8125
08/09/2025 00:00,596.5,483.25,591.9375,145.5,351.0625,280.9375
09/09/2025 00:00,600.375,496.8125,598.4791667,121.625,333.2083333,289.875
10/09/2025 00:00,602.5625,499.9375,612.2083333,126,297.2708333,248.375
11/09/2025 00:00,605.5,493.375,621.9791667,150.75,291.3125,203.5625
12/09/2025 00:00,608.5625,485.25,619.8958333,143,300.4791667,201.8125
13/09/2025 00:00,611.8125,473.4375,613.7916667,145.125,322.0208333,203
14/09/2025 00:00,611.4375,446.625,605.25,140,324.9375,215.875
15/09/2025 00:00,609.375,433.4375,596.4583333,133.75,333.1363636,233.125
16/09/2025 00:00,605.5625,421.875,594.1458333,146,312.5625,212.75
17/09/2025 00:00,602.5,416.25,596.375,132.25,298.5,203.875
18/09/2025 00:00,600.0625,408.625,591.5,118.125,322.6041667,195.9375
19/09/2025 00:00,598.4375,402.4375,585.0625,121.375,375.1666667,269.375
20/09/2025 00:00,595.6875,393.5625,581.8958333,118.75,367.1875,292.5625
21/09/2025 00:00,592.75,387.8125,600.8333333,138.5,357.75,269.875
22/09/2025 00:00,587.1875,390.5,613.5625,114.25,343.8125,255.375
23/09/2025 00:00,587.0625,383,614,135.375,325.9583333,233.6875
24/09/2025 00:00,588,373.0625,611.5416667,132.125,311.5833333,213.6875
25/09/2025 00:00,589,372.875,605.7916667,145.125,330.25,207.125
26/09/2025 00:00,589.3125,387.0625,598.6458333,149.125,324.6458333,233.5
27/09/2025 00:00,586.5,406.125,593.8958333,137.625,320.1458333,216.625
28/09/2025 00:00,584.875,410.75,595.5,108.5,357.6666667,235.625
29/09/2025 00:00,581.625,406.9375,598.5625,98.125,348.7291667,261.875
30/09/2025 00:00,578.5625,399.25,600.3958333,106.75,336.125,253
01/10/2025 00:00,576.5,390.125,607.625,112.375,367.6041667,281.625
02/10/2025 00:00,575.0625,398.625,615.25,110.125,397.4583333,276.875
03/10/2025 00:00,575.0625,411.0625,619.9583333,137.5,378.6666667,302.5
04/10/2025 00:00,576.5,426.9375,622.9166667,170.25,361,288.1875
05/10/2025 00:00,578.5625,440.3125,630.0208333,120.125,371.2083333,271.625
06/10/2025 00:00,581.75,457.125,635.75,105.875,383.0625,289.4375
07/10/2025 00:00,587.3125,471.1875,638.8125,101,356.6458333,301
08/10/2025 00:00,590.4375,475.8125,645.5208333,110.75,360.9583333,263.3125
09/10/2025 00:00,593.5,471.75,651.2291667,114,373.3541667,296.5625
10/10/2025 00:00,596.5625,463.5625,649.4375,111.375,393.9583333,291
11/10/2025 00:00,600.375,459.75,654.2291667,123,406.25,316.4375
12/10/2025 00:00,601.9375,449.25,661.3541667,154.375,430.7083333,339.6875
13/10/2025 00:00,602.5625,457,668.7291667,173,419.875,379.375
14/10/2025 00:00,604.625,463.75,683.9166667,184.375,382.9583333,359.0625
15/10/2025 00:00,608.4375,471,703.9166667,136.125,385.1875,324.1875
16/10/2025 00:00,612.6875,474.8125,709.1458333,126,402.8125,323
17/10/2025 00:00,619.875,477.75,708.4375,115.125,413.9375,344.5625
18/10/2025 00:00,624.4375,475.75,712.9166667,130.75,422.6458333,330.75
19/10/2025 00:00,626.9375,467.4375,715.5625,122.25,408.8333333,335.625
20/10/2025 00:00,629.3125,465.75,717.4583333,109.875,440.4375,323.125
21/10/2025 00:00,630.3125,468.375,727.9375,115.125,380.3333333,345.0625
22/10/2025 00:00,634.4375,470.375,733.1666667,113.375,377.4166667,296.5625
23/10/2025 00:00,637.5,465.3125,740.3125,123.125,382.2916667,332.3125
24/10/2025 00:00,640.5,464.375,741.0833333,122.875,417.3125,308.875
25/10/2025 00:00,643.4375,469.3125,743.1458333,114.5,453.1458333,356.1875
26/10/2025 00:00,645.125,471.9375,747.3541667,118,466.4583333,395
27/10/2025 00:00,649.625,469.625,760.2708333,146.375,426.4375,384.6875
28/10/2025 00:00,656.75,479.5625,764.7916667,189.125,445.9166667,370.8125
29/10/2025 00:00,659.625,504.625,773.5208333,151.25,441.9375,367.3125
30/10/2025 00:00,664,518.5625,784.6875,119.375,442.0625,382
31/10/2025 00:00,669,531.25,797.7916667,108,426.9791667,380
01/11/2025 00:00,671.9375,537.1875,800.9583333,103.875,413.9375,368.9375
02/11/2025 00:00,675.0625,535.125,792.875,98.5,387.0625,314.625
03/11/2025 00:00,680.375,530.25,803.1458333,102.875,389.5416667,297.3125
04/11/2025 00:00,682.5,522.0625,800.8333333,115.375,406.1458333,313.75
05/11/2025 00:00,685.5625,515.5,799.3541667,119,426.6458333,335.9375
06/11/2025 00:00,689.4375,511,805.75,127.875,438.0833333,368.8125
07/11/2025 00:00,691.5,507.0625,809.0208333,112.375,425.125,369.125
08/11/2025 00:00,693.5625,500.3125,805.7708333,112.75,431.0833333,339.375
09/11/2025 00:00,697,481.8125,801.8958333,124,412.5,322.5625
10/11/2025 00:00,699.9375,469,810.0625,146.375,414.6875,315.6875
